time,l_leg_hip_yaw_joint,l_leg_hip_roll_joint,l_leg_hip_pitch_joint,l_leg_knee_joint,l_leg_ankle_pitch_joint,l_leg_ankle_roll_joint,r_leg_hip_yaw_joint,r_leg_hip_roll_joint,r_leg_hip_pitch_joint,r_leg_knee_joint,r_leg_ankle_pitch_joint,r_leg_ankle_roll_joint
0,0,0,0,0,0,0,0,0,0,0,0,0
0.005,0.0015,0,0,0,0,0,0,0,0,0,0,0
0.01,0.003,0,0,0,0,0,0,0,0,0,0,0
0.015,0.0045,0,0,0,0,0,0,0,0,0,0,0
0.02,0.006,0,0,0,0,0,0,0,0,0,0,0
0.025,0.0075,0,0,0,0,0,0,0,0,0,0,0
0.03,0.009,0,0,0,0,0,0,0,0,0,0,0
0.035,0.0105,0,0,0,0,0,0,0,0,0,0,0
0.04,0.012,0,0,0,0,0,0,0,0,0,0,0
0.045,0.0135,0,0,0,0,0,0,0,0,0,0,0
0.05,0.015,0,0,0,0,0,0,0,0,0,0,0
0.055,0.0165,0,0,0,0,0,0,0,0,0,0,0
0.06,0.018,0,0,0,0,0,0,0,0,0,0,0
0.065,0.0195,0,0,0,0,0,0,0,0,0,0,0
0.07,0.021,0,0,0,0,0,0,0,0,0,0,0
0.075,0.0225,0,0,0,0,0,0,0,0,0,0,0
0.08,0.024,0,0,0,0,0,0,0,0,0,0,0
0.085,0.0255,0,0,0,0,0,0,0,0,0,0,0
0.09,0.027,0,0,0,0,0,0,0,0,0,0,0
0.095,0.0285,0,0,0,0,0,0,0,0,0,0,0
0.1,0.03,0,0,0,0,0,0,0,0,0,0,0
0.105,0.0315,0,0,0,0,0,0,0,0,0,0,0
0.11,0.033,0,0,0,0,0,0,0,0,0,0,0
0.115,0.0345,0,0,0,0,0,0,0,0,0,0,0
0.12,0.036,0,0,0,0,0,0,0,0,0,0,0
0.125,0.0375,0,0,0,0,0,0,0,0,0,0,0
0.13,0.039,0,0,0,0,0,0,0,0,0,0,0
0.135,0.0405,0,0,0,0,0,0,0,0,0,0,0
0.14,0.042,0,0,0,0,0,0,0,0,0,0,0
0.145,0.0435,0,0,0,0,0,0,0,0,0,0,0
0.15,0.045,0,0,0,0,0,0,0,0,0,0,0
0.155,0.0465,0,0,0,0,0,0,0,0,0,0,0
0.16,0.048,0,0,0,0,0,0,0,0,0,0,0
0.165,0.0495,0,0,0,0,0,0,0,0,0,0,0
0.17,0.051,0,0,0,0,0,0,0,0,0,0,0
0.175,0.0525,0,0,0,0,0,0,0,0,0,0,0
0.18,0.054,0,0,0,0,0,0,0,0,0,0,0
0.185,0.0555,0,0,0,0,0,0,0,0,0,0,0
0.19,0.057,0,0,0,0,0,0,0,0,0,0,0
0.195,0.0585,0,0,0,0,0,0,0,0,0,0,0
0.2,0.06,0,0,0,0,0,0,0,0,0,0,0
0.205,0.0615,0,0,0,0,0,0,0,0,0,0,0
0.21,0.063,0,0,0,0,0,0,0,0,0,0,0
0.215,0.0645,0,0,0,0,0,0,0,0,0,0,0
0.22,0.066,0,0,0,0,0,0,0,0,0,0,0
0.225,0.0675,0,0,0,0,0,0,0,0,0,0,0
0.23,0.069,0,0,0,0,0,0,0,0,0,0,0
0.235,0.0705,0,0,0,0,0,0,0,0,0,0,0
0.24,0.072,0,0,0,0,0,0,0,0,0,0,0
0.245,0.0735,0,0,0,0,0,0,0,0,0,0,0
0.25,0.075,0,0,0,0,0,0,0,0,0,0,0
0.255,0.0765,0,0,0,0,0,0,0,0,0,0,0
0.26,0.078,0,0,0,0,0,0,0,0,0,0,0
0.265,0.0795,0,0,0,0,0,0,0,0,0,0,0
0.27,0.081,0,0,0,0,0,0,0,0,0,0,0
0.275,0.0825,0,0,0,0,0,0,0,0,0,0,0
0.28,0.084,0,0,0,0,0,0,0,0,0,0,0
0.285,0.0855,0,0,0,0,0,0,0,0,0,0,0
0.29,0.087,0,0,0,0,0,0,0,0,0,0,0
0.295,0.0885,0,0,0,0,0,0,0,0,0,0,0
0.3,0.09,0,0,0,0,0,0,0,0,0,0,0
0.305,0.0915,0,0,0,0,0,0,0,0,0,0,0
0.31,0.093,0,0,0,0,0,0,0,0,0,0,0
0.315,0.0945,0,0,0,0,0,0,0,0,0,0,0
0.32,0.096,0,0,0,0,0,0,0,0,0,0,0
0.325,0.0975,0,0,0,0,0,0,0,0,0,0,0
0.33,0.099,0,0,0,0,0,0,0,0,0,0,0
0.335,0.1005,0,0,0,0,0,0,0,0,0,0,0
0.34,0.102,0,0,0,0,0,0,0,0,0,0,0
0.345,0.1035,0,0,0,0,0,0,0,0,0,0,0
0.35,0.105,0,0,0,0,0,0,0,0,0,0,0
0.355,0.1065,0,0,0,0,0,0,0,0,0,0,0
0.36,0.108,0,0,0,0,0,0,0,0,0,0,0
0.365,0.1095,0,0,0,0,0,0,0,0,0,0,0
0.37,0.111,0,0,0,0,0,0,0,0,0,0,0
0.375,0.1125,0,0,0,0,0,0,0,0,0,0,0
0.38,0.114,0,0,0,0,0,0,0,0,0,0,0
0.385,0.1155,0,0,0,0,0,0,0,0,0,0,0
0.39,0.117,0,0,0,0,0,0,0,0,0,0,0
0.395,0.1185,0,0,0,0,0,0,0,0,0,0,0
0.4,0.12,0,0,0,0,0,0,0,0,0,0,0
0.405,0.1215,0,0,0,0,0,0,0,0,0,0,0
0.41,0.123,0,0,0,0,0,0,0,0,0,0,0
0.415,0.1245,0,0,0,0,0,0,0,0,0,0,0
0.42,0.126,0,0,0,0,0,0,0,0,0,0,0
0.425,0.1275,0,0,0,0,0,0,0,0,0,0,0
0.43,0.129,0,0,0,0,0,0,0,0,0,0,0
0.435,0.1305,0,0,0,0,0,0,0,0,0,0,0
0.44,0.132,0,0,0,0,0,0,0,0,0,0,0
0.445,0.1335,0,0,0,0,0,0,0,0,0,0,0
0.45,0.135,0,0,0,0,0,0,0,0,0,0,0
0.455,0.1365,0,0,0,0,0,0,0,0,0,0,0
0.46,0.138,0,0,0,0,0,0,0,0,0,0,0
0.465,0.1395,0,0,0,0,0,0,0,0,0,0,0
0.47,0.141,0,0,0,0,0,0,0,0,0,0,0
0.475,0.1425,0,0,0,0,0,0,0,0,0,0,0
0.48,0.144,0,0,0,0,0,0,0,0,0,0,0
0.485,0.1455,0,0,0,0,0,0,0,0,0,0,0
0.49,0.147,0,0,0,0,0,0,0,0,0,0,0
0.495,0.1485,0,0,0,0,0,0,0,0,0,0,0
0.5,0.15,0,0,0,0,0,0,0,0,0,0,0
0.505,0.1515,0,0,0,0,0,0,0,0,0,0,0
0.51,0.153,0,0,0,0,0,0,0,0,0,0,0
0.515,0.1545,0,0,0,0,0,0,0,0,0,0,0
0.52,0.156,0,0,0,0,0,0,0,0,0,0,0
0.525,0.1575,0,0,0,0,0,0,0,0,0,0,0
0.53,0.159,0,0,0,0,0,0,0,0,0,0,0
0.535,0.1605,0,0,0,0,0,0,0,0,0,0,0
0.54,0.162,0,0,0,0,0,0,0,0,0,0,0
0.545,0.1635,0,0,0,0,0,0,0,0,0,0,0
0.55,0.165,0,0,0,0,0,0,0,0,0,0,0
0.555,0.1665,0,0,0,0,0,0,0,0,0,0,0
0.56,0.168,0,0,0,0,0,0,0,0,0,0,0
0.565,0.1695,0,0,0,0,0,0,0,0,0,0,0
0.57,0.171,0,0,0,0,0,0,0,0,0,0,0
0.575,0.1725,0,0,0,0,0,0,0,0,0,0,0
0.58,0.174,0,0,0,0,0,0,0,0,0,0,0
0.585,0.1755,0,0,0,0,0,0,0,0,0,0,0
0.59,0.177,0,0,0,0,0,0,0,0,0,0,0
0.595,0.1785,0,0,0,0,0,0,0,0,0,0,0
0.6,0.18,0,0,0,0,0,0,0,0,0,0,0
0.605,0.1815,0,0,0,0,0,0,0,0,0,0,0
0.61,0.183,0,0,0,0,0,0,0,0,0,0,0
0.615,0.1845,0,0,0,0,0,0,0,0,0,0,0
0.62,0.186,0,0,0,0,0,0,0,0,0,0,0
0.625,0.1875,0,0,0,0,0,0,0,0,0,0,0
0.63,0.189,0,0,0,0,0,0,0,0,0,0,0
0.635,0.1905,0,0,0,0,0,0,0,0,0,0,0
0.64,0.192,0,0,0,0,0,0,0,0,0,0,0
0.645,0.1935,0,0,0,0,0,0,0,0,0,0,0
0.65,0.195,0,0,0,0,0,0,0,0,0,0,0
0.655,0.1965,0,0,0,0,0,0,0,0,0,0,0
0.66,0.198,0,0,0,0,0,0,0,0,0,0,0
0.665,0.1995,0,0,0,0,0,0,0,0,0,0,0
0.67,0.201,0,0,0,0,0,0,0,0,0,0,0
0.675,0.2025,0,0,0,0,0,0,0,0,0,0,0
0.68,0.204,0,0,0,0,0,0,0,0,0,0,0
0.685,0.2055,0,0,0,0,0,0,0,0,0,0,0
0.69,0.207,0,0,0,0,0,0,0,0,0,0,0
0.695,0.2085,0,0,0,0,0,0,0,0,0,0,0
0.7,0.21,0,0,0,0,0,0,0,0,0,0,0
0.705,0.2115,0,0,0,0,0,0,0,0,0,0,0
0.71,0.213,0,0,0,0,0,0,0,0,0,0,0
0.715,0.2145,0,0,0,0,0,0,0,0,0,0,0
0.72,0.216,0,0,0,0,0,0,0,0,0,0,0
0.725,0.2175,0,0,0,0,0,0,0,0,0,0,0
0.73,0.219,0,0,0,0,0,0,0,0,0,0,0
0.735,0.2205,0,0,0,0,0,0,0,0,0,0,0
0.74,0.222,0,0,0,0,0,0,0,0,0,0,0
0.745,0.2235,0,0,0,0,0,0,0,0,0,0,0
0.75,0.225,0,0,0,0,0,0,0,0,0,0,0
0.755,0.2265,0,0,0,0,0,0,0,0,0,0,0
0.76,0.228,0,0,0,0,0,0,0,0,0,0,0
0.765,0.2295,0,0,0,0,0,0,0,0,0,0,0
0.77,0.231,0,0,0,0,0,0,0,0,0,0,0
0.775,0.2325,0,0,0,0,0,0,0,0,0,0,0
0.78,0.234,0,0,0,0,0,0,0,0,0,0,0
0.785,0.2355,0,0,0,0,0,0,0,0,0,0,0
0.79,0.237,0,0,0,0,0,0,0,0,0,0,0
0.795,0.2385,0,0,0,0,0,0,0,0,0,0,0
0.8,0.24,0,0,0,0,0,0,0,0,0,0,0
0.805,0.2415,0,0,0,0,0,0,0,0,0,0,0
0.81,0.243,0,0,0,0,0,0,0,0,0,0,0
0.815,0.2445,0,0,0,0,0,0,0,0,0,0,0
0.82,0.246,0,0,0,0,0,0,0,0,0,0,0
0.825,0.2475,0,0,0,0,0,0,0,0,0,0,0
0.83,0.249,0,0,0,0,0,0,0,0,0,0,0
0.835,0.2505,0,0,0,0,0,0,0,0,0,0,0
0.84,0.252,0,0,0,0,0,0,0,0,0,0,0
0.845,0.2535,0,0,0,0,0,0,0,0,0,0,0
0.85,0.255,0,0,0,0,0,0,0,0,0,0,0
0.855,0.2565,0,0,0,0,0,0,0,0,0,0,0
0.86,0.258,0,0,0,0,0,0,0,0,0,0,0
0.865,0.2595,0,0,0,0,0,0,0,0,0,0,0
0.87,0.261,0,0,0,0,0,0,0,0,0,0,0
0.875,0.2625,0,0,0,0,0,0,0,0,0,0,0
0.88,0.264,0,0,0,0,0,0,0,0,0,0,0
0.885,0.2655,0,0,0,0,0,0,0,0,0,0,0
0.89,0.267,0,0,0,0,0,0,0,0,0,0,0
0.895,0.2685,0,0,0,0,0,0,0,0,0,0,0
0.9,0.27,0,0,0,0,0,0,0,0,0,0,0
0.905,0.2715,0,0,0,0,0,0,0,0,0,0,0
0.91,0.273,0,0,0,0,0,0,0,0,0,0,0
0.915,0.2745,0,0,0,0,0,0,0,0,0,0,0
0.92,0.276,0,0,0,0,0,0,0,0,0,0,0
0.925,0.2775,0,0,0,0,0,0,0,0,0,0,0
0.93,0.279,0,0,0,0,0,0,0,0,0,0,0
0.935,0.2805,0,0,0,0,0,0,0,0,0,0,0
0.94,0.282,0,0,0,0,0,0,0,0,0,0,0
0.945,0.2835,0,0,0,0,0,0,0,0,0,0,0
0.95,0.285,0,0,0,0,0,0,0,0,0,0,0
0.955,0.2865,0,0,0,0,0,0,0,0,0,0,0
0.96,0.288,0,0,0,0,0,0,0,0,0,0,0
0.965,0.2895,0,0,0,0,0,0,0,0,0,0,0
0.97,0.291,0,0,0,0,0,0,0,0,0,0,0
0.975,0.2925,0,0,0,0,0,0,0,0,0,0,0
0.98,0.294,0,0,0,0,0,0,0,0,0,0,0
0.985,0.2955,0,0,0,0,0,0,0,0,0,0,0
0.99,0.297,0,0,0,0,0,0,0,0,0,0,0
0.995,0.2985,0,0,0,0,0,0,0,0,0,0,0
1,0.3,0,0,0,0,0,0,0,0,0,0,0
1.005,0.3015,0,0,0,0,0,0,0,0,0,0,0
1.01,0.303,0,0,0,0,0,0,0,0,0,0,0
1.015,0.3045,0,0,0,0,0,0,0,0,0,0,0
1.02,0.306,0,0,0,0,0,0,0,0,0,0,0
1.025,0.3075,0,0,0,0,0,0,0,0,0,0,0
1.03,0.309,0,0,0,0,0,0,0,0,0,0,0
1.035,0.3105,0,0,0,0,0,0,0,0,0,0,0
1.04,0.312,0,0,0,0,0,0,0,0,0,0,0
1.045,0.3135,0,0,0,0,0,0,0,0,0,0,0
1.05,0.315,0,0,0,0,0,0,0,0,0,0,0
1.055,0.3165,0,0,0,0,0,0,0,0,0,0,0
1.06,0.318,0,0,0,0,0,0,0,0,0,0,0
1.065,0.3195,0,0,0,0,0,0,0,0,0,0,0
1.07,0.321,0,0,0,0,0,0,0,0,0,0,0
1.075,0.3225,0,0,0,0,0,0,0,0,0,0,0
1.08,0.324,0,0,0,0,0,0,0,0,0,0,0
1.085,0.3255,0,0,0,0,0,0,0,0,0,0,0
1.09,0.327,0,0,0,0,0,0,0,0,0,0,0
1.095,0.3285,0,0,0,0,0,0,0,0,0,0,0
1.1,0.33,0,0,0,0,0,0,0,0,0,0,0
1.105,0.3315,0,0,0,0,0,0,0,0,0,0,0
1.11,0.333,0,0,0,0,0,0,0,0,0,0,0
1.115,0.3345,0,0,0,0,0,0,0,0,0,0,0
1.12,0.336,0,0,0,0,0,0,0,0,0,0,0
1.125,0.3375,0,0,0,0,0,0,0,0,0,0,0
1.13,0.339,0,0,0,0,0,0,0,0,0,0,0
1.135,0.3405,0,0,0,0,0,0,0,0,0,0,0
1.14,0.342,0,0,0,0,0,0,0,0,0,0,0
1.145,0.3435,0,0,0,0,0,0,0,0,0,0,0
1.15,0.345,0,0,0,0,0,0,0,0,0,0,0
1.155,0.3465,0,0,0,0,0,0,0,0,0,0,0
1.16,0.348,0,0,0,0,0,0,0,0,0,0,0
1.165,0.3495,0,0,0,0,0,0,0,0,0,0,0
1.17,0.351,0,0,0,0,0,0,0,0,0,0,0
1.175,0.3525,0,0,0,0,0,0,0,0,0,0,0
1.18,0.354,0,0,0,0,0,0,0,0,0,0,0
1.185,0.3555,0,0,0,0,0,0,0,0,0,0,0
1.19,0.357,0,0,0,0,0,0,0,0,0,0,0
1.195,0.3585,0,0,0,0,0,0,0,0,0,0,0
1.2,0.36,0,0,0,0,0,0,0,0,0,0,0
1.205,0.3615,0,0,0,0,0,0,0,0,0,0,0
1.21,0.363,0,0,0,0,0,0,0,0,0,0,0
1.215,0.3645,0,0,0,0,0,0,0,0,0,0,0
1.22,0.366,0,0,0,0,0,0,0,0,0,0,0
1.225,0.3675,0,0,0,0,0,0,0,0,0,0,0
1.23,0.369,0,0,0,0,0,0,0,0,0,0,0
1.235,0.3705,0,0,0,0,0,0,0,0,0,0,0
1.24,0.372,0,0,0,0,0,0,0,0,0,0,0
1.245,0.3735,0,0,0,0,0,0,0,0,0,0,0
1.25,0.375,0,0,0,0,0,0,0,0,0,0,0
1.255,0.3765,0,0,0,0,0,0,0,0,0,0,0
1.26,0.378,0,0,0,0,0,0,0,0,0,0,0
1.265,0.3795,0,0,0,0,0,0,0,0,0,0,0
1.27,0.381,0,0,0,0,0,0,0,0,0,0,0
1.275,0.3825,0,0,0,0,0,0,0,0,0,0,0
1.28,0.384,0,0,0,0,0,0,0,0,0,0,0
1.285,0.3855,0,0,0,0,0,0,0,0,0,0,0
1.29,0.387,0,0,0,0,0,0,0,0,0,0,0
1.295,0.3885,0,0,0,0,0,0,0,0,0,0,0
1.3,0.39,0,0,0,0,0,0,0,0,0,0,0
1.305,0.3915,0,0,0,0,0,0,0,0,0,0,0
1.31,0.393,0,0,0,0,0,0,0,0,0,0,0
1.315,0.3945,0,0,0,0,0,0,0,0,0,0,0
1.32,0.396,0,0,0,0,0,0,0,0,0,0,0
1.325,0.3975,0,0,0,0,0,0,0,0,0,0,0
1.33,0.399,0,0,0,0,0,0,0,0,0,0,0
1.335,0.4005,0,0,0,0,0,0,0,0,0,0,0
1.34,0.402,0,0,0,0,0,0,0,0,0,0,0
1.345,0.4035,0,0,0,0,0,0,0,0,0,0,0
1.35,0.405,0,0,0,0,0,0,0,0,0,0,0
1.355,0.4065,0,0,0,0,0,0,0,0,0,0,0
1.36,0.408,0,0,0,0,0,0,0,0,0,0,0
1.365,0.4095,0,0,0,0,0,0,0,0,0,0,0
1.37,0.411,0,0,0,0,0,0,0,0,0,0,0
1.375,0.4125,0,0,0,0,0,0,0,0,0,0,0
1.38,0.414,0,0,0,0,0,0,0,0,0,0,0
1.385,0.4155,0,0,0,0,0,0,0,0,0,0,0
1.39,0.417,0,0,0,0,0,0,0,0,0,0,0
1.395,0.4185,0,0,0,0,0,0,0,0,0,0,0
1.4,0.42,0,0,0,0,0,0,0,0,0,0,0
1.405,0.4215,0,0,0,0,0,0,0,0,0,0,0
1.41,0.423,0,0,0,0,0,0,0,0,0,0,0
1.415,0.4245,0,0,0,0,0,0,0,0,0,0,0
1.42,0.426,0,0,0,0,0,0,0,0,0,0,0
1.425,0.4275,0,0,0,0,0,0,0,0,0,0,0
1.43,0.429,0,0,0,0,0,0,0,0,0,0,0
1.435,0.4305,0,0,0,0,0,0,0,0,0,0,0
1.44,0.432,0,0,0,0,0,0,0,0,0,0,0
1.445,0.4335,0,0,0,0,0,0,0,0,0,0,0
1.45,0.435,0,0,0,0,0,0,0,0,0,0,0
1.455,0.4365,0,0,0,0,0,0,0,0,0,0,0
1.46,0.438,0,0,0,0,0,0,0,0,0,0,0
1.465,0.4395,0,0,0,0,0,0,0,0,0,0,0
1.47,0.441,0,0,0,0,0,0,0,0,0,0,0
1.475,0.4425,0,0,0,0,0,0,0,0,0,0,0
1.48,0.444,0,0,0,0,0,0,0,0,0,0,0
1.485,0.4455,0,0,0,0,0,0,0,0,0,0,0
1.49,0.447,0,0,0,0,0,0,0,0,0,0,0
1.495,0.4485,0,0,0,0,0,0,0,0,0,0,0
1.5,0.45,0,0,0,0,0,0,0,0,0,0,0
1.505,0.4515,0,0,0,0,0,0,0,0,0,0,0
1.51,0.453,0,0,0,0,0,0,0,0,0,0,0
1.515,0.4545,0,0,0,0,0,0,0,0,0,0,0
1.52,0.456,0,0,0,0,0,0,0,0,0,0,0
1.525,0.4575,0,0,0,0,0,0,0,0,0,0,0
1.53,0.459,0,0,0,0,0,0,0,0,0,0,0
1.535,0.4605,0,0,0,0,0,0,0,0,0,0,0
1.54,0.462,0,0,0,0,0,0,0,0,0,0,0
1.545,0.4635,0,0,0,0,0,0,0,0,0,0,0
1.55,0.465,0,0,0,0,0,0,0,0,0,0,0
1.555,0.4665,0,0,0,0,0,0,0,0,0,0,0
1.56,0.468,0,0,0,0,0,0,0,0,0,0,0
1.565,0.4695,0,0,0,0,0,0,0,0,0,0,0
1.57,0.471,0,0,0,0,0,0,0,0,0,0,0
1.575,0.4725,0,0,0,0,0,0,0,0,0,0,0
1.58,0.474,0,0,0,0,0,0,0,0,0,0,0
1.585,0.4755,0,0,0,0,0,0,0,0,0,0,0
1.59,0.477,0,0,0,0,0,0,0,0,0,0,0
1.595,0.4785,0,0,0,0,0,0,0,0,0,0,0
1.6,0.48,0,0,0,0,0,0,0,0,0,0,0
1.605,0.4815,0,0,0,0,0,0,0,0,0,0,0
1.61,0.483,0,0,0,0,0,0,0,0,0,0,0
1.615,0.4845,0,0,0,0,0,0,0,0,0,0,0
1.62,0.486,0,0,0,0,0,0,0,0,0,0,0
1.625,0.4875,0,0,0,0,0,0,0,0,0,0,0
1.63,0.489,0,0,0,0,0,0,0,0,0,0,0
1.635,0.4905,0,0,0,0,0,0,0,0,0,0,0
1.64,0.492,0,0,0,0,0,0,0,0,0,0,0
1.645,0.4935,0,0,0,0,0,0,0,0,0,0,0
1.65,0.495,0,0,0,0,0,0,0,0,0,0,0
1.655,0.4965,0,0,0,0,0,0,0,0,0,0,0
1.66,0.498,0,0,0,0,0,0,0,0,0,0,0
1.665,0.4995,0,0,0,0,0,0,0,0,0,0,0
1.67,0.501,0,0,0,0,0,0,0,0,0,0,0
1.675,0.5025,0,0,0,0,0,0,0,0,0,0,0
1.68,0.504,0,0,0,0,0,0,0,0,0,0,0
1.685,0.5055,0,0,0,0,0,0,0,0,0,0,0
1.69,0.507,0,0,0,0,0,0,0,0,0,0,0
1.695,0.5085,0,0,0,0,0,0,0,0,0,0,0
1.7,0.51,0,0,0,0,0,0,0,0,0,0,0
1.705,0.5115,0,0,0,0,0,0,0,0,0,0,0
1.71,0.513,0,0,0,0,0,0,0,0,0,0,0
1.715,0.5145,0,0,0,0,0,0,0,0,0,0,0
1.72,0.516,0,0,0,0,0,0,0,0,0,0,0
1.725,0.5175,0,0,0,0,0,0,0,0,0,0,0
1.73,0.519,0,0,0,0,0,0,0,0,0,0,0
1.735,0.5205,0,0,0,0,0,0,0,0,0,0,0
1.74,0.522,0,0,0,0,0,0,0,0,0,0,0
1.745,0.5235,0,0,0,0,0,0,0,0,0,0,0
1.75,0.525,0,0,0,0,0,0,0,0,0,0,0
1.755,0.5265,0,0,0,0,0,0,0,0,0,0,0
1.76,0.528,0,0,0,0,0,0,0,0,0,0,0
1.765,0.5295,0,0,0,0,0,0,0,0,0,0,0
1.77,0.531,0,0,0,0,0,0,0,0,0,0,0
1.775,0.5325,0,0,0,0,0,0,0,0,0,0,0
1.78,0.534,0,0,0,0,0,0,0,0,0,0,0
1.785,0.5355,0,0,0,0,0,0,0,0,0,0,0
1.79,0.537,0,0,0,0,0,0,0,0,0,0,0
1.795,0.5385,0,0,0,0,0,0,0,0,0,0,0
1.8,0.54,0,0,0,0,0,0,0,0,0,0,0
1.805,0.5415,0,0,0,0,0,0,0,0,0,0,0
1.81,0.543,0,0,0,0,0,0,0,0,0,0,0
1.815,0.5445,0,0,0,0,0,0,0,0,0,0,0
1.82,0.546,0,0,0,0,0,0,0,0,0,0,0
1.825,0.5475,0,0,0,0,0,0,0,0,0,0,0
1.83,0.549,0,0,0,0,0,0,0,0,0,0,0
1.835,0.5505,0,0,0,0,0,0,0,0,0,0,0
1.84,0.552,0,0,0,0,0,0,0,0,0,0,0
1.845,0.5535,0,0,0,0,0,0,0,0,0,0,0
1.85,0.555,0,0,0,0,0,0,0,0,0,0,0
1.855,0.5565,0,0,0,0,0,0,0,0,0,0,0
1.86,0.558,0,0,0,0,0,0,0,0,0,0,0
1.865,0.5595,0,0,0,0,0,0,0,0,0,0,0
1.87,0.561,0,0,0,0,0,0,0,0,0,0,0
1.875,0.5625,0,0,0,0,0,0,0,0,0,0,0
1.88,0.564,0,0,0,0,0,0,0,0,0,0,0
1.885,0.5655,0,0,0,0,0,0,0,0,0,0,0
1.89,0.567,0,0,0,0,0,0,0,0,0,0,0
1.895,0.5685,0,0,0,0,0,0,0,0,0,0,0
1.9,0.57,0,0,0,0,0,0,0,0,0,0,0
1.905,0.5715,0,0,0,0,0,0,0,0,0,0,0
1.91,0.573,0,0,0,0,0,0,0,0,0,0,0
1.915,0.5745,0,0,0,0,0,0,0,0,0,0,0
1.92,0.576,0,0,0,0,0,0,0,0,0,0,0
1.925,0.5775,0,0,0,0,0,0,0,0,0,0,0
1.93,0.579,0,0,0,0,0,0,0,0,0,0,0
1.935,0.5805,0,0,0,0,0,0,0,0,0,0,0
1.94,0.582,0,0,0,0,0,0,0,0,0,0,0
1.945,0.5835,0,0,0,0,0,0,0,0,0,0,0
1.95,0.585,0,0,0,0,0,0,0,0,0,0,0
1.955,0.5865,0,0,0,0,0,0,0,0,0,0,0
1.96,0.588,0,0,0,0,0,0,0,0,0,0,0
1.965,0.5895,0,0,0,0,0,0,0,0,0,0,0
1.97,0.591,0,0,0,0,0,0,0,0,0,0,0
1.975,0.5925,0,0,0,0,0,0,0,0,0,0,0
1.98,0.594,0,0,0,0,0,0,0,0,0,0,0
1.985,0.5955,0,0,0,0,0,0,0,0,0,0,0
1.99,0.597,0,0,0,0,0,0,0,0,0,0,0
1.995,0.5985,0,0,0,0,0,0,0,0,0,0,0
2,0.6,0,0,0,0,0,0,0,0,0,0,0
2.005,0.6015,0,0,0,0,0,0,0,0,0,0,0
2.01,0.603,0,0,0,0,0,0,0,0,0,0,0
2.015,0.6045,0,0,0,0,0,0,0,0,0,0,0
2.02,0.606,0,0,0,0,0,0,0,0,0,0,0
2.025,0.6075,0,0,0,0,0,0,0,0,0,0,0
2.03,0.609,0,0,0,0,0,0,0,0,0,0,0
2.035,0.6105,0,0,0,0,0,0,0,0,0,0,0
2.04,0.612,0,0,0,0,0,0,0,0,0,0,0
2.045,0.6135,0,0,0,0,0,0,0,0,0,0,0
2.05,0.615,0,0,0,0,0,0,0,0,0,0,0
2.055,0.6165,0,0,0,0,0,0,0,0,0,0,0
2.06,0.618,0,0,0,0,0,0,0,0,0,0,0
2.065,0.6195,0,0,0,0,0,0,0,0,0,0,0
2.07,0.621,0,0,0,0,0,0,0,0,0,0,0
2.075,0.6225,0,0,0,0,0,0,0,0,0,0,0
2.08,0.624,0,0,0,0,0,0,0,0,0,0,0
2.085,0.6255,0,0,0,0,0,0,0,0,0,0,0
2.09,0.627,0,0,0,0,0,0,0,0,0,0,0
2.095,0.6285,0,0,0,0,0,0,0,0,0,0,0
2.1,0.63,0,0,0,0,0,0,0,0,0,0,0
2.105,0.6315,0,0,0,0,0,0,0,0,0,0,0
2.11,0.633,0,0,0,0,0,0,0,0,0,0,0
2.115,0.6345,0,0,0,0,0,0,0,0,0,0,0
2.12,0.636,0,0,0,0,0,0,0,0,0,0,0
2.125,0.6375,0,0,0,0,0,0,0,0,0,0,0
2.13,0.639,0,0,0,0,0,0,0,0,0,0,0
2.135,0.6405,0,0,0,0,0,0,0,0,0,0,0
2.14,0.642,0,0,0,0,0,0,0,0,0,0,0
2.145,0.6435,0,0,0,0,0,0,0,0,0,0,0
2.15,0.645,0,0,0,0,0,0,0,0,0,0,0
2.155,0.6465,0,0,0,0,0,0,0,0,0,0,0
2.16,0.648,0,0,0,0,0,0,0,0,0,0,0
2.165,0.6495,0,0,0,0,0,0,0,0,0,0,0
2.17,0.651,0,0,0,0,0,0,0,0,0,0,0
2.175,0.6525,0,0,0,0,0,0,0,0,0,0,0
2.18,0.654,0,0,0,0,0,0,0,0,0,0,0
2.185,0.6555,0,0,0,0,0,0,0,0,0,0,0
2.19,0.657,0,0,0,0,0,0,0,0,0,0,0
2.195,0.6585,0,0,0,0,0,0,0,0,0,0,0
2.2,0.66,0,0,0,0,0,0,0,0,0,0,0
2.205,0.6615,0,0,0,0,0,0,0,0,0,0,0
2.21,0.663,0,0,0,0,0,0,0,0,0,0,0
2.215,0.6645,0,0,0,0,0,0,0,0,0,0,0
2.22,0.666,0,0,0,0,0,0,0,0,0,0,0
2.225,0.6675,0,0,0,0,0,0,0,0,0,0,0
2.23,0.669,0,0,0,0,0,0,0,0,0,0,0
2.235,0.6705,0,0,0,0,0,0,0,0,0,0,0
2.24,0.672,0,0,0,0,0,0,0,0,0,0,0
2.245,0.6735,0,0,0,0,0,0,0,0,0,0,0
2.25,0.675,0,0,0,0,0,0,0,0,0,0,0
2.255,0.6765,0,0,0,0,0,0,0,0,0,0,0
2.26,0.678,0,0,0,0,0,0,0,0,0,0,0
2.265,0.6795,0,0,0,0,0,0,0,0,0,0,0
2.27,0.681,0,0,0,0,0,0,0,0,0,0,0
2.275,0.6825,0,0,0,0,0,0,0,0,0,0,0
2.28,0.684,0,0,0,0,0,0,0,0,0,0,0
2.285,0.6855,0,0,0,0,0,0,0,0,0,0,0
2.29,0.687,0,0,0,0,0,0,0,0,0,0,0
2.295,0.6885,0,0,0,0,0,0,0,0,0,0,0
2.3,0.69,0,0,0,0,0,0,0,0,0,0,0
2.305,0.6915,0,0,0,0,0,0,0,0,0,0,0
2.31,0.693,0,0,0,0,0,0,0,0,0,0,0
2.315,0.6945,0,0,0,0,0,0,0,0,0,0,0
2.32,0.696,0,0,0,0,0,0,0,0,0,0,0
2.325,0.6975,0,0,0,0,0,0,0,0,0,0,0
2.33,0.699,0,0,0,0,0,0,0,0,0,0,0
2.335,0.7005,0,0,0,0,0,0,0,0,0,0,0
2.34,0.702,0,0,0,0,0,0,0,0,0,0,0
2.345,0.7035,0,0,0,0,0,0,0,0,0,0,0
2.35,0.705,0,0,0,0,0,0,0,0,0,0,0
2.355,0.7065,0,0,0,0,0,0,0,0,0,0,0
2.36,0.708,0,0,0,0,0,0,0,0,0,0,0
2.365,0.7095,0,0,0,0,0,0,0,0,0,0,0
2.37,0.711,0,0,0,0,0,0,0,0,0,0,0
2.375,0.7125,0,0,0,0,0,0,0,0,0,0,0
2.38,0.714,0,0,0,0,0,0,0,0,0,0,0
2.385,0.7155,0,0,0,0,0,0,0,0,0,0,0
2.39,0.717,0,0,0,0,0,0,0,0,0,0,0
2.395,0.7185,0,0,0,0,0,0,0,0,0,0,0
2.4,0.72,0,0,0,0,0,0,0,0,0,0,0
2.405,0.7215,0,0,0,0,0,0,0,0,0,0,0
2.41,0.723,0,0,0,0,0,0,0,0,0,0,0
2.415,0.7245,0,0,0,0,0,0,0,0,0,0,0
2.42,0.726,0,0,0,0,0,0,0,0,0,0,0
2.425,0.7275,0,0,0,0,0,0,0,0,0,0,0
2.43,0.729,0,0,0,0,0,0,0,0,0,0,0
2.435,0.7305,0,0,0,0,0,0,0,0,0,0,0
2.44,0.732,0,0,0,0,0,0,0,0,0,0,0
2.445,0.7335,0,0,0,0,0,0,0,0,0,0,0
2.45,0.735,0,0,0,0,0,0,0,0,0,0,0
2.455,0.7365,0,0,0,0,0,0,0,0,0,0,0
2.46,0.738,0,0,0,0,0,0,0,0,0,0,0
2.465,0.7395,0,0,0,0,0,0,0,0,0,0,0
2.47,0.741,0,0,0,0,0,0,0,0,0,0,0
2.475,0.7425,0,0,0,0,0,0,0,0,0,0,0
2.48,0.744,0,0,0,0,0,0,0,0,0,0,0
2.485,0.7455,0,0,0,0,0,0,0,0,0,0,0
2.49,0.747,0,0,0,0,0,0,0,0,0,0,0
2.495,0.7485,0,0,0,0,0,0,0,0,0,0,0
2.5,0.75,0,0,0,0,0,0,0,0,0,0,0
2.505,0.7515,0,0,0,0,0,0,0,0,0,0,0
2.51,0.753,0,0,0,0,0,0,0,0,0,0,0
2.515,0.7545,0,0,0,0,0,0,0,0,0,0,0
2.52,0.756,0,0,0,0,0,0,0,0,0,0,0
2.525,0.7575,0,0,0,0,0,0,0,0,0,0,0
2.53,0.759,0,0,0,0,0,0,0,0,0,0,0
2.535,0.7605,0,0,0,0,0,0,0,0,0,0,0
2.54,0.762,0,0,0,0,0,0,0,0,0,0,0
2.545,0.7635,0,0,0,0,0,0,0,0,0,0,0
2.55,0.765,0,0,0,0,0,0,0,0,0,0,0
2.555,0.7665,0,0,0,0,0,0,0,0,0,0,0
2.56,0.768,0,0,0,0,0,0,0,0,0,0,0
2.565,0.7695,0,0,0,0,0,0,0,0,0,0,0
2.57,0.771,0,0,0,0,0,0,0,0,0,0,0
2.575,0.7725,0,0,0,0,0,0,0,0,0,0,0
2.58,0.774,0,0,0,0,0,0,0,0,0,0,0
2.585,0.7755,0,0,0,0,0,0,0,0,0,0,0
2.59,0.777,0,0,0,0,0,0,0,0,0,0,0
2.595,0.7785,0,0,0,0,0,0,0,0,0,0,0
2.6,0.78,0,0,0,0,0,0,0,0,0,0,0
2.605,0.7815,0,0,0,0,0,0,0,0,0,0,0
2.61,0.783,0,0,0,0,0,0,0,0,0,0,0
2.615,0.7845,0,0,0,0,0,0,0,0,0,0,0
2.62,0.786,0,0,0,0,0,0,0,0,0,0,0
2.625,0.7875,0,0,0,0,0,0,0,0,0,0,0
2.63,0.789,0,0,0,0,0,0,0,0,0,0,0
2.635,0.7905,0,0,0,0,0,0,0,0,0,0,0
2.64,0.792,0,0,0,0,0,0,0,0,0,0,0
2.645,0.7935,0,0,0,0,0,0,0,0,0,0,0
2.65,0.795,0,0,0,0,0,0,0,0,0,0,0
2.655,0.7965,0,0,0,0,0,0,0,0,0,0,0
2.66,0.798,0,0,0,0,0,0,0,0,0,0,0
2.665,0.7995,0,0,0,0,0,0,0,0,0,0,0
2.67,0.801,0,0,0,0,0,0,0,0,0,0,0
2.675,0.8025,0,0,0,0,0,0,0,0,0,0,0
2.68,0.804,0,0,0,0,0,0,0,0,0,0,0
2.685,0.8055,0,0,0,0,0,0,0,0,0,0,0
2.69,0.807,0,0,0,0,0,0,0,0,0,0,0
2.695,0.8085,0,0,0,0,0,0,0,0,0,0,0
2.7,0.81,0,0,0,0,0,0,0,0,0,0,0
2.705,0.8115,0,0,0,0,0,0,0,0,0,0,0
2.71,0.813,0,0,0,0,0,0,0,0,0,0,0
2.715,0.8145,0,0,0,0,0,0,0,0,0,0,0
2.72,0.816,0,0,0,0,0,0,0,0,0,0,0
2.725,0.8175,0,0,0,0,0,0,0,0,0,0,0
2.73,0.819,0,0,0,0,0,0,0,0,0,0,0
2.735,0.8205,0,0,0,0,0,0,0,0,0,0,0
2.74,0.822,0,0,0,0,0,0,0,0,0,0,0
2.745,0.8235,0,0,0,0,0,0,0,0,0,0,0
2.75,0.825,0,0,0,0,0,0,0,0,0,0,0
2.755,0.8265,0,0,0,0,0,0,0,0,0,0,0
2.76,0.828,0,0,0,0,0,0,0,0,0,0,0
2.765,0.8295,0,0,0,0,0,0,0,0,0,0,0
2.77,0.831,0,0,0,0,0,0,0,0,0,0,0
2.775,0.8325,0,0,0,0,0,0,0,0,0,0,0
2.78,0.834,0,0,0,0,0,0,0,0,0,0,0
2.785,0.8355,0,0,0,0,0,0,0,0,0,0,0
2.79,0.837,0,0,0,0,0,0,0,0,0,0,0
2.795,0.8385,0,0,0,0,0,0,0,0,0,0,0
2.8,0.84,0,0,0,0,0,0,0,0,0,0,0
2.805,0.8415,0,0,0,0,0,0,0,0,0,0,0
2.81,0.843,0,0,0,0,0,0,0,0,0,0,0
2.815,0.8445,0,0,0,0,0,0,0,0,0,0,0
2.82,0.846,0,0,0,0,0,0,0,0,0,0,0
2.825,0.8475,0,0,0,0,0,0,0,0,0,0,0
2.83,0.849,0,0,0,0,0,0,0,0,0,0,0
2.835,0.8505,0,0,0,0,0,0,0,0,0,0,0
2.84,0.852,0,0,0,0,0,0,0,0,0,0,0
2.845,0.8535,0,0,0,0,0,0,0,0,0,0,0
2.85,0.855,0,0,0,0,0,0,0,0,0,0,0
2.855,0.8565,0,0,0,0,0,0,0,0,0,0,0
2.86,0.858,0,0,0,0,0,0,0,0,0,0,0
2.865,0.8595,0,0,0,0,0,0,0,0,0,0,0
2.87,0.861,0,0,0,0,0,0,0,0,0,0,0
2.875,0.8625,0,0,0,0,0,0,0,0,0,0,0
2.88,0.864,0,0,0,0,0,0,0,0,0,0,0
2.885,0.8655,0,0,0,0,0,0,0,0,0,0,0
2.89,0.867,0,0,0,0,0,0,0,0,0,0,0
2.895,0.8685,0,0,0,0,0,0,0,0,0,0,0
2.9,0.87,0,0,0,0,0,0,0,0,0,0,0
2.905,0.8715,0,0,0,0,0,0,0,0,0,0,0
2.91,0.873,0,0,0,0,0,0,0,0,0,0,0
2.915,0.8745,0,0,0,0,0,0,0,0,0,0,0
2.92,0.876,0,0,0,0,0,0,0,0,0,0,0
2.925,0.8775,0,0,0,0,0,0,0,0,0,0,0
2.93,0.879,0,0,0,0,0,0,0,0,0,0,0
2.935,0.8805,0,0,0,0,0,0,0,0,0,0,0
2.94,0.882,0,0,0,0,0,0,0,0,0,0,0
2.945,0.8835,0,0,0,0,0,0,0,0,0,0,0
2.95,0.885,0,0,0,0,0,0,0,0,0,0,0
2.955,0.8865,0,0,0,0,0,0,0,0,0,0,0
2.96,0.888,0,0,0,0,0,0,0,0,0,0,0
2.965,0.8895,0,0,0,0,0,0,0,0,0,0,0
2.97,0.891,0,0,0,0,0,0,0,0,0,0,0
2.975,0.8925,0,0,0,0,0,0,0,0,0,0,0
2.98,0.894,0,0,0,0,0,0,0,0,0,0,0
2.985,0.8955,0,0,0,0,0,0,0,0,0,0,0
2.99,0.897,0,0,0,0,0,0,0,0,0,0,0
2.995,0.8985,0,0,0,0,0,0,0,0,0,0,0
3,0.9,0,0,0,0,0,0,0,0,0,0,0
3.005,0.9015,0,0,0,0,0,0,0,0,0,0,0
3.01,0.903,0,0,0,0,0,0,0,0,0,0,0
3.015,0.9045,0,0,0,0,0,0,0,0,0,0,0
3.02,0.906,0,0,0,0,0,0,0,0,0,0,0
3.025,0.9075,0,0,0,0,0,0,0,0,0,0,0
3.03,0.909,0,0,0,0,0,0,0,0,0,0,0
3.035,0.9105,0,0,0,0,0,0,0,0,0,0,0
3.04,0.912,0,0,0,0,0,0,0,0,0,0,0
3.045,0.9135,0,0,0,0,0,0,0,0,0,0,0
3.05,0.915,0,0,0,0,0,0,0,0,0,0,0
3.055,0.9165,0,0,0,0,0,0,0,0,0,0,0
3.06,0.918,0,0,0,0,0,0,0,0,0,0,0
3.065,0.9195,0,0,0,0,0,0,0,0,0,0,0
3.07,0.921,0,0,0,0,0,0,0,0,0,0,0
3.075,0.9225,0,0,0,0,0,0,0,0,0,0,0
3.08,0.924,0,0,0,0,0,0,0,0,0,0,0
3.085,0.9255,0,0,0,0,0,0,0,0,0,0,0
3.09,0.927,0,0,0,0,0,0,0,0,0,0,0
3.095,0.9285,0,0,0,0,0,0,0,0,0,0,0
3.1,0.93,0,0,0,0,0,0,0,0,0,0,0
3.105,0.9315,0,0,0,0,0,0,0,0,0,0,0
3.11,0.933,0,0,0,0,0,0,0,0,0,0,0
3.115,0.9345,0,0,0,0,0,0,0,0,0,0,0
3.12,0.936,0,0,0,0,0,0,0,0,0,0,0
3.125,0.9375,0,0,0,0,0,0,0,0,0,0,0
3.13,0.939,0,0,0,0,0,0,0,0,0,0,0
3.135,0.9405,0,0,0,0,0,0,0,0,0,0,0
3.14,0.942,0,0,0,0,0,0,0,0,0,0,0
3.145,0.9435,0,0,0,0,0,0,0,0,0,0,0
3.15,0.945,0,0,0,0,0,0,0,0,0,0,0
3.155,0.9465,0,0,0,0,0,0,0,0,0,0,0
3.16,0.948,0,0,0,0,0,0,0,0,0,0,0
3.165,0.9495,0,0,0,0,0,0,0,0,0,0,0
3.17,0.951,0,0,0,0,0,0,0,0,0,0,0
3.175,0.9525,0,0,0,0,0,0,0,0,0,0,0
3.18,0.954,0,0,0,0,0,0,0,0,0,0,0
3.185,0.9555,0,0,0,0,0,0,0,0,0,0,0
3.19,0.957,0,0,0,0,0,0,0,0,0,0,0
3.195,0.9585,0,0,0,0,0,0,0,0,0,0,0
3.2,0.96,0,0,0,0,0,0,0,0,0,0,0
3.205,0.9615,0,0,0,0,0,0,0,0,0,0,0
3.21,0.963,0,0,0,0,0,0,0,0,0,0,0
3.215,0.9645,0,0,0,0,0,0,0,0,0,0,0
3.22,0.966,0,0,0,0,0,0,0,0,0,0,0
3.225,0.9675,0,0,0,0,0,0,0,0,0,0,0
3.23,0.969,0,0,0,0,0,0,0,0,0,0,0
3.235,0.9705,0,0,0,0,0,0,0,0,0,0,0
3.24,0.972,0,0,0,0,0,0,0,0,0,0,0
3.245,0.9735,0,0,0,0,0,0,0,0,0,0,0
3.25,0.975,0,0,0,0,0,0,0,0,0,0,0
3.255,0.9765,0,0,0,0,0,0,0,0,0,0,0
3.26,0.978,0,0,0,0,0,0,0,0,0,0,0
3.265,0.9795,0,0,0,0,0,0,0,0,0,0,0
3.27,0.981,0,0,0,0,0,0,0,0,0,0,0
3.275,0.9825,0,0,0,0,0,0,0,0,0,0,0
3.28,0.984,0,0,0,0,0,0,0,0,0,0,0
3.285,0.9855,0,0,0,0,0,0,0,0,0,0,0
3.29,0.987,0,0,0,0,0,0,0,0,0,0,0
3.295,0.9885,0,0,0,0,0,0,0,0,0,0,0
3.3,0.99,0,0,0,0,0,0,0,0,0,0,0
3.305,0.9915,0,0,0,0,0,0,0,0,0,0,0
3.31,0.993,0,0,0,0,0,0,0,0,0,0,0
3.315,0.9945,0,0,0,0,0,0,0,0,0,0,0
3.32,0.996,0,0,0,0,0,0,0,0,0,0,0
3.325,0.9975,0,0,0,0,0,0,0,0,0,0,0
3.33,0.999,0,0,0,0,0,0,0,0,0,0,0
3.335,1.0005,0,0,0,0,0,0,0,0,0,0,0
3.34,1.002,0,0,0,0,0,0,0,0,0,0,0
3.345,1.0035,0,0,0,0,0,0,0,0,0,0,0
3.35,1.005,0,0,0,0,0,0,0,0,0,0,0
3.355,1.0065,0,0,0,0,0,0,0,0,0,0,0
3.36,1.008,0,0,0,0,0,0,0,0,0,0,0
3.365,1.0095,0,0,0,0,0,0,0,0,0,0,0
3.37,1.011,0,0,0,0,0,0,0,0,0,0,0
3.375,1.0125,0,0,0,0,0,0,0,0,0,0,0
3.38,1.014,0,0,0,0,0,0,0,0,0,0,0
3.385,1.0155,0,0,0,0,0,0,0,0,0,0,0
3.39,1.017,0,0,0,0,0,0,0,0,0,0,0
3.395,1.0185,0,0,0,0,0,0,0,0,0,0,0
3.4,1.02,0,0,0,0,0,0,0,0,0,0,0
3.405,1.0215,0,0,0,0,0,0,0,0,0,0,0
3.41,1.023,0,0,0,0,0,0,0,0,0,0,0
3.415,1.0245,0,0,0,0,0,0,0,0,0,0,0
3.42,1.026,0,0,0,0,0,0,0,0,0,0,0
3.425,1.0275,0,0,0,0,0,0,0,0,0,0,0
3.43,1.029,0,0,0,0,0,0,0,0,0,0,0
3.435,1.0305,0,0,0,0,0,0,0,0,0,0,0
3.44,1.032,0,0,0,0,0,0,0,0,0,0,0
3.445,1.0335,0,0,0,0,0,0,0,0,0,0,0
3.45,1.035,0,0,0,0,0,0,0,0,0,0,0
3.455,1.0365,0,0,0,0,0,0,0,0,0,0,0
3.46,1.038,0,0,0,0,0,0,0,0,0,0,0
3.465,1.0395,0,0,0,0,0,0,0,0,0,0,0
3.47,1.041,0,0,0,0,0,0,0,0,0,0,0
3.475,1.0425,0,0,0,0,0,0,0,0,0,0,0
3.48,1.044,0,0,0,0,0,0,0,0,0,0,0
3.485,1.0455,0,0,0,0,0,0,0,0,0,0,0
3.49,1.047,0,0,0,0,0,0,0,0,0,0,0
3.495,1.0485,0,0,0,0,0,0,0,0,0,0,0
3.5,1.05,0,0,0,0,0,0,0,0,0,0,0
3.505,1.0515,0,0,0,0,0,0,0,0,0,0,0
3.51,1.053,0,0,0,0,0,0,0,0,0,0,0
3.515,1.0545,0,0,0,0,0,0,0,0,0,0,0
3.52,1.056,0,0,0,0,0,0,0,0,0,0,0
3.525,1.0575,0,0,0,0,0,0,0,0,0,0,0
3.53,1.059,0,0,0,0,0,0,0,0,0,0,0
3.535,1.0605,0,0,0,0,0,0,0,0,0,0,0
3.54,1.062,0,0,0,0,0,0,0,0,0,0,0
3.545,1.0635,0,0,0,0,0,0,0,0,0,0,0
3.55,1.065,0,0,0,0,0,0,0,0,0,0,0
3.555,1.0665,0,0,0,0,0,0,0,0,0,0,0
3.56,1.068,0,0,0,0,0,0,0,0,0,0,0
3.565,1.0695,0,0,0,0,0,0,0,0,0,0,0
3.57,1.071,0,0,0,0,0,0,0,0,0,0,0
3.575,1.0725,0,0,0,0,0,0,0,0,0,0,0
3.58,1.074,0,0,0,0,0,0,0,0,0,0,0
3.585,1.0755,0,0,0,0,0,0,0,0,0,0,0
3.59,1.077,0,0,0,0,0,0,0,0,0,0,0
3.595,1.0785,0,0,0,0,0,0,0,0,0,0,0
3.6,1.08,0,0,0,0,0,0,0,0,0,0,0
3.605,1.0815,0,0,0,0,0,0,0,0,0,0,0
3.61,1.083,0,0,0,0,0,0,0,0,0,0,0
3.615,1.0845,0,0,0,0,0,0,0,0,0,0,0
3.62,1.086,0,0,0,0,0,0,0,0,0,0,0
3.625,1.0875,0,0,0,0,0,0,0,0,0,0,0
3.63,1.089,0,0,0,0,0,0,0,0,0,0,0
3.635,1.0905,0,0,0,0,0,0,0,0,0,0,0
3.64,1.092,0,0,0,0,0,0,0,0,0,0,0
3.645,1.0935,0,0,0,0,0,0,0,0,0,0,0
3.65,1.095,0,0,0,0,0,0,0,0,0,0,0
3.655,1.0965,0,0,0,0,0,0,0,0,0,0,0
3.66,1.098,0,0,0,0,0,0,0,0,0,0,0
3.665,1.0995,0,0,0,0,0,0,0,0,0,0,0
3.67,1.101,0,0,0,0,0,0,0,0,0,0,0
3.675,1.1025,0,0,0,0,0,0,0,0,0,0,0
3.68,1.104,0,0,0,0,0,0,0,0,0,0,0
3.685,1.1055,0,0,0,0,0,0,0,0,0,0,0
3.69,1.107,0,0,0,0,0,0,0,0,0,0,0
3.695,1.1085,0,0,0,0,0,0,0,0,0,0,0
3.7,1.11,0,0,0,0,0,0,0,0,0,0,0
3.705,1.1115,0,0,0,0,0,0,0,0,0,0,0
3.71,1.113,0,0,0,0,0,0,0,0,0,0,0
3.715,1.1145,0,0,0,0,0,0,0,0,0,0,0
3.72,1.116,0,0,0,0,0,0,0,0,0,0,0
3.725,1.1175,0,0,0,0,0,0,0,0,0,0,0
3.73,1.119,0,0,0,0,0,0,0,0,0,0,0
3.735,1.1205,0,0,0,0,0,0,0,0,0,0,0
3.74,1.122,0,0,0,0,0,0,0,0,0,0,0
3.745,1.1235,0,0,0,0,0,0,0,0,0,0,0
3.75,1.125,0,0,0,0,0,0,0,0,0,0,0
3.755,1.1265,0,0,0,0,0,0,0,0,0,0,0
3.76,1.128,0,0,0,0,0,0,0,0,0,0,0
3.765,1.1295,0,0,0,0,0,0,0,0,0,0,0
3.77,1.131,0,0,0,0,0,0,0,0,0,0,0
3.775,1.1325,0,0,0,0,0,0,0,0,0,0,0
3.78,1.134,0,0,0,0,0,0,0,0,0,0,0
3.785,1.1355,0,0,0,0,0,0,0,0,0,0,0
3.79,1.137,0,0,0,0,0,0,0,0,0,0,0
3.795,1.1385,0,0,0,0,0,0,0,0,0,0,0
3.8,1.14,0,0,0,0,0,0,0,0,0,0,0
3.805,1.1415,0,0,0,0,0,0,0,0,0,0,0
3.81,1.143,0,0,0,0,0,0,0,0,0,0,0
3.815,1.1445,0,0,0,0,0,0,0,0,0,0,0
3.82,1.146,0,0,0,0,0,0,0,0,0,0,0
3.825,1.1475,0,0,0,0,0,0,0,0,0,0,0
3.83,1.149,0,0,0,0,0,0,0,0,0,0,0
3.835,1.1505,0,0,0,0,0,0,0,0,0,0,0
3.84,1.152,0,0,0,0,0,0,0,0,0,0,0
3.845,1.1535,0,0,0,0,0,0,0,0,0,0,0
3.85,1.155,0,0,0,0,0,0,0,0,0,0,0
3.855,1.1565,0,0,0,0,0,0,0,0,0,0,0
3.86,1.158,0,0,0,0,0,0,0,0,0,0,0
3.865,1.1595,0,0,0,0,0,0,0,0,0,0,0
3.87,1.161,0,0,0,0,0,0,0,0,0,0,0
3.875,1.1625,0,0,0,0,0,0,0,0,0,0,0
3.88,1.164,0,0,0,0,0,0,0,0,0,0,0
3.885,1.1655,0,0,0,0,0,0,0,0,0,0,0
3.89,1.167,0,0,0,0,0,0,0,0,0,0,0
3.895,1.1685,0,0,0,0,0,0,0,0,0,0,0
3.9,1.17,0,0,0,0,0,0,0,0,0,0,0
3.905,1.1715,0,0,0,0,0,0,0,0,0,0,0
3.91,1.173,0,0,0,0,0,0,0,0,0,0,0
3.915,1.1745,0,0,0,0,0,0,0,0,0,0,0
3.92,1.176,0,0,0,0,0,0,0,0,0,0,0
3.925,1.1775,0,0,0,0,0,0,0,0,0,0,0
3.93,1.179,0,0,0,0,0,0,0,0,0,0,0
3.935,1.1805,0,0,0,0,0,0,0,0,0,0,0
3.94,1.182,0,0,0,0,0,0,0,0,0,0,0
3.945,1.1835,0,0,0,0,0,0,0,0,0,0,0
3.95,1.185,0,0,0,0,0,0,0,0,0,0,0
3.955,1.1865,0,0,0,0,0,0,0,0,0,0,0
3.96,1.188,0,0,0,0,0,0,0,0,0,0,0
3.965,1.1895,0,0,0,0,0,0,0,0,0,0,0
3.97,1.191,0,0,0,0,0,0,0,0,0,0,0
3.975,1.1925,0,0,0,0,0,0,0,0,0,0,0
3.98,1.194,0,0,0,0,0,0,0,0,0,0,0
3.985,1.1955,0,0,0,0,0,0,0,0,0,0,0
3.99,1.197,0,0,0,0,0,0,0,0,0,0,0
3.995,1.1985,0,0,0,0,0,0,0,0,0,0,0
4,1.2,0,0,0,0,0,0,0,0,0,0,0
4.005,1.2015,0,0,0,0,0,0,0,0,0,0,0
4.01,1.203,0,0,0,0,0,0,0,0,0,0,0
4.015,1.2045,0,0,0,0,0,0,0,0,0,0,0
4.02,1.206,0,0,0,0,0,0,0,0,0,0,0
4.025,1.2075,0,0,0,0,0,0,0,0,0,0,0
4.03,1.209,0,0,0,0,0,0,0,0,0,0,0
4.035,1.2105,0,0,0,0,0,0,0,0,0,0,0
4.04,1.212,0,0,0,0,0,0,0,0,0,0,0
4.045,1.2135,0,0,0,0,0,0,0,0,0,0,0
4.05,1.215,0,0,0,0,0,0,0,0,0,0,0
4.055,1.2165,0,0,0,0,0,0,0,0,0,0,0
4.06,1.218,0,0,0,0,0,0,0,0,0,0,0
4.065,1.2195,0,0,0,0,0,0,0,0,0,0,0
4.07,1.221,0,0,0,0,0,0,0,0,0,0,0
4.075,1.2225,0,0,0,0,0,0,0,0,0,0,0
4.08,1.224,0,0,0,0,0,0,0,0,0,0,0
4.085,1.2255,0,0,0,0,0,0,0,0,0,0,0
4.09,1.227,0,0,0,0,0,0,0,0,0,0,0
4.095,1.2285,0,0,0,0,0,0,0,0,0,0,0
4.1,1.23,0,0,0,0,0,0,0,0,0,0,0
4.105,1.2315,0,0,0,0,0,0,0,0,0,0,0
4.11,1.233,0,0,0,0,0,0,0,0,0,0,0
4.115,1.2345,0,0,0,0,0,0,0,0,0,0,0
4.12,1.236,0,0,0,0,0,0,0,0,0,0,0
4.125,1.2375,0,0,0,0,0,0,0,0,0,0,0
4.13,1.239,0,0,0,0,0,0,0,0,0,0,0
4.135,1.2405,0,0,0,0,0,0,0,0,0,0,0
4.14,1.242,0,0,0,0,0,0,0,0,0,0,0
4.145,1.2435,0,0,0,0,0,0,0,0,0,0,0
4.15,1.245,0,0,0,0,0,0,0,0,0,0,0
4.155,1.2465,0,0,0,0,0,0,0,0,0,0,0
4.16,1.248,0,0,0,0,0,0,0,0,0,0,0
4.165,1.2495,0,0,0,0,0,0,0,0,0,0,0
4.17,1.251,0,0,0,0,0,0,0,0,0,0,0
4.175,1.2525,0,0,0,0,0,0,0,0,0,0,0
4.18,1.254,0,0,0,0,0,0,0,0,0,0,0
4.185,1.2555,0,0,0,0,0,0,0,0,0,0,0
4.19,1.257,0,0,0,0,0,0,0,0,0,0,0
4.195,1.2585,0,0,0,0,0,0,0,0,0,0,0
4.2,1.26,0,0,0,0,0,0,0,0,0,0,0
4.205,1.2615,0,0,0,0,0,0,0,0,0,0,0
4.21,1.263,0,0,0,0,0,0,0,0,0,0,0
4.215,1.2645,0,0,0,0,0,0,0,0,0,0,0
4.22,1.266,0,0,0,0,0,0,0,0,0,0,0
4.225,1.2675,0,0,0,0,0,0,0,0,0,0,0
4.23,1.269,0,0,0,0,0,0,0,0,0,0,0
4.235,1.2705,0,0,0,0,0,0,0,0,0,0,0
4.24,1.272,0,0,0,0,0,0,0,0,0,0,0
4.245,1.2735,0,0,0,0,0,0,0,0,0,0,0
4.25,1.275,0,0,0,0,0,0,0,0,0,0,0
4.255,1.2765,0,0,0,0,0,0,0,0,0,0,0
4.26,1.278,0,0,0,0,0,0,0,0,0,0,0
4.265,1.2795,0,0,0,0,0,0,0,0,0,0,0
4.27,1.281,0,0,0,0,0,0,0,0,0,0,0
4.275,1.2825,0,0,0,0,0,0,0,0,0,0,0
4.28,1.284,0,0,0,0,0,0,0,0,0,0,0
4.285,1.2855,0,0,0,0,0,0,0,0,0,0,0
4.29,1.287,0,0,0,0,0,0,0,0,0,0,0
4.295,1.2885,0,0,0,0,0,0,0,0,0,0,0
4.3,1.29,0,0,0,0,0,0,0,0,0,0,0
4.305,1.2915,0,0,0,0,0,0,0,0,0,0,0
4.31,1.293,0,0,0,0,0,0,0,0,0,0,0
4.315,1.2945,0,0,0,0,0,0,0,0,0,0,0
4.32,1.296,0,0,0,0,0,0,0,0,0,0,0
4.325,1.2975,0,0,0,0,0,0,0,0,0,0,0
4.33,1.299,0,0,0,0,0,0,0,0,0,0,0
4.335,1.3005,0,0,0,0,0,0,0,0,0,0,0
4.34,1.302,0,0,0,0,0,0,0,0,0,0,0
4.345,1.3035,0,0,0,0,0,0,0,0,0,0,0
4.35,1.305,0,0,0,0,0,0,0,0,0,0,0
4.355,1.3065,0,0,0,0,0,0,0,0,0,0,0
4.36,1.308,0,0,0,0,0,0,0,0,0,0,0
4.365,1.3095,0,0,0,0,0,0,0,0,0,0,0
4.37,1.311,0,0,0,0,0,0,0,0,0,0,0
4.375,1.3125,0,0,0,0,0,0,0,0,0,0,0
4.38,1.314,0,0,0,0,0,0,0,0,0,0,0
4.385,1.3155,0,0,0,0,0,0,0,0,0,0,0
4.39,1.317,0,0,0,0,0,0,0,0,0,0,0
4.395,1.3185,0,0,0,0,0,0,0,0,0,0,0
4.4,1.32,0,0,0,0,0,0,0,0,0,0,0
4.405,1.3215,0,0,0,0,0,0,0,0,0,0,0
4.41,1.323,0,0,0,0,0,0,0,0,0,0,0
4.415,1.3245,0,0,0,0,0,0,0,0,0,0,0
4.42,1.326,0,0,0,0,0,0,0,0,0,0,0
4.425,1.3275,0,0,0,0,0,0,0,0,0,0,0
4.43,1.329,0,0,0,0,0,0,0,0,0,0,0
4.435,1.3305,0,0,0,0,0,0,0,0,0,0,0
4.44,1.332,0,0,0,0,0,0,0,0,0,0,0
4.445,1.3335,0,0,0,0,0,0,0,0,0,0,0
4.45,1.335,0,0,0,0,0,0,0,0,0,0,0
4.455,1.3365,0,0,0,0,0,0,0,0,0,0,0
4.46,1.338,0,0,0,0,0,0,0,0,0,0,0
4.465,1.3395,0,0,0,0,0,0,0,0,0,0,0
4.47,1.341,0,0,0,0,0,0,0,0,0,0,0
4.475,1.3425,0,0,0,0,0,0,0,0,0,0,0
4.48,1.344,0,0,0,0,0,0,0,0,0,0,0
4.485,1.3455,0,0,0,0,0,0,0,0,0,0,0
4.49,1.347,0,0,0,0,0,0,0,0,0,0,0
4.495,1.3485,0,0,0,0,0,0,0,0,0,0,0
4.5,1.35,0,0,0,0,0,0,0,0,0,0,0
4.505,1.3515,0,0,0,0,0,0,0,0,0,0,0
4.51,1.353,0,0,0,0,0,0,0,0,0,0,0
4.515,1.3545,0,0,0,0,0,0,0,0,0,0,0
4.52,1.356,0,0,0,0,0,0,0,0,0,0,0
4.525,1.3575,0,0,0,0,0,0,0,0,0,0,0
4.53,1.359,0,0,0,0,0,0,0,0,0,0,0
4.535,1.3605,0,0,0,0,0,0,0,0,0,0,0
4.54,1.362,0,0,0,0,0,0,0,0,0,0,0
4.545,1.3635,0,0,0,0,0,0,0,0,0,0,0
4.55,1.365,0,0,0,0,0,0,0,0,0,0,0
4.555,1.3665,0,0,0,0,0,0,0,0,0,0,0
4.56,1.368,0,0,0,0,0,0,0,0,0,0,0
4.565,1.3695,0,0,0,0,0,0,0,0,0,0,0
4.57,1.371,0,0,0,0,0,0,0,0,0,0,0
4.575,1.3725,0,0,0,0,0,0,0,0,0,0,0
4.58,1.374,0,0,0,0,0,0,0,0,0,0,0
4.585,1.3755,0,0,0,0,0,0,0,0,0,0,0
4.59,1.377,0,0,0,0,0,0,0,0,0,0,0
4.595,1.3785,0,0,0,0,0,0,0,0,0,0,0
4.6,1.38,0,0,0,0,0,0,0,0,0,0,0
4.605,1.3815,0,0,0,0,0,0,0,0,0,0,0
4.61,1.383,0,0,0,0,0,0,0,0,0,0,0
4.615,1.3845,0,0,0,0,0,0,0,0,0,0,0
4.62,1.386,0,0,0,0,0,0,0,0,0,0,0
4.625,1.3875,0,0,0,0,0,0,0,0,0,0,0
4.63,1.389,0,0,0,0,0,0,0,0,0,0,0
4.635,1.3905,0,0,0,0,0,0,0,0,0,0,0
4.64,1.392,0,0,0,0,0,0,0,0,0,0,0
4.645,1.3935,0,0,0,0,0,0,0,0,0,0,0
4.65,1.395,0,0,0,0,0,0,0,0,0,0,0
4.655,1.3965,0,0,0,0,0,0,0,0,0,0,0
4.66,1.398,0,0,0,0,0,0,0,0,0,0,0
4.665,1.3995,0,0,0,0,0,0,0,0,0,0,0
4.67,1.401,0,0,0,0,0,0,0,0,0,0,0
4.675,1.4025,0,0,0,0,0,0,0,0,0,0,0
4.68,1.404,0,0,0,0,0,0,0,0,0,0,0
4.685,1.4055,0,0,0,0,0,0,0,0,0,0,0
4.69,1.407,0,0,0,0,0,0,0,0,0,0,0
4.695,1.4085,0,0,0,0,0,0,0,0,0,0,0
4.7,1.41,0,0,0,0,0,0,0,0,0,0,0
4.705,1.4115,0,0,0,0,0,0,0,0,0,0,0
4.71,1.413,0,0,0,0,0,0,0,0,0,0,0
4.715,1.4145,0,0,0,0,0,0,0,0,0,0,0
4.72,1.416,0,0,0,0,0,0,0,0,0,0,0
4.725,1.4175,0,0,0,0,0,0,0,0,0,0,0
4.73,1.419,0,0,0,0,0,0,0,0,0,0,0
4.735,1.4205,0,0,0,0,0,0,0,0,0,0,0
4.74,1.422,0,0,0,0,0,0,0,0,0,0,0
4.745,1.4235,0,0,0,0,0,0,0,0,0,0,0
4.75,1.425,0,0,0,0,0,0,0,0,0,0,0
4.755,1.4265,0,0,0,0,0,0,0,0,0,0,0
4.76,1.428,0,0,0,0,0,0,0,0,0,0,0
4.765,1.4295,0,0,0,0,0,0,0,0,0,0,0
4.77,1.431,0,0,0,0,0,0,0,0,0,0,0
4.775,1.4325,0,0,0,0,0,0,0,0,0,0,0
4.78,1.434,0,0,0,0,0,0,0,0,0,0,0
4.785,1.4355,0,0,0,0,0,0,0,0,0,0,0
4.79,1.437,0,0,0,0,0,0,0,0,0,0,0
4.795,1.4385,0,0,0,0,0,0,0,0,0,0,0
4.8,1.44,0,0,0,0,0,0,0,0,0,0,0
4.805,1.4415,0,0,0,0,0,0,0,0,0,0,0
4.81,1.443,0,0,0,0,0,0,0,0,0,0,0
4.815,1.4445,0,0,0,0,0,0,0,0,0,0,0
4.82,1.446,0,0,0,0,0,0,0,0,0,0,0
4.825,1.4475,0,0,0,0,0,0,0,0,0,0,0
4.83,1.449,0,0,0,0,0,0,0,0,0,0,0
4.835,1.4505,0,0,0,0,0,0,0,0,0,0,0
4.84,1.452,0,0,0,0,0,0,0,0,0,0,0
4.845,1.4535,0,0,0,0,0,0,0,0,0,0,0
4.85,1.455,0,0,0,0,0,0,0,0,0,0,0
4.855,1.4565,0,0,0,0,0,0,0,0,0,0,0
4.86,1.458,0,0,0,0,0,0,0,0,0,0,0
4.865,1.4595,0,0,0,0,0,0,0,0,0,0,0
4.87,1.461,0,0,0,0,0,0,0,0,0,0,0
4.875,1.4625,0,0,0,0,0,0,0,0,0,0,0
4.88,1.464,0,0,0,0,0,0,0,0,0,0,0
4.885,1.4655,0,0,0,0,0,0,0,0,0,0,0
4.89,1.467,0,0,0,0,0,0,0,0,0,0,0
4.895,1.4685,0,0,0,0,0,0,0,0,0,0,0
4.9,1.47,0,0,0,0,0,0,0,0,0,0,0
4.905,1.4715,0,0,0,0,0,0,0,0,0,0,0
4.91,1.473,0,0,0,0,0,0,0,0,0,0,0
4.915,1.4745,0,0,0,0,0,0,0,0,0,0,0
4.92,1.476,0,0,0,0,0,0,0,0,0,0,0
4.925,1.4775,0,0,0,0,0,0,0,0,0,0,0
4.93,1.479,0,0,0,0,0,0,0,0,0,0,0
4.935,1.4805,0,0,0,0,0,0,0,0,0,0,0
4.94,1.482,0,0,0,0,0,0,0,0,0,0,0
4.945,1.4835,0,0,0,0,0,0,0,0,0,0,0
4.95,1.485,0,0,0,0,0,0,0,0,0,0,0
4.955,1.4865,0,0,0,0,0,0,0,0,0,0,0
4.96,1.488,0,0,0,0,0,0,0,0,0,0,0
4.965,1.4895,0,0,0,0,0,0,0,0,0,0,0
4.97,1.491,0,0,0,0,0,0,0,0,0,0,0
4.975,1.4925,0,0,0,0,0,0,0,0,0,0,0
4.98,1.494,0,0,0,0,0,0,0,0,0,0,0
4.985,1.4955,0,0,0,0,0,0,0,0,0,0,0
4.99,1.497,0,0,0,0,0,0,0,0,0,0,0
4.995,1.4985,0,0,0,0,0,0,0,0,0,0,0
5,1.5,0,0,0,0,0,0,0,0,0,0,0
5.005,1.5015,0,0,0,0,0,0,0,0,0,0,0
5.01,1.503,0,0,0,0,0,0,0,0,0,0,0
5.015,1.5045,0,0,0,0,0,0,0,0,0,0,0
5.02,1.506,0,0,0,0,0,0,0,0,0,0,0
5.025,1.5075,0,0,0,0,0,0,0,0,0,0,0
5.03,1.509,0,0,0,0,0,0,0,0,0,0,0
5.035,1.5105,0,0,0,0,0,0,0,0,0,0,0
5.04,1.512,0,0,0,0,0,0,0,0,0,0,0
5.045,1.5135,0,0,0,0,0,0,0,0,0,0,0
5.05,1.515,0,0,0,0,0,0,0,0,0,0,0
5.055,1.5165,0,0,0,0,0,0,0,0,0,0,0
5.06,1.518,0,0,0,0,0,0,0,0,0,0,0
5.065,1.5195,0,0,0,0,0,0,0,0,0,0,0
5.07,1.521,0,0,0,0,0,0,0,0,0,0,0
5.075,1.5225,0,0,0,0,0,0,0,0,0,0,0
5.08,1.524,0,0,0,0,0,0,0,0,0,0,0
5.085,1.5255,0,0,0,0,0,0,0,0,0,0,0
5.09,1.527,0,0,0,0,0,0,0,0,0,0,0
5.095,1.5285,0,0,0,0,0,0,0,0,0,0,0
5.1,1.53,0,0,0,0,0,0,0,0,0,0,0
5.105,1.5315,0,0,0,0,0,0,0,0,0,0,0
5.11,1.533,0,0,0,0,0,0,0,0,0,0,0
5.115,1.5345,0,0,0,0,0,0,0,0,0,0,0
5.12,1.536,0,0,0,0,0,0,0,0,0,0,0
5.125,1.5375,0,0,0,0,0,0,0,0,0,0,0
5.13,1.539,0,0,0,0,0,0,0,0,0,0,0
5.135,1.5405,0,0,0,0,0,0,0,0,0,0,0
5.14,1.542,0,0,0,0,0,0,0,0,0,0,0
5.145,1.5435,0,0,0,0,0,0,0,0,0,0,0
5.15,1.545,0,0,0,0,0,0,0,0,0,0,0
5.155,1.5465,0,0,0,0,0,0,0,0,0,0,0
5.16,1.548,0,0,0,0,0,0,0,0,0,0,0
5.165,1.5495,0,0,0,0,0,0,0,0,0,0,0
5.17,1.551,0,0,0,0,0,0,0,0,0,0,0
5.175,1.5525,0,0,0,0,0,0,0,0,0,0,0
5.18,1.554,0,0,0,0,0,0,0,0,0,0,0
5.185,1.5555,0,0,0,0,0,0,0,0,0,0,0
5.19,1.557,0,0,0,0,0,0,0,0,0,0,0
5.195,1.5585,0,0,0,0,0,0,0,0,0,0,0
5.2,1.56,0,0,0,0,0,0,0,0,0,0,0
5.205,1.5615,0,0,0,0,0,0,0,0,0,0,0
5.21,1.563,0,0,0,0,0,0,0,0,0,0,0
5.215,1.5645,0,0,0,0,0,0,0,0,0,0,0
5.22,1.566,0,0,0,0,0,0,0,0,0,0,0
5.225,1.5675,0,0,0,0,0,0,0,0,0,0,0
5.23,1.569,0,0,0,0,0,0,0,0,0,0,0
5.235,1.5705,0,0,0,0,0,0,0,0,0,0,0
5.24,1.572,0,0,0,0,0,0,0,0,0,0,0
5.245,1.5735,0,0,0,0,0,0,0,0,0,0,0
5.25,1.575,0,0,0,0,0,0,0,0,0,0,0
5.255,1.5765,0,0,0,0,0,0,0,0,0,0,0
5.26,1.578,0,0,0,0,0,0,0,0,0,0,0
5.265,1.5795,0,0,0,0,0,0,0,0,0,0,0
5.27,1.581,0,0,0,0,0,0,0,0,0,0,0
5.275,1.5825,0,0,0,0,0,0,0,0,0,0,0
5.28,1.584,0,0,0,0,0,0,0,0,0,0,0
5.285,1.5855,0,0,0,0,0,0,0,0,0,0,0
5.29,1.587,0,0,0,0,0,0,0,0,0,0,0
5.295,1.5885,0,0,0,0,0,0,0,0,0,0,0
5.3,1.59,0,0,0,0,0,0,0,0,0,0,0
5.305,1.5915,0,0,0,0,0,0,0,0,0,0,0
5.31,1.593,0,0,0,0,0,0,0,0,0,0,0
5.315,1.5945,0,0,0,0,0,0,0,0,0,0,0
5.32,1.596,0,0,0,0,0,0,0,0,0,0,0
5.325,1.5975,0,0,0,0,0,0,0,0,0,0,0
5.33,1.599,0,0,0,0,0,0,0,0,0,0,0
5.335,1.6005,0,0,0,0,0,0,0,0,0,0,0
5.34,1.602,0,0,0,0,0,0,0,0,0,0,0
5.345,1.6035,0,0,0,0,0,0,0,0,0,0,0
5.35,1.605,0,0,0,0,0,0,0,0,0,0,0
5.355,1.6065,0,0,0,0,0,0,0,0,0,0,0
5.36,1.608,0,0,0,0,0,0,0,0,0,0,0
5.365,1.6095,0,0,0,0,0,0,0,0,0,0,0
5.37,1.611,0,0,0,0,0,0,0,0,0,0,0
5.375,1.6125,0,0,0,0,0,0,0,0,0,0,0
5.38,1.614,0,0,0,0,0,0,0,0,0,0,0
5.385,1.6155,0,0,0,0,0,0,0,0,0,0,0
5.39,1.617,0,0,0,0,0,0,0,0,0,0,0
5.395,1.6185,0,0,0,0,0,0,0,0,0,0,0
5.4,1.62,0,0,0,0,0,0,0,0,0,0,0
5.405,1.6215,0,0,0,0,0,0,0,0,0,0,0
5.41,1.623,0,0,0,0,0,0,0,0,0,0,0
5.415,1.6245,0,0,0,0,0,0,0,0,0,0,0
5.42,1.626,0,0,0,0,0,0,0,0,0,0,0
5.425,1.6275,0,0,0,0,0,0,0,0,0,0,0
5.43,1.629,0,0,0,0,0,0,0,0,0,0,0
5.435,1.6305,0,0,0,0,0,0,0,0,0,0,0
5.44,1.632,0,0,0,0,0,0,0,0,0,0,0
5.445,1.6335,0,0,0,0,0,0,0,0,0,0,0
5.45,1.635,0,0,0,0,0,0,0,0,0,0,0
5.455,1.6365,0,0,0,0,0,0,0,0,0,0,0
5.46,1.638,0,0,0,0,0,0,0,0,0,0,0
5.465,1.6395,0,0,0,0,0,0,0,0,0,0,0
5.47,1.641,0,0,0,0,0,0,0,0,0,0,0
5.475,1.6425,0,0,0,0,0,0,0,0,0,0,0
5.48,1.644,0,0,0,0,0,0,0,0,0,0,0
5.485,1.6455,0,0,0,0,0,0,0,0,0,0,0
5.49,1.647,0,0,0,0,0,0,0,0,0,0,0
5.495,1.6485,0,0,0,0,0,0,0,0,0,0,0
5.5,1.65,0,0,0,0,0,0,0,0,0,0,0
5.505,1.6515,0,0,0,0,0,0,0,0,0,0,0
5.51,1.653,0,0,0,0,0,0,0,0,0,0,0
5.515,1.6545,0,0,0,0,0,0,0,0,0,0,0
5.52,1.656,0,0,0,0,0,0,0,0,0,0,0
5.525,1.6575,0,0,0,0,0,0,0,0,0,0,0
5.53,1.659,0,0,0,0,0,0,0,0,0,0,0
5.535,1.6605,0,0,0,0,0,0,0,0,0,0,0
5.54,1.662,0,0,0,0,0,0,0,0,0,0,0
5.545,1.6635,0,0,0,0,0,0,0,0,0,0,0
5.55,1.665,0,0,0,0,0,0,0,0,0,0,0
5.555,1.6665,0,0,0,0,0,0,0,0,0,0,0
5.56,1.668,0,0,0,0,0,0,0,0,0,0,0
5.565,1.6695,0,0,0,0,0,0,0,0,0,0,0
5.57,1.671,0,0,0,0,0,0,0,0,0,0,0
5.575,1.6725,0,0,0,0,0,0,0,0,0,0,0
5.58,1.674,0,0,0,0,0,0,0,0,0,0,0
5.585,1.6755,0,0,0,0,0,0,0,0,0,0,0
5.59,1.677,0,0,0,0,0,0,0,0,0,0,0
5.595,1.6785,0,0,0,0,0,0,0,0,0,0,0
5.6,1.68,0,0,0,0,0,0,0,0,0,0,0
5.605,1.6815,0,0,0,0,0,0,0,0,0,0,0
5.61,1.683,0,0,0,0,0,0,0,0,0,0,0
5.615,1.6845,0,0,0,0,0,0,0,0,0,0,0
5.62,1.686,0,0,0,0,0,0,0,0,0,0,0
5.625,1.6875,0,0,0,0,0,0,0,0,0,0,0
5.63,1.689,0,0,0,0,0,0,0,0,0,0,0
5.635,1.6905,0,0,0,0,0,0,0,0,0,0,0
5.64,1.692,0,0,0,0,0,0,0,0,0,0,0
5.645,1.6935,0,0,0,0,0,0,0,0,0,0,0
5.65,1.695,0,0,0,0,0,0,0,0,0,0,0
5.655,1.6965,0,0,0,0,0,0,0,0,0,0,0
5.66,1.698,0,0,0,0,0,0,0,0,0,0,0
5.665,1.6995,0,0,0,0,0,0,0,0,0,0,0
5.67,1.701,0,0,0,0,0,0,0,0,0,0,0
5.675,1.7025,0,0,0,0,0,0,0,0,0,0,0
5.68,1.704,0,0,0,0,0,0,0,0,0,0,0
5.685,1.7055,0,0,0,0,0,0,0,0,0,0,0
5.69,1.707,0,0,0,0,0,0,0,0,0,0,0
5.695,1.7085,0,0,0,0,0,0,0,0,0,0,0
5.7,1.71,0,0,0,0,0,0,0,0,0,0,0
5.705,1.7115,0,0,0,0,0,0,0,0,0,0,0
5.71,1.713,0,0,0,0,0,0,0,0,0,0,0
5.715,1.7145,0,0,0,0,0,0,0,0,0,0,0
5.72,1.716,0,0,0,0,0,0,0,0,0,0,0
5.725,1.7175,0,0,0,0,0,0,0,0,0,0,0
5.73,1.719,0,0,0,0,0,0,0,0,0,0,0
5.735,1.7205,0,0,0,0,0,0,0,0,0,0,0
5.74,1.722,0,0,0,0,0,0,0,0,0,0,0
5.745,1.7235,0,0,0,0,0,0,0,0,0,0,0
5.75,1.725,0,0,0,0,0,0,0,0,0,0,0
5.755,1.7265,0,0,0,0,0,0,0,0,0,0,0
5.76,1.728,0,0,0,0,0,0,0,0,0,0,0
5.765,1.7295,0,0,0,0,0,0,0,0,0,0,0
5.77,1.731,0,0,0,0,0,0,0,0,0,0,0
5.775,1.7325,0,0,0,0,0,0,0,0,0,0,0
5.78,1.734,0,0,0,0,0,0,0,0,0,0,0
5.785,1.7355,0,0,0,0,0,0,0,0,0,0,0
5.79,1.737,0,0,0,0,0,0,0,0,0,0,0
5.795,1.7385,0,0,0,0,0,0,0,0,0,0,0
5.8,1.74,0,0,0,0,0,0,0,0,0,0,0
5.805,1.7415,0,0,0,0,0,0,0,0,0,0,0
5.81,1.743,0,0,0,0,0,0,0,0,0,0,0
5.815,1.7445,0,0,0,0,0,0,0,0,0,0,0
5.82,1.746,0,0,0,0,0,0,0,0,0,0,0
5.825,1.7475,0,0,0,0,0,0,0,0,0,0,0
5.83,1.749,0,0,0,0,0,0,0,0,0,0,0
5.835,1.7505,0,0,0,0,0,0,0,0,0,0,0
5.84,1.752,0,0,0,0,0,0,0,0,0,0,0
5.845,1.7535,0,0,0,0,0,0,0,0,0,0,0
5.85,1.755,0,0,0,0,0,0,0,0,0,0,0
5.855,1.7565,0,0,0,0,0,0,0,0,0,0,0
5.86,1.758,0,0,0,0,0,0,0,0,0,0,0
5.865,1.7595,0,0,0,0,0,0,0,0,0,0,0
5.87,1.761,0,0,0,0,0,0,0,0,0,0,0
5.875,1.7625,0,0,0,0,0,0,0,0,0,0,0
5.88,1.764,0,0,0,0,0,0,0,0,0,0,0
5.885,1.7655,0,0,0,0,0,0,0,0,0,0,0
5.89,1.767,0,0,0,0,0,0,0,0,0,0,0
5.895,1.7685,0,0,0,0,0,0,0,0,0,0,0
5.9,1.77,0,0,0,0,0,0,0,0,0,0,0
5.905,1.7715,0,0,0,0,0,0,0,0,0,0,0
5.91,1.773,0,0,0,0,0,0,0,0,0,0,0
5.915,1.7745,0,0,0,0,0,0,0,0,0,0,0
5.92,1.776,0,0,0,0,0,0,0,0,0,0,0
5.925,1.7775,0,0,0,0,0,0,0,0,0,0,0
5.93,1.779,0,0,0,0,0,0,0,0,0,0,0
5.935,1.7805,0,0,0,0,0,0,0,0,0,0,0
5.94,1.782,0,0,0,0,0,0,0,0,0,0,0
5.945,1.7835,0,0,0,0,0,0,0,0,0,0,0
5.95,1.785,0,0,0,0,0,0,0,0,0,0,0
5.955,1.7865,0,0,0,0,0,0,0,0,0,0,0
5.96,1.788,0,0,0,0,0,0,0,0,0,0,0
5.965,1.7895,0,0,0,0,0,0,0,0,0,0,0
5.97,1.791,0,0,0,0,0,0,0,0,0,0,0
5.975,1.7925,0,0,0,0,0,0,0,0,0,0,0
5.98,1.794,0,0,0,0,0,0,0,0,0,0,0
5.985,1.7955,0,0,0,0,0,0,0,0,0,0,0
5.99,1.797,0,0,0,0,0,0,0,0,0,0,0
5.995,1.7985,0,0,0,0,0,0,0,0,0,0,0
6,1.8,0,0,0,0,0,0,0,0,0,0,0
6.005,1.8015,0,0,0,0,0,0,0,0,0,0,0
6.01,1.803,0,0,0,0,0,0,0,0,0,0,0
6.015,1.8045,0,0,0,0,0,0,0,0,0,0,0
6.02,1.806,0,0,0,0,0,0,0,0,0,0,0
6.025,1.8075,0,0,0,0,0,0,0,0,0,0,0
6.03,1.809,0,0,0,0,0,0,0,0,0,0,0
6.035,1.8105,0,0,0,0,0,0,0,0,0,0,0
6.04,1.812,0,0,0,0,0,0,0,0,0,0,0
6.045,1.8135,0,0,0,0,0,0,0,0,0,0,0
6.05,1.815,0,0,0,0,0,0,0,0,0,0,0
6.055,1.8165,0,0,0,0,0,0,0,0,0,0,0
6.06,1.818,0,0,0,0,0,0,0,0,0,0,0
6.065,1.8195,0,0,0,0,0,0,0,0,0,0,0
6.07,1.821,0,0,0,0,0,0,0,0,0,0,0
6.075,1.8225,0,0,0,0,0,0,0,0,0,0,0
6.08,1.824,0,0,0,0,0,0,0,0,0,0,0
6.085,1.8255,0,0,0,0,0,0,0,0,0,0,0
6.09,1.827,0,0,0,0,0,0,0,0,0,0,0
6.095,1.8285,0,0,0,0,0,0,0,0,0,0,0
6.1,1.83,0,0,0,0,0,0,0,0,0,0,0
6.105,1.8315,0,0,0,0,0,0,0,0,0,0,0
6.11,1.833,0,0,0,0,0,0,0,0,0,0,0
6.115,1.8345,0,0,0,0,0,0,0,0,0,0,0
6.12,1.836,0,0,0,0,0,0,0,0,0,0,0
6.125,1.8375,0,0,0,0,0,0,0,0,0,0,0
6.13,1.839,0,0,0,0,0,0,0,0,0,0,0
6.135,1.8405,0,0,0,0,0,0,0,0,0,0,0
6.14,1.842,0,0,0,0,0,0,0,0,0,0,0
6.145,1.8435,0,0,0,0,0,0,0,0,0,0,0
6.15,1.845,0,0,0,0,0,0,0,0,0,0,0
6.155,1.8465,0,0,0,0,0,0,0,0,0,0,0
6.16,1.848,0,0,0,0,0,0,0,0,0,0,0
6.165,1.8495,0,0,0,0,0,0,0,0,0,0,0
6.17,1.851,0,0,0,0,0,0,0,0,0,0,0
6.175,1.8525,0,0,0,0,0,0,0,0,0,0,0
6.18,1.854,0,0,0,0,0,0,0,0,0,0,0
6.185,1.8555,0,0,0,0,0,0,0,0,0,0,0
6.19,1.857,0,0,0,0,0,0,0,0,0,0,0
6.195,1.8585,0,0,0,0,0,0,0,0,0,0,0
6.2,1.86,0,0,0,0,0,0,0,0,0,0,0
6.205,1.8615,0,0,0,0,0,0,0,0,0,0,0
6.21,1.863,0,0,0,0,0,0,0,0,0,0,0
6.215,1.8645,0,0,0,0,0,0,0,0,0,0,0
6.22,1.866,0,0,0,0,0,0,0,0,0,0,0
6.225,1.8675,0,0,0,0,0,0,0,0,0,0,0
6.23,1.869,0,0,0,0,0,0,0,0,0,0,0
6.235,1.8705,0,0,0,0,0,0,0,0,0,0,0
6.24,1.872,0,0,0,0,0,0,0,0,0,0,0
6.245,1.8735,0,0,0,0,0,0,0,0,0,0,0
6.25,1.875,0,0,0,0,0,0,0,0,0,0,0
6.255,1.8765,0,0,0,0,0,0,0,0,0,0,0
6.26,1.878,0,0,0,0,0,0,0,0,0,0,0
6.265,1.8795,0,0,0,0,0,0,0,0,0,0,0
6.27,1.881,0,0,0,0,0,0,0,0,0,0,0
6.275,1.8825,0,0,0,0,0,0,0,0,0,0,0
6.28,1.884,0,0,0,0,0,0,0,0,0,0,0
6.285,1.8855,0,0,0,0,0,0,0,0,0,0,0
6.29,1.887,0,0,0,0,0,0,0,0,0,0,0
6.295,1.8885,0,0,0,0,0,0,0,0,0,0,0
6.3,1.89,0,0,0,0,0,0,0,0,0,0,0
6.305,1.8915,0,0,0,0,0,0,0,0,0,0,0
6.31,1.893,0,0,0,0,0,0,0,0,0,0,0
6.315,1.8945,0,0,0,0,0,0,0,0,0,0,0
6.32,1.896,0,0,0,0,0,0,0,0,0,0,0
6.325,1.8975,0,0,0,0,0,0,0,0,0,0,0
6.33,1.899,0,0,0,0,0,0,0,0,0,0,0
6.335,1.9005,0,0,0,0,0,0,0,0,0,0,0
6.34,1.902,0,0,0,0,0,0,0,0,0,0,0
6.345,1.9035,0,0,0,0,0,0,0,0,0,0,0
6.35,1.905,0,0,0,0,0,0,0,0,0,0,0
6.355,1.9065,0,0,0,0,0,0,0,0,0,0,0
6.36,1.908,0,0,0,0,0,0,0,0,0,0,0
6.365,1.9095,0,0,0,0,0,0,0,0,0,0,0
6.37,1.911,0,0,0,0,0,0,0,0,0,0,0
6.375,1.9125,0,0,0,0,0,0,0,0,0,0,0
6.38,1.914,0,0,0,0,0,0,0,0,0,0,0
6.385,1.9155,0,0,0,0,0,0,0,0,0,0,0
6.39,1.917,0,0,0,0,0,0,0,0,0,0,0
6.395,1.9185,0,0,0,0,0,0,0,0,0,0,0
6.4,1.92,0,0,0,0,0,0,0,0,0,0,0
6.405,1.9215,0,0,0,0,0,0,0,0,0,0,0
6.41,1.923,0,0,0,0,0,0,0,0,0,0,0
6.415,1.9245,0,0,0,0,0,0,0,0,0,0,0
6.42,1.926,0,0,0,0,0,0,0,0,0,0,0
6.425,1.9275,0,0,0,0,0,0,0,0,0,0,0
6.43,1.929,0,0,0,0,0,0,0,0,0,0,0
6.435,1.9305,0,0,0,0,0,0,0,0,0,0,0
6.44,1.932,0,0,0,0,0,0,0,0,0,0,0
6.445,1.9335,0,0,0,0,0,0,0,0,0,0,0
6.45,1.935,0,0,0,0,0,0,0,0,0,0,0
6.455,1.9365,0,0,0,0,0,0,0,0,0,0,0
6.46,1.938,0,0,0,0,0,0,0,0,0,0,0
6.465,1.9395,0,0,0,0,0,0,0,0,0,0,0
6.47,1.941,0,0,0,0,0,0,0,0,0,0,0
6.475,1.9425,0,0,0,0,0,0,0,0,0,0,0
6.48,1.944,0,0,0,0,0,0,0,0,0,0,0
6.485,1.9455,0,0,0,0,0,0,0,0,0,0,0
6.49,1.947,0,0,0,0,0,0,0,0,0,0,0
6.495,1.9485,0,0,0,0,0,0,0,0,0,0,0
6.5,1.95,0,0,0,0,0,0,0,0,0,0,0
6.505,1.9515,0,0,0,0,0,0,0,0,0,0,0
6.51,1.953,0,0,0,0,0,0,0,0,0,0,0
6.515,1.9545,0,0,0,0,0,0,0,0,0,0,0
6.52,1.956,0,0,0,0,0,0,0,0,0,0,0
6.525,1.9575,0,0,0,0,0,0,0,0,0,0,0
6.53,1.959,0,0,0,0,0,0,0,0,0,0,0
6.535,1.9605,0,0,0,0,0,0,0,0,0,0,0
6.54,1.962,0,0,0,0,0,0,0,0,0,0,0
6.545,1.9635,0,0,0,0,0,0,0,0,0,0,0
6.55,1.965,0,0,0,0,0,0,0,0,0,0,0
6.555,1.9665,0,0,0,0,0,0,0,0,0,0,0
6.56,1.968,0,0,0,0,0,0,0,0,0,0,0
6.565,1.9695,0,0,0,0,0,0,0,0,0,0,0
6.57,1.971,0,0,0,0,0,0,0,0,0,0,0
6.575,1.9725,0,0,0,0,0,0,0,0,0,0,0
6.58,1.974,0,0,0,0,0,0,0,0,0,0,0
6.585,1.9755,0,0,0,0,0,0,0,0,0,0,0
6.59,1.977,0,0,0,0,0,0,0,0,0,0,0
6.595,1.9785,0,0,0,0,0,0,0,0,0,0,0
6.6,1.98,0,0,0,0,0,0,0,0,0,0,0
6.605,1.9815,0,0,0,0,0,0,0,0,0,0,0
6.61,1.983,0,0,0,0,0,0,0,0,0,0,0
6.615,1.9845,0,0,0,0,0,0,0,0,0,0,0
6.62,1.986,0,0,0,0,0,0,0,0,0,0,0
6.625,1.9875,0,0,0,0,0,0,0,0,0,0,0
6.63,1.989,0,0,0,0,0,0,0,0,0,0,0
6.635,1.9905,0,0,0,0,0,0,0,0,0,0,0
6.64,1.992,0,0,0,0,0,0,0,0,0,0,0
6.645,1.9935,0,0,0,0,0,0,0,0,0,0,0
6.65,1.995,0,0,0,0,0,0,0,0,0,0,0
6.655,1.9965,0,0,0,0,0,0,0,0,0,0,0
6.66,1.998,0,0,0,0,0,0,0,0,0,0,0
6.665,1.9995,0,0,0,0,0,0,0,0,0,0,0
6.67,2.001,0,0,0,0,0,0,0,0,0,0,0
6.675,2.0025,0,0,0,0,0,0,0,0,0,0,0
6.68,2.004,0,0,0,0,0,0,0,0,0,0,0
6.685,2.0055,0,0,0,0,0,0,0,0,0,0,0
6.69,2.007,0,0,0,0,0,0,0,0,0,0,0
6.695,2.0085,0,0,0,0,0,0,0,0,0,0,0
6.7,2.01,0,0,0,0,0,0,0,0,0,0,0
6.705,2.0115,0,0,0,0,0,0,0,0,0,0,0
6.71,2.013,0,0,0,0,0,0,0,0,0,0,0
6.715,2.0145,0,0,0,0,0,0,0,0,0,0,0
6.72,2.016,0,0,0,0,0,0,0,0,0,0,0
6.725,2.0175,0,0,0,0,0,0,0,0,0,0,0
6.73,2.019,0,0,0,0,0,0,0,0,0,0,0
6.735,2.0205,0,0,0,0,0,0,0,0,0,0,0
6.74,2.022,0,0,0,0,0,0,0,0,0,0,0
6.745,2.0235,0,0,0,0,0,0,0,0,0,0,0
6.75,2.025,0,0,0,0,0,0,0,0,0,0,0
6.755,2.0265,0,0,0,0,0,0,0,0,0,0,0
6.76,2.028,0,0,0,0,0,0,0,0,0,0,0
6.765,2.0295,0,0,0,0,0,0,0,0,0,0,0
6.77,2.031,0,0,0,0,0,0,0,0,0,0,0
6.775,2.0325,0,0,0,0,0,0,0,0,0,0,0
6.78,2.034,0,0,0,0,0,0,0,0,0,0,0
6.785,2.0355,0,0,0,0,0,0,0,0,0,0,0
6.79,2.037,0,0,0,0,0,0,0,0,0,0,0
6.795,2.0385,0,0,0,0,0,0,0,0,0,0,0
6.8,2.04,0,0,0,0,0,0,0,0,0,0,0
6.805,2.0415,0,0,0,0,0,0,0,0,0,0,0
6.81,2.043,0,0,0,0,0,0,0,0,0,0,0
6.815,2.0445,0,0,0,0,0,0,0,0,0,0,0
6.82,2.046,0,0,0,0,0,0,0,0,0,0,0
6.825,2.0475,0,0,0,0,0,0,0,0,0,0,0
6.83,2.049,0,0,0,0,0,0,0,0,0,0,0
6.835,2.0505,0,0,0,0,0,0,0,0,0,0,0
6.84,2.052,0,0,0,0,0,0,0,0,0,0,0
6.845,2.0535,0,0,0,0,0,0,0,0,0,0,0
6.85,2.055,0,0,0,0,0,0,0,0,0,0,0
6.855,2.0565,0,0,0,0,0,0,0,0,0,0,0
6.86,2.058,0,0,0,0,0,0,0,0,0,0,0
6.865,2.0595,0,0,0,0,0,0,0,0,0,0,0
6.87,2.061,0,0,0,0,0,0,0,0,0,0,0
6.875,2.0625,0,0,0,0,0,0,0,0,0,0,0
6.88,2.064,0,0,0,0,0,0,0,0,0,0,0
6.885,2.0655,0,0,0,0,0,0,0,0,0,0,0
6.89,2.067,0,0,0,0,0,0,0,0,0,0,0
6.895,2.0685,0,0,0,0,0,0,0,0,0,0,0
6.9,2.07,0,0,0,0,0,0,0,0,0,0,0
6.905,2.0715,0,0,0,0,0,0,0,0,0,0,0
6.91,2.073,0,0,0,0,0,0,0,0,0,0,0
6.915,2.0745,0,0,0,0,0,0,0,0,0,0,0
6.92,2.076,0,0,0,0,0,0,0,0,0,0,0
6.925,2.0775,0,0,0,0,0,0,0,0,0,0,0
6.93,2.079,0,0,0,0,0,0,0,0,0,0,0
6.935,2.0805,0,0,0,0,0,0,0,0,0,0,0
6.94,2.082,0,0,0,0,0,0,0,0,0,0,0
6.945,2.0835,0,0,0,0,0,0,0,0,0,0,0
6.95,2.085,0,0,0,0,0,0,0,0,0,0,0
6.955,2.0865,0,0,0,0,0,0,0,0,0,0,0
6.96,2.088,0,0,0,0,0,0,0,0,0,0,0
6.965,2.0895,0,0,0,0,0,0,0,0,0,0,0
6.97,2.091,0,0,0,0,0,0,0,0,0,0,0
6.975,2.0925,0,0,0,0,0,0,0,0,0,0,0
6.98,2.094,0,0,0,0,0,0,0,0,0,0,0
6.985,2.0955,0,0,0,0,0,0,0,0,0,0,0
6.99,2.097,0,0,0,0,0,0,0,0,0,0,0
6.995,2.0985,0,0,0,0,0,0,0,0,0,0,0
7,2.1,0,0,0,0,0,0,0,0,0,0,0
7.005,2.1015,0,0,0,0,0,0,0,0,0,0,0
7.01,2.103,0,0,0,0,0,0,0,0,0,0,0
7.015,2.1045,0,0,0,0,0,0,0,0,0,0,0
7.02,2.106,0,0,0,0,0,0,0,0,0,0,0
7.025,2.1075,0,0,0,0,0,0,0,0,0,0,0
7.03,2.109,0,0,0,0,0,0,0,0,0,0,0
7.035,2.1105,0,0,0,0,0,0,0,0,0,0,0
7.04,2.112,0,0,0,0,0,0,0,0,0,0,0
7.045,2.1135,0,0,0,0,0,0,0,0,0,0,0
7.05,2.115,0,0,0,0,0,0,0,0,0,0,0
7.055,2.1165,0,0,0,0,0,0,0,0,0,0,0
7.06,2.118,0,0,0,0,0,0,0,0,0,0,0
7.065,2.1195,0,0,0,0,0,0,0,0,0,0,0
7.07,2.121,0,0,0,0,0,0,0,0,0,0,0
7.075,2.1225,0,0,0,0,0,0,0,0,0,0,0
7.08,2.124,0,0,0,0,0,0,0,0,0,0,0
7.085,2.1255,0,0,0,0,0,0,0,0,0,0,0
7.09,2.127,0,0,0,0,0,0,0,0,0,0,0
7.095,2.1285,0,0,0,0,0,0,0,0,0,0,0
7.1,2.13,0,0,0,0,0,0,0,0,0,0,0
7.105,2.1315,0,0,0,0,0,0,0,0,0,0,0
7.11,2.133,0,0,0,0,0,0,0,0,0,0,0
7.115,2.1345,0,0,0,0,0,0,0,0,0,0,0
7.12,2.136,0,0,0,0,0,0,0,0,0,0,0
7.125,2.1375,0,0,0,0,0,0,0,0,0,0,0
7.13,2.139,0,0,0,0,0,0,0,0,0,0,0
7.135,2.1405,0,0,0,0,0,0,0,0,0,0,0
7.14,2.142,0,0,0,0,0,0,0,0,0,0,0
7.145,2.1435,0,0,0,0,0,0,0,0,0,0,0
7.15,2.145,0,0,0,0,0,0,0,0,0,0,0
7.155,2.1465,0,0,0,0,0,0,0,0,0,0,0
7.16,2.148,0,0,0,0,0,0,0,0,0,0,0
7.165,2.1495,0,0,0,0,0,0,0,0,0,0,0
7.17,2.151,0,0,0,0,0,0,0,0,0,0,0
7.175,2.1525,0,0,0,0,0,0,0,0,0,0,0
7.18,2.154,0,0,0,0,0,0,0,0,0,0,0
7.185,2.1555,0,0,0,0,0,0,0,0,0,0,0
7.19,2.157,0,0,0,0,0,0,0,0,0,0,0
7.195,2.1585,0,0,0,0,0,0,0,0,0,0,0
7.2,2.16,0,0,0,0,0,0,0,0,0,0,0
7.205,2.1615,0,0,0,0,0,0,0,0,0,0,0
7.21,2.163,0,0,0,0,0,0,0,0,0,0,0
7.215,2.1645,0,0,0,0,0,0,0,0,0,0,0
7.22,2.166,0,0,0,0,0,0,0,0,0,0,0
7.225,2.1675,0,0,0,0,0,0,0,0,0,0,0
7.23,2.169,0,0,0,0,0,0,0,0,0,0,0
7.235,2.1705,0,0,0,0,0,0,0,0,0,0,0
7.24,2.172,0,0,0,0,0,0,0,0,0,0,0
7.245,2.1735,0,0,0,0,0,0,0,0,0,0,0
7.25,2.175,0,0,0,0,0,0,0,0,0,0,0
7.255,2.1765,0,0,0,0,0,0,0,0,0,0,0
7.26,2.178,0,0,0,0,0,0,0,0,0,0,0
7.265,2.1795,0,0,0,0,0,0,0,0,0,0,0
7.27,2.181,0,0,0,0,0,0,0,0,0,0,0
7.275,2.1825,0,0,0,0,0,0,0,0,0,0,0
7.28,2.184,0,0,0,0,0,0,0,0,0,0,0
7.285,2.1855,0,0,0,0,0,0,0,0,0,0,0
7.29,2.187,0,0,0,0,0,0,0,0,0,0,0
7.295,2.1885,0,0,0,0,0,0,0,0,0,0,0
7.3,2.19,0,0,0,0,0,0,0,0,0,0,0
7.305,2.1915,0,0,0,0,0,0,0,0,0,0,0
7.31,2.193,0,0,0,0,0,0,0,0,0,0,0
7.315,2.1945,0,0,0,0,0,0,0,0,0,0,0
7.32,2.196,0,0,0,0,0,0,0,0,0,0,0
7.325,2.1975,0,0,0,0,0,0,0,0,0,0,0
7.33,2.199,0,0,0,0,0,0,0,0,0,0,0
7.335,2.2005,0,0,0,0,0,0,0,0,0,0,0
7.34,2.202,0,0,0,0,0,0,0,0,0,0,0
7.345,2.2035,0,0,0,0,0,0,0,0,0,0,0
7.35,2.205,0,0,0,0,0,0,0,0,0,0,0
7.355,2.2065,0,0,0,0,0,0,0,0,0,0,0
7.36,2.208,0,0,0,0,0,0,0,0,0,0,0
7.365,2.2095,0,0,0,0,0,0,0,0,0,0,0
7.37,2.211,0,0,0,0,0,0,0,0,0,0,0
7.375,2.2125,0,0,0,0,0,0,0,0,0,0,0
7.38,2.214,0,0,0,0,0,0,0,0,0,0,0
7.385,2.2155,0,0,0,0,0,0,0,0,0,0,0
7.39,2.217,0,0,0,0,0,0,0,0,0,0,0
7.395,2.2185,0,0,0,0,0,0,0,0,0,0,0
7.4,2.22,0,0,0,0,0,0,0,0,0,0,0
7.405,2.2215,0,0,0,0,0,0,0,0,0,0,0
7.41,2.223,0,0,0,0,0,0,0,0,0,0,0
7.415,2.2245,0,0,0,0,0,0,0,0,0,0,0
7.42,2.226,0,0,0,0,0,0,0,0,0,0,0
7.425,2.2275,0,0,0,0,0,0,0,0,0,0,0
7.43,2.229,0,0,0,0,0,0,0,0,0,0,0
7.435,2.2305,0,0,0,0,0,0,0,0,0,0,0
7.44,2.232,0,0,0,0,0,0,0,0,0,0,0
7.445,2.2335,0,0,0,0,0,0,0,0,0,0,0
7.45,2.235,0,0,0,0,0,0,0,0,0,0,0
7.455,2.2365,0,0,0,0,0,0,0,0,0,0,0
7.46,2.238,0,0,0,0,0,0,0,0,0,0,0
7.465,2.2395,0,0,0,0,0,0,0,0,0,0,0
7.47,2.241,0,0,0,0,0,0,0,0,0,0,0
7.475,2.2425,0,0,0,0,0,0,0,0,0,0,0
7.48,2.244,0,0,0,0,0,0,0,0,0,0,0
7.485,2.2455,0,0,0,0,0,0,0,0,0,0,0
7.49,2.247,0,0,0,0,0,0,0,0,0,0,0
7.495,2.2485,0,0,0,0,0,0,0,0,0,0,0
7.5,2.25,0,0,0,0,0,0,0,0,0,0,0
7.505,2.2515,0,0,0,0,0,0,0,0,0,0,0
7.51,2.253,0,0,0,0,0,0,0,0,0,0,0
7.515,2.2545,0,0,0,0,0,0,0,0,0,0,0
7.52,2.256,0,0,0,0,0,0,0,0,0,0,0
7.525,2.2575,0,0,0,0,0,0,0,0,0,0,0
7.53,2.259,0,0,0,0,0,0,0,0,0,0,0
7.535,2.2605,0,0,0,0,0,0,0,0,0,0,0
7.54,2.262,0,0,0,0,0,0,0,0,0,0,0
7.545,2.2635,0,0,0,0,0,0,0,0,0,0,0
7.55,2.265,0,0,0,0,0,0,0,0,0,0,0
7.555,2.2665,0,0,0,0,0,0,0,0,0,0,0
7.56,2.268,0,0,0,0,0,0,0,0,0,0,0
7.565,2.2695,0,0,0,0,0,0,0,0,0,0,0
7.57,2.271,0,0,0,0,0,0,0,0,0,0,0
7.575,2.2725,0,0,0,0,0,0,0,0,0,0,0
7.58,2.274,0,0,0,0,0,0,0,0,0,0,0
7.585,2.2755,0,0,0,0,0,0,0,0,0,0,0
7.59,2.277,0,0,0,0,0,0,0,0,0,0,0
7.595,2.2785,0,0,0,0,0,0,0,0,0,0,0
7.6,2.28,0,0,0,0,0,0,0,0,0,0,0
7.605,2.2815,0,0,0,0,0,0,0,0,0,0,0
7.61,2.283,0,0,0,0,0,0,0,0,0,0,0
7.615,2.2845,0,0,0,0,0,0,0,0,0,0,0
7.62,2.286,0,0,0,0,0,0,0,0,0,0,0
7.625,2.2875,0,0,0,0,0,0,0,0,0,0,0
7.63,2.289,0,0,0,0,0,0,0,0,0,0,0
7.635,2.2905,0,0,0,0,0,0,0,0,0,0,0
7.64,2.292,0,0,0,0,0,0,0,0,0,0,0
7.645,2.2935,0,0,0,0,0,0,0,0,0,0,0
7.65,2.295,0,0,0,0,0,0,0,0,0,0,0
7.655,2.2965,0,0,0,0,0,0,0,0,0,0,0
7.66,2.298,0,0,0,0,0,0,0,0,0,0,0
7.665,2.2995,0,0,0,0,0,0,0,0,0,0,0
7.67,2.301,0,0,0,0,0,0,0,0,0,0,0
7.675,2.3025,0,0,0,0,0,0,0,0,0,0,0
7.68,2.304,0,0,0,0,0,0,0,0,0,0,0
7.685,2.3055,0,0,0,0,0,0,0,0,0,0,0
7.69,2.307,0,0,0,0,0,0,0,0,0,0,0
7.695,2.3085,0,0,0,0,0,0,0,0,0,0,0
7.7,2.31,0,0,0,0,0,0,0,0,0,0,0
7.705,2.3115,0,0,0,0,0,0,0,0,0,0,0
7.71,2.313,0,0,0,0,0,0,0,0,0,0,0
7.715,2.3145,0,0,0,0,0,0,0,0,0,0,0
7.72,2.316,0,0,0,0,0,0,0,0,0,0,0
7.725,2.3175,0,0,0,0,0,0,0,0,0,0,0
7.73,2.319,0,0,0,0,0,0,0,0,0,0,0
7.735,2.3205,0,0,0,0,0,0,0,0,0,0,0
7.74,2.322,0,0,0,0,0,0,0,0,0,0,0
7.745,2.3235,0,0,0,0,0,0,0,0,0,0,0
7.75,2.325,0,0,0,0,0,0,0,0,0,0,0
7.755,2.3265,0,0,0,0,0,0,0,0,0,0,0
7.76,2.328,0,0,0,0,0,0,0,0,0,0,0
7.765,2.3295,0,0,0,0,0,0,0,0,0,0,0
7.77,2.331,0,0,0,0,0,0,0,0,0,0,0
7.775,2.3325,0,0,0,0,0,0,0,0,0,0,0
7.78,2.334,0,0,0,0,0,0,0,0,0,0,0
7.785,2.3355,0,0,0,0,0,0,0,0,0,0,0
7.79,2.337,0,0,0,0,0,0,0,0,0,0,0
7.795,2.3385,0,0,0,0,0,0,0,0,0,0,0
7.8,2.34,0,0,0,0,0,0,0,0,0,0,0
7.805,2.3415,0,0,0,0,0,0,0,0,0,0,0
7.81,2.343,0,0,0,0,0,0,0,0,0,0,0
7.815,2.3445,0,0,0,0,0,0,0,0,0,0,0
7.82,2.346,0,0,0,0,0,0,0,0,0,0,0
7.825,2.3475,0,0,0,0,0,0,0,0,0,0,0
7.83,2.349,0,0,0,0,0,0,0,0,0,0,0
7.835,2.3505,0,0,0,0,0,0,0,0,0,0,0
7.84,2.352,0,0,0,0,0,0,0,0,0,0,0
7.845,2.3535,0,0,0,0,0,0,0,0,0,0,0
7.85,2.355,0,0,0,0,0,0,0,0,0,0,0
7.855,2.3565,0,0,0,0,0,0,0,0,0,0,0
7.86,2.358,0,0,0,0,0,0,0,0,0,0,0
7.865,2.3595,0,0,0,0,0,0,0,0,0,0,0
7.87,2.361,0,0,0,0,0,0,0,0,0,0,0
7.875,2.3625,0,0,0,0,0,0,0,0,0,0,0
7.88,2.364,0,0,0,0,0,0,0,0,0,0,0
7.885,2.3655,0,0,0,0,0,0,0,0,0,0,0
7.89,2.367,0,0,0,0,0,0,0,0,0,0,0
7.895,2.3685,0,0,0,0,0,0,0,0,0,0,0
7.9,2.37,0,0,0,0,0,0,0,0,0,0,0
7.905,2.3715,0,0,0,0,0,0,0,0,0,0,0
7.91,2.373,0,0,0,0,0,0,0,0,0,0,0
7.915,2.3745,0,0,0,0,0,0,0,0,0,0,0
7.92,2.376,0,0,0,0,0,0,0,0,0,0,0
7.925,2.3775,0,0,0,0,0,0,0,0,0,0,0
7.93,2.379,0,0,0,0,0,0,0,0,0,0,0
7.935,2.3805,0,0,0,0,0,0,0,0,0,0,0
7.94,2.382,0,0,0,0,0,0,0,0,0,0,0
7.945,2.3835,0,0,0,0,0,0,0,0,0,0,0
7.95,2.385,0,0,0,0,0,0,0,0,0,0,0
7.955,2.3865,0,0,0,0,0,0,0,0,0,0,0
7.96,2.388,0,0,0,0,0,0,0,0,0,0,0
7.965,2.3895,0,0,0,0,0,0,0,0,0,0,0
7.97,2.391,0,0,0,0,0,0,0,0,0,0,0
7.975,2.3925,0,0,0,0,0,0,0,0,0,0,0
7.98,2.394,0,0,0,0,0,0,0,0,0,0,0
7.985,2.3955,0,0,0,0,0,0,0,0,0,0,0
7.99,2.397,0,0,0,0,0,0,0,0,0,0,0
7.995,2.3985,0,0,0,0,0,0,0,0,0,0,0
8,2.4,0,0,0,0,0,0,0,0,0,0,0
