0.0077258633,0.021982376,0.96734464,-0.03126787537619615,-0.025529862816533917,-0.7237467700657532,0.6888839952368015,0.0,0.0,-0.04424089,0.45765346,-0.35952297,0.0,0.0,0.0,0.056292918,0.3168347,-0.307476,0.0,0.1614517,0.37519497,-0.22736704,0.08714805,-0.35273027,-0.24733242
0.008609931,0.021338083,0.98003685,-0.030611771922336165,-0.025097680751953486,-0.7240002309442544,0.6886629737638829,0.0014031976,-0.000861109,-0.04372692,0.45791224,-0.35930774,0.0,-0.0009296052,0.00067043304,0.0561881,0.31775567,-0.30904076,0.00024536997,0.16017912,0.37547934,-0.22715813,0.0875801,-0.35289407,-0.24729784
0.00958434,0.019951243,0.97989744,-0.030467883872197427,-0.024658528973034104,-0.7235841591983628,0.6891223618185921,0.0018514022,-0.0002539251,-0.043460466,0.4577793,-0.35915375,0.0,-0.00088357925,-0.00010884181,0.055099472,0.31834814,-0.31234246,0.0009588674,0.1576602,0.37607443,-0.22696069,0.08762603,-0.35331914,-0.24799848
0.010043097,0.018190645,0.97951806,-0.030484897995576545,-0.02379244155871001,-0.7226499263689994,0.6901316357317308,0.00075493753,0.0022367765,-0.043816857,0.45733747,-0.35966465,0.0,0.00042338297,-0.0025022198,0.053599607,0.31912103,-0.3168251,0.0019124523,0.15434648,0.3769359,-0.22651798,0.08712142,-0.35398665,-0.24944827
0.010302298,0.016393749,0.9792456,-0.029989746133466413,-0.023166620234994606,-0.7221169442724248,0.6907322503172946,-7.289648e-05,0.003846711,-0.044393163,0.4576483,-0.3614359,0.0,0.001025103,-0.0040667113,0.05252123,0.32121664,-0.32118288,0.0023996234,0.15117359,0.37770033,-0.2256739,0.08712612,-0.3545371,-0.25027257
0.010534797,0.014291805,0.978748,-0.029330955512187222,-0.022520640387434874,-0.7220605480294452,0.6908408505471424,-0.00046558678,0.0038506007,-0.04485603,0.45933473,-0.36480495,0.0,0.0005083941,-0.0041071437,0.05171177,0.32487625,-0.32548445,0.0022875965,0.14903955,0.37822452,-0.22503428,0.0881714,-0.35482073,-0.24998277
0.010734127,0.011559483,0.97795206,-0.028712527690571508,-0.021816531456568113,-0.7222674162388826,0.6906731565280582,-0.00021620095,0.0024110735,-0.04510748,0.46209788,-0.37020835,0.0,-0.00053071603,-0.0030821785,0.05088122,0.3301283,-0.331089,0.0018417165,0.14828718,0.37866172,-0.2257364,0.08999124,-0.35457838,-0.24968854
0.010761847,0.008125684,0.9771273,-0.027761169387193287,-0.021113371463401826,-0.7230253741340377,0.6899404694450375,0.0007580817,0.00041240174,-0.04478975,0.46559498,-0.37779036,0.0,-0.0015585572,-0.0015328452,0.049882907,0.3373562,-0.33955696,0.0012450665,0.14955015,0.37908527,-0.22849293,0.09205964,-0.35401076,-0.25082824
0.010224088,0.004020701,0.97631556,-0.026854563050814153,-0.020310371960621028,-0.7238847711444243,0.689098802305849,0.0019442514,-0.0009021645,-0.044042625,0.4694232,-0.38779044,0.0,-0.0016401857,-0.00041983277,0.048314095,0.346988,-0.35160756,0.00077114254,0.15235978,0.37948146,-0.2336488,0.09433858,-0.35382372,-0.25361302
0.0090745995,-0.0006266854,0.97526914,-0.02568621030527706,-0.01954434700416011,-0.7248152067775662,0.6881868591627772,0.0027528778,-0.001301785,-0.043038893,0.47361213,-0.3995724,0.0,-0.0008058995,-5.725026e-05,0.04583155,0.35922247,-0.36631978,0.00049933046,0.15494663,0.37954283,-0.24132766,0.09715026,-0.35438898,-0.257322
0.0076351417,-0.005982739,0.9735251,-0.02443561851229248,-0.01812043777090949,-0.7251735141618497,0.6878938323906283,0.0021479875,-0.0006330088,-0.04183842,0.47796246,-0.4117206,0.0,0.00045919046,-0.00056635216,0.042472795,0.37329578,-0.3826897,0.0003703907,0.1559618,0.3788063,-0.2519682,0.10093807,-0.3553297,-0.26157117
0.006787488,-0.012200262,0.97145647,-0.022551659983735085,-0.016876648101944607,-0.7258794528512806,0.6872449500062889,0.0022170842,-0.0006733504,-0.04004895,0.48231176,-0.423702,0.0,0.0011346377,-0.00069376454,0.039138433,0.38730204,-0.4002008,0.00031668693,0.15507348,0.37672132,-0.26585534,0.10695411,-0.35625455,-0.26589495
0.0059786206,-0.01924683,0.9694024,-0.02073289894376102,-0.014869860374507472,-0.7260164278642978,0.6872038857755357,0.0035336912,-0.001622685,-0.03740654,0.48673877,-0.435443,0.0,0.0019541942,-0.001133956,0.0370783,0.3989637,-0.41829258,0.00027578324,0.15298419,0.37294304,-0.28162602,0.11474021,-0.35657874,-0.27177754
0.004775455,-0.027334966,0.96718687,-0.01880021433550882,-0.012104568249988422,-0.7250576664397592,0.6883250770568738,0.0048726946,-0.0021424752,-0.034207445,0.49164605,-0.4477036,0.0,0.0028184578,-0.0022808164,0.037085496,0.40697107,-0.43595982,0.000235565,0.14955184,0.36776933,-0.29832608,0.1242697,-0.3556909,-0.27992228
0.0031912683,-0.03655425,0.9648832,-0.015920408194259987,-0.009574966691992152,-0.7247525658496505,0.68875872329149,0.00516475,-0.0015690129,-0.031755343,0.49641368,-0.4607558,0.0,0.0030690208,-0.003457537,0.039283995,0.41227067,-0.4521984,0.0001963973,0.14358875,0.36153233,-0.31678715,0.13716461,-0.35395712,-0.28889486
0.00221347,-0.046840776,0.9628304,-0.012264096670349403,-0.006581996314240152,-0.7238810150713414,0.6897844194215059,0.0043826327,-0.0003858374,-0.03031471,0.50054765,-0.47434396,0.0,0.0018568859,-0.0033512618,0.04188624,0.41615608,-0.46706963,0.00014385581,0.13431278,0.3540406,-0.33799034,0.1536885,-0.35163665,-0.2988031
0.0020315822,-0.058269728,0.96072334,-0.007775314684471012,-0.0034216384625711314,-0.7231115965880235,0.6906789816924419,0.0029252917,0.0011964723,-0.02969645,0.5040959,-0.48844454,0.0,-0.0009096414,-0.0014010929,0.043593176,0.4204963,-0.48066217,9.4115734e-05,0.12229993,0.3454044,-0.36117008,0.17384104,-0.3485971,-0.31026787
0.0010586119,-0.07134787,0.9575617,-0.002136074238803228,0.0004607578584793311,-0.7225790429055671,0.691284855643979,0.00323423,0.0016141528,-0.030287882,0.5065197,-0.5031716,0.0,-0.003524959,0.0006386861,0.043801233,0.42778835,-0.49312434,2.4564564e-05,0.10937,0.33582455,-0.38511145,0.19627029,-0.34449568,-0.32487825
-0.0009287045,-0.08652142,0.9534905,0.0033811240232294506,0.005087342093452887,-0.721512497026644,0.6923744677449775,0.0034191534,0.0033714597,-0.031435937,0.5094361,-0.51944757,0.0,-0.00569281,0.0019955076,0.040389597,0.43962774,-0.5051676,5.1423907e-05,0.09654016,0.32536593,-0.41059366,0.22048421,-0.33978027,-0.3418036
-0.0029380876,-0.103592105,0.9483716,0.00938507130582942,0.00962545523154577,-0.7209186796062287,0.6928892613130772,0.004562989,0.0056528836,-0.032480974,0.51651275,-0.5377435,0.0,-0.009011749,0.004419636,0.03222562,0.45880073,-0.519043,8.73059e-05,0.08525394,0.31395584,-0.43766266,0.24496517,-0.33421525,-0.3590873
-0.0062395474,-0.12194411,0.9419227,0.01577350578118791,0.015062508703611125,-0.7206844108825321,0.6929201232882632,0.0071762353,0.008291954,-0.03517372,0.5319151,-0.5586066,0.0,-0.011699371,0.006544709,0.019798117,0.48976797,-0.5372672,-1.6853213e-05,0.076548435,0.30148873,-0.46421808,0.26736313,-0.32772675,-0.3736654
-0.010625342,-0.14141902,0.9338713,0.021901396024344003,0.02165220543904498,-0.7208883944083284,0.6923665457394604,0.01042068,0.011234174,-0.04320759,0.5620378,-0.58236283,0.0,-0.014273558,0.009193301,0.0029212793,0.535507,-0.5593792,-0.00016243011,0.07013636,0.28824583,-0.48637924,0.28549293,-0.32082483,-0.38112524
-0.014818341,-0.16245033,0.9244081,0.027746864351797466,0.027736153897439646,-0.7218494943597439,0.6909371351853963,0.011570543,0.014439983,-0.06185277,0.6171233,-0.6061808,0.0,-0.017696455,0.013254583,-0.018642731,0.596525,-0.580905,-0.0002291277,0.06681645,0.27472797,-0.49835598,0.2940657,-0.31299996,-0.37778607
-0.019163797,-0.18481007,0.9138641,0.03300487707164367,0.03291986423707353,-0.7239274137390445,0.6882993972576155,0.0068368986,0.01487769,-0.09798061,0.71170515,-0.6237272,0.0,-0.01822897,0.01492798,-0.04329845,0.66983575,-0.5959787,-0.0002194941,0.07077996,0.2622955,-0.49311382,0.28357217,-0.30107188,-0.36163744
-0.024210345,-0.20815237,0.90332496,0.03721907115894559,0.037077535764106204,-0.7270427638019933,0.68457929904934,-0.0052028075,0.007849065,-0.15785553,0.8546526,-0.63141245,0.0,-0.014432833,0.012067229,-0.06784958,0.7490221,-0.60115075,-0.00010851771,0.08817897,0.2529762,-0.46520096,0.24449626,-0.2815019,-0.3368884
-0.02847827,-0.23276038,0.89419794,0.04038128603018977,0.039817747243390295,-0.7329846108734592,0.6778771710020135,-0.0192195,-0.007611694,-0.24556677,1.0360354,-0.6358504,0.0,-0.0073570907,0.0054592565,-0.086766385,0.820544,-0.59902,6.0409307e-05,0.1282319,0.24724343,-0.41174322,0.17328297,-0.254652,-0.31680956
-0.031180607,-0.25994328,0.8851447,0.044094308052994066,0.041967280887472466,-0.7417714062108282,0.6678844363063494,-0.028139364,-0.02730523,-0.36022815,1.2200503,-0.651746,0.0,0.0045482405,-0.00042994693,-0.09406033,0.8737823,-0.5993633,0.00015304983,0.1970271,0.24351941,-0.3356219,0.07299183,-0.21834463,-0.31740215
-0.033906266,-0.29035205,0.87349534,0.048671304883637447,0.044317272517512135,-0.7474578781951201,0.6610399411242726,-0.03389143,-0.04487813,-0.49858177,1.3665586,-0.6802178,0.0,0.016839933,-0.005079465,-0.083824635,0.9080838,-0.60651034,0.00089465827,0.2924993,0.24139777,-0.24684744,-0.046660017,-0.16242222,-0.3512117
-0.038678765,-0.32343456,0.8617848,0.05283182243460158,0.04655781546427006,-0.75528496867051,0.6516024742569817,-0.03917611,-0.05591354,-0.6543304,1.4540199,-0.7035034,0.0,0.027149405,-0.014123064,-0.055069026,0.9086045,-0.60759705,0.00090221316,0.4184103,0.23356181,-0.15355454,-0.17229693,-0.07610034,-0.42171353
-0.041947413,-0.36221755,0.8536501,0.05802345886774332,0.05024761883419092,-0.7620955118013173,0.6428988146783329,-0.04684516,-0.054831397,-0.80579937,1.4737087,-0.7101589,0.0,0.032833092,-0.02729733,-0.009214897,0.87172335,-0.58507055,0.0006856993,0.5633374,0.21779294,-0.06427465,-0.29544568,0.031937577,-0.52236336
-0.042198356,-0.4074012,0.85035837,0.06237196639020577,0.0534271187445939,-0.7660624876220429,0.6374978790941954,-0.051560465,-0.047420926,-0.9280626,1.425513,-0.6896378,0.0,0.032439854,-0.042838152,0.050173238,0.8082244,-0.5257843,0.00041927397,0.7049972,0.19947998,0.012349547,-0.41511232,0.11276525,-0.6486195
-0.042781513,-0.46412444,0.8473722,0.06658272497468196,0.05736116539043749,-0.7652681754816495,0.6376841357874479,-0.045231692,-0.043362807,-1.0071166,1.3298053,-0.64860535,0.0,0.031820845,-0.051613398,0.114436045,0.7470514,-0.42303467,0.0010966435,0.82401806,0.17920046,0.061790388,-0.5222647,0.13764809,-0.783443
-0.043825906,-0.5314997,0.8474003,0.07016272581436488,0.06110178160440828,-0.7605471380611244,0.6425821464825322,-0.03532377,-0.048401922,-1.0410545,1.2322481,-0.6081873,0.0,0.03455669,-0.049711555,0.1687881,0.7075008,-0.27883124,0.0020163655,0.9095431,0.17514163,0.08246247,-0.60147405,0.13994154,-0.89791805
-0.04492142,-0.60446393,0.85410446,0.07289142217313702,0.06382991606413385,-0.7538457908613138,0.6498685297731408,-0.030715074,-0.059723232,-1.0329163,1.1684062,-0.5853555,0.0,0.037048187,-0.04225006,0.2027364,0.7020075,-0.12642385,0.003952466,0.94934446,0.18725635,0.086611055,-0.6426203,0.14,-0.9734825
-0.044046108,-0.6801248,0.85989964,0.07275099636052684,0.06666921516184941,-0.7475737664158657,0.6568074086405012,-0.02857196,-0.070373915,-0.9884397,1.1457026,-0.5900323,0.0,0.035951253,-0.036139533,0.21354812,0.7418151,-0.014385284,0.0065765977,0.93280125,0.21379575,0.083949365,-0.6406183,0.14,-1.0017517
-0.042774025,-0.75658184,0.86360794,0.07114232944484813,0.06767186866369261,-0.7419712907416873,0.6632027524579788,-0.026953004,-0.07955146,-0.9147957,1.1504923,-0.61996233,0.0,0.037596665,-0.028593931,0.19744013,0.8355815,0.041304056,0.0079834685,0.8581927,0.2552221,0.06551631,-0.5935073,0.13945483,-0.97932607
-0.041782968,-0.83306825,0.86524236,0.06633263305691821,0.0666759846521355,-0.7369024693673353,0.6694244135843329,-0.025322504,-0.08732124,-0.81959957,1.1596125,-0.66615134,0.0,0.03989546,-0.01531589,0.14830409,0.9861547,0.047798973,0.006418869,0.73152214,0.3008653,0.015306972,-0.502218,0.12966673,-0.90611917
-0.04082426,-0.9094036,0.86776066,0.059511038308121836,0.06402880643284665,-0.7305488790005036,0.6772422636378963,-0.020832684,-0.08939985,-0.70907044,1.1560563,-0.7173987,0.0,0.03332174,0.0004355274,0.06061309,1.1826327,0.01717582,0.002564095,0.5597224,0.33402497,-0.061776057,-0.370478,0.08062405,-0.7830102
-0.038878813,-0.9890783,0.8706175,0.0553754152168273,0.06328086353396703,-0.7192482678979226,0.6896455791388773,-0.0170471,-0.08429535,-0.59134704,1.1301897,-0.7666298,0.0,0.013967834,0.020854123,-0.0656478,1.388869,-0.04451739,0.003917888,0.34709287,0.33840588,-0.16193314,-0.21172237,-0.025717445,-0.62478197
-0.038538184,-1.0669886,0.8725448,0.05274690000175766,0.06429327904710161,-0.7048749287606169,0.7044398296620453,-0.021976989,-0.074157655,-0.47040495,1.0794864,-0.8049979,0.0,-0.0026180372,0.043577455,-0.22960028,1.5581247,-0.13410929,0.010769904,0.107297584,0.30782452,-0.2866749,-0.04398893,-0.14838871,-0.476347
-0.037918106,-1.1464471,0.8717799,0.05248138778777224,0.06722971974005469,-0.6932611637470525,0.715621986498197,-0.03543678,-0.06331371,-0.3444136,1.0033121,-0.81225085,0.0,0.00047978386,0.062349834,-0.43176544,1.6630064,-0.24577866,0.01480937,-0.130566,0.23817092,-0.4382851,0.14640486,-0.24920037,-0.36866543
-0.035851724,-1.2276734,0.86568636,0.052653702725806606,0.07199097955971506,-0.6831874819424344,0.724775655612446,-0.05257974,-0.050987672,-0.21425481,0.90824825,-0.7703547,0.0,0.015026785,0.06890543,-0.64868265,1.6944109,-0.3685574,0.01754627,-0.3451353,0.14593787,-0.6036471,0.3542174,-0.31617346,-0.32174003
-0.03392073,-1.3124996,0.86066514,0.05276758407533837,0.07598951854029026,-0.6786316578464545,0.7286290195369929,-0.060811397,-0.037272003,-0.08729498,0.8151736,-0.67206013,0.0,0.029921802,0.061799705,-0.8327232,1.64802,-0.47760943,0.021133926,-0.51895463,0.07130723,-0.75738513,0.5430303,-0.3577041,-0.31860268
-0.033596847,-1.4112018,0.864922,0.05225632003478854,0.07873901296472387,-0.6834471119228536,0.7238573685872606,-0.05238453,-0.027212093,0.01972623,0.7583152,-0.5213242,0.0,0.037524946,0.05537021,-0.95490986,1.520375,-0.5467143,0.021934893,-0.6418529,0.03864316,-0.87962824,0.6825965,-0.38412434,-0.32721576
-0.036828972,-1.515517,0.87312925,0.052539730912491533,0.07992467851696393,-0.6886819740218899,0.7187271812704149,-0.04127882,-0.018196443,0.096397884,0.75861317,-0.32731065,0.0,0.043848723,0.049300164,-1.0102409,1.3332057,-0.5760004,0.016640563,-0.7078214,0.033407208,-0.95575535,0.76148605,-0.396854,-0.34279642
-0.04130943,-1.6230133,0.8760027,0.054332999445866705,0.0802916453136151,-0.695857297500508,0.7116064912431151,-0.03987007,-0.017946582,0.13478164,0.82259184,-0.1246636,0.0,0.04242891,0.05185309,-1.0010366,1.1590153,-0.5831696,0.008265965,-0.71211874,0.04554465,-0.9755371,0.77576315,-0.39731023,-0.37220985
-0.045261648,-1.7300175,0.880853,0.05668157835340927,0.079668553077708,-0.702855174218152,0.7045812404546704,-0.043934867,-0.029351227,0.13550311,0.9499435,0.03825258,0.0,0.036223557,0.059291847,-0.9343355,1.0344406,-0.57750386,0.0051922128,-0.6524867,0.071040645,-0.9346901,0.7226538,-0.38398337,-0.4309967
-0.047986735,-1.8367586,0.89209926,0.054834863848464935,0.07593961467767864,-0.7101942703976499,0.6977466667234431,-0.04212142,-0.050709736,0.102298565,1.1341412,0.14515547,0.0,0.032045685,0.06229935,-0.81815684,0.9648157,-0.5608565,0.0050998554,-0.53005546,0.12078654,-0.83687097,0.6016669,-0.35031396,-0.518866
-0.050193813,-1.9508655,0.9072238,0.05094816639786359,0.06767447391290408,-0.7213001994076762,0.6874230664268939,-0.02083679,-0.07215525,0.03878734,1.3410599,0.19648367,0.0,0.0281003,0.056423284,-0.66960275,0.9406476,-0.5537254,0.0056093037,-0.35018384,0.18640855,-0.69781315,0.4196257,-0.28462026,-0.60102737
-0.056014672,-2.0602288,0.9124535,0.04511425528423665,0.055374838342459244,-0.7322744323640494,0.6772536356156418,-0.009048842,-0.08714481,-0.0694593,1.5051556,0.19330335,0.0,0.019414686,0.045335293,-0.5115607,0.93425536,-0.5748871,0.004436448,-0.1293287,0.23737039,-0.5519521,0.19925065,-0.18946543,-0.6580988
-0.063878916,-2.1651936,0.91048795,0.040686194292944566,0.0454469079805429,-0.7381609907986884,0.671861268277956,-0.01670533,-0.082225285,-0.23277743,1.6003833,0.1344292,0.0,0.014034834,0.02929841,-0.35013682,0.90098876,-0.59097934,0.0058360174,0.108773984,0.25917718,-0.437512,-0.025406668,-0.067347705,-0.73256016
-0.070023,-2.2710383,0.90060884,0.03936393181846806,0.03887519261376269,-0.7403083816788748,0.6699870896420612,-0.025162272,-0.07463599,-0.44166005,1.6225473,0.02054915,0.0,0.016085763,0.012721237,-0.18540984,0.83349776,-0.5578072,0.010143876,0.3484221,0.25275975,-0.37439504,-0.22485934,0.055282626,-0.8371371
-0.07299103,-2.3790412,0.88952136,0.03958112751798933,0.035721629160993744,-0.7345302920630618,0.676478048125911,-0.036346257,-0.06805149,-0.65032834,1.5678527,-0.13693698,0.0,0.020643989,0.00025488064,-0.031412743,0.75864625,-0.46241102,0.011596516,0.55516255,0.22839423,-0.36278486,-0.38680458,0.12318801,-0.96162117
-0.07295162,-2.4946392,0.8885652,0.040210263676674504,0.03258218373316857,-0.7281925348353261,0.6834158091589136,-0.04845323,-0.069083996,-0.8055737,1.43274,-0.2949562,0.0,0.023597347,-0.003387807,0.09521315,0.7242393,-0.31291893,0.0155640915,0.71193016,0.21567775,-0.36789986,-0.50369185,0.1390566,-1.083366
-0.07334978,-2.620385,0.900102,0.038741275770680414,0.02911773774637404,-0.7241065665695375,0.6879832491791275,-0.056106783,-0.077491306,-0.8923519,1.2333578,-0.39718363,0.0,0.027959678,-0.0045854654,0.18385683,0.75221515,-0.13690451,0.017549276,0.8160391,0.20769408,-0.3645501,-0.5686932,0.14,-1.1763269
-0.07362005,-2.7518468,0.8935446,0.0352330691218399,0.029126853042858614,-0.7194081913820897,0.6930816051839972,-0.040345352,-0.09248866,-0.9147599,1.031633,-0.43621618,0.0,0.028599096,0.0030475035,0.2387235,0.8443452,0.018141448,0.01744986,0.86075747,0.20584448,-0.37091762,-0.5773175,0.14,-1.2246624
-0.07446021,-2.8786323,0.8862829,0.03177409512715368,0.031159206734778292,-0.7176618339930861,0.6949683465771589,-0.023020547,-0.10120573,-0.88054866,0.8860605,-0.43646327,0.0,0.026871605,0.015143681,0.2570811,0.9965865,0.13220221,0.016551666,0.84037715,0.21819775,-0.4098067,-0.52623457,0.13910837,-1.218317
-0.07280926,-2.9999104,0.89776623,0.028042347246000087,0.03171455902738953,-0.7156690975496933,0.6971553315574949,-0.013622221,-0.101436585,-0.79743654,0.8135199,-0.4174796,0.0,0.01754209,0.028197333,0.23254104,1.1975317,0.20747142,0.012240887,0.75513303,0.25319594,-0.4750181,-0.4144726,0.12385335,-1.1535704
-0.06881212,-3.1249056,0.91765213,0.021691936501201294,0.032148013571048,-0.7103115878035576,0.7028181936648,-0.008178733,-0.09481286,-0.680012,0.80926883,-0.41132537,0.0,-0.0068628974,0.037559614,0.16765474,1.4136603,0.2438639,0.01088623,0.6068994,0.29475123,-0.5474251,-0.24597915,0.055853456,-1.0320681
-0.06473775,-3.248023,0.926862,0.015674772653893738,0.029562218296399278,-0.7038886259206596,0.7095217960367183,-0.0035764202,-0.08694719,-0.55044967,0.84516215,-0.44438186,0.0,-0.013829179,0.04880158,0.058481086,1.5925229,0.23927854,0.018584173,0.3959046,0.31784403,-0.6328113,-0.036309358,-0.07097382,-0.8658362
-0.06192975,-3.36813,0.928635,0.010999000169659072,0.027061544526806456,-0.6992960700547702,0.7142350461921099,-0.009829335,-0.07567625,-0.41352388,0.8732152,-0.49255294,0.0,-0.0016655028,0.052031964,-0.103442356,1.7068037,0.18807541,0.021753062,0.14248686,0.30497655,-0.7318554,0.18893439,-0.1972799,-0.6925638
-0.058131337,-3.4910254,0.9232046,0.00775287300560903,0.028577235311945753,-0.6982997934437697,0.7151927244166241,-0.027703527,-0.06293276,-0.26599264,0.86631525,-0.49544802,0.0,0.018468034,0.047227956,-0.3175484,1.7496897,0.085948914,0.021576904,-0.10352171,0.25635624,-0.8486002,0.41205037,-0.29485837,-0.5594163
-0.05240947,-3.6146076,0.9172602,0.007095437321842689,0.03289154002951995,-0.7005703786768925,0.7127895523113493,-0.03855794,-0.054545753,-0.11224643,0.82362527,-0.43199223,0.0,0.037159353,0.03773141,-0.55147743,1.718198,-0.06312319,0.0208068,-0.31433165,0.18140322,-0.98276335,0.61959857,-0.35613674,-0.49098924
-0.04754846,-3.7388086,0.9130903,0.008582666276017168,0.03711636157183427,-0.7038632729558598,0.7093131935380367,-0.031037118,-0.047957156,0.023690432,0.7836928,-0.3074475,0.0,0.047919404,0.035214387,-0.7364114,1.608575,-0.22901401,0.023904588,-0.4770277,0.10210618,-1.1122607,0.7900383,-0.38957304,-0.4745585
-0.04735765,-3.8691416,0.9272443,0.005157417356831043,0.03841481690903702,-0.7099217775654688,0.7032131772274591,-0.035157833,-0.050396137,0.12247047,0.79656553,-0.14204416,0.0,0.051109977,0.04066059,-0.85054684,1.4172049,-0.35656208,0.02440089,-0.58103585,0.058524325,-1.2048365,0.9116067,-0.40632403,-0.47076926
-0.053470105,-4.002726,0.9344277,0.0024852554809686182,0.036695757233445155,-0.7162704355558989,0.6968528596876254,-0.039177,-0.06095321,0.18763053,0.87659365,0.03178441,0.0,0.046090066,0.05119752,-0.89645094,1.1727912,-0.42576966,0.017030697,-0.6228541,0.04614095,-1.2493681,0.97698146,-0.4159855,-0.46533626
-0.060450904,-4.140612,0.9187394,0.003933147342663737,0.03305815641574834,-0.7215495341459011,0.691561970050556,-0.027442232,-0.07968704,0.21934506,1.0191138,0.18345256,0.0,0.026357897,0.0691927,-0.8794335,0.95895416,-0.44966897,0.015177894,-0.60090953,0.05700126,-1.2420897,0.97942746,-0.42373148,-0.47571042
-0.06481079,-4.2738066,0.9245521,0.00707008514861161,0.030684490941747432,-0.7262696880430702,0.6866882962024754,-0.004650131,-0.09740947,0.20549284,1.2048625,0.2991786,0.0,0.016537376,0.081610866,-0.80963296,0.8167956,-0.4459218,0.022552337,-0.5128876,0.093604304,-1.1768594,0.91618234,-0.41833887,-0.52082145
-0.06529801,-4.4129214,0.93676054,0.007583351542925969,0.027561757617817487,-0.733839149683317,0.6787215516605166,0.013760112,-0.117894545,0.14256611,1.3903894,0.3694312,0.0,0.01920673,0.086930014,-0.7023948,0.7497274,-0.42204574,0.022759471,-0.35982266,0.1675982,-1.0547142,0.7901652,-0.40043217,-0.58802146
-0.066811904,-4.5410633,0.93004495,0.007145251120689848,0.023129465931224186,-0.7420426476163283,0.6699154292227552,0.0062199757,-0.12448303,0.027524957,1.5270643,0.38464126,0.0,0.028460734,0.078668356,-0.58220524,0.75427926,-0.40787628,0.016492855,-0.15434039,0.23392096,-0.8933874,0.6031342,-0.357579,-0.657132
-0.071572416,-4.6657786,0.92911994,0.00576356419613367,0.015423273000121786,-0.7504974490493427,0.6606682094275084,-0.012211818,-0.10660305,-0.14422531,1.5955456,0.34023702,0.0,0.031112304,0.063181594,-0.45951077,0.8024263,-0.43507105,0.012378804,0.08342758,0.2688428,-0.72954154,0.3655205,-0.27614173,-0.7205976
-0.07540727,-4.7899227,0.9281215,0.0060591644574581405,0.01044824082071362,-0.7570279564174667,0.6532708427537725,-0.028203677,-0.079475276,-0.36619896,1.5916011,0.23506851,0.0,0.032065183,0.043451726,-0.32292154,0.8352761,-0.4805635,0.014535386,0.3387489,0.26142958,-0.6010283,0.112449795,-0.15269646,-0.8052822
-0.07738227,-4.9164324,0.9227615,0.008601070836267351,0.009287856958272545,-0.7578557963674311,0.6522992788635282,-0.03801602,-0.054156452,-0.595917,1.5121921,0.0728003,0.0,0.032912597,0.019589711,-0.17217813,0.8275875,-0.4831513,0.019926965,0.5635316,0.22043797,-0.5430168,-0.11046288,-0.0078097787,-0.91656303
-0.07956848,-5.047018,0.9181974,0.013203342197380114,0.009446037870534996,-0.7480161678059837,0.6634819189881648,-0.040722143,-0.03430132,-0.7737135,1.3530184,-0.115037374,0.0,0.028639074,-0.0040801503,-0.020808138,0.79613316,-0.4183995,0.018539377,0.73870087,0.17666535,-0.5498693,-0.2888466,0.094145805,-1.0507799
-0.07652736,-5.186911,0.91601247,0.016014502258859697,0.009343524398264866,-0.7367221700772678,0.6759413276208677,-0.04076619,-0.034444984,-0.88235784,1.1321497,-0.2577473,0.0,0.02346783,-0.012866605,0.116320975,0.79044306,-0.2914096,0.018160183,0.8661263,0.1492608,-0.57031906,-0.4218638,0.13278201,-1.1918757
-0.0757577,-5.339646,0.92366374,0.016130049741012852,0.0075000146882950956,-0.7247743543746847,0.6887566380919946,-0.024291169,-0.053392354,-0.9258037,0.91644,-0.33161995,0.0,0.017840398,-0.0031489208,0.222207,0.84178424,-0.13158162,0.018459342,0.9449957,0.14017044,-0.5827263,-0.50375855,0.13963589,-1.306001
-0.07659046,-5.489819,0.92007077,0.011895761026581547,0.008232817734953383,-0.7216535134371076,0.692103256837894,-0.007413797,-0.067849666,-0.91348803,0.75642264,-0.35332993,0.0,0.008262992,0.00843139,0.29365453,0.954637,0.0078314785,0.019764423,0.9632707,0.14433981,-0.6168043,-0.5279466,0.13970292,-1.3691835
-0.074006066,-5.6298513,0.9270024,0.01039211411382368,0.009413302285111783,-0.7197847424775945,0.6940557025201921,0.0009085983,-0.07371263,-0.8536553,0.66505337,-0.34223422,0.0,-0.0048488975,0.013854049,0.32552144,1.1248659,0.107413955,0.01874911,0.91738176,0.17953874,-0.6798411,-0.49015853,0.13385431,-1.3724254
-0.07044593,-5.769804,0.9398248,0.007430624325899682,0.0105700027967825,-0.7138779856734019,0.7001508997593943,0.00284978,-0.073115334,-0.75245893,0.6430938,-0.31459388,0.0,-0.02036219,0.01981894,0.31558058,1.3403302,0.17659464,0.0122738555,0.8097198,0.24405149,-0.7547086,-0.38900465,0.09862012,-1.3137163
-0.06503921,-5.9156356,0.9439325,0.0014973288355719485,0.01093589467672188,-0.7081225470982888,0.7060032737211701,0.0030244365,-0.06507497,-0.6245628,0.68189144,-0.31358275,0.0,-0.035572723,0.02712202,0.26271862,1.5596678,0.21352533,0.016972817,0.6450012,0.29622525,-0.8272712,-0.22737563,0.0058517884,-1.1939223
-0.060549226,-6.0588984,0.94212174,-0.004599822178113537,0.007571801822268132,-0.7063632381020551,0.7077940981041544,0.0005687997,-0.05219435,-0.48928216,0.747428,-0.35463968,0.0,-0.018434681,0.032648936,0.15626183,1.7309313,0.20925033,0.022569817,0.42738113,0.32428968,-0.90150446,-0.020258777,-0.121417664,-1.021748
-0.05739825,-6.2003865,0.94231045,-0.007356116435150501,0.009428936945703827,-0.7093184229085782,0.7047867462016818,-0.011108793,-0.039387055,-0.34789154,0.79757446,-0.40135145,0.0,0.010064535,0.030481748,-0.010348741,1.8337485,0.1545258,0.02345509,0.16415282,0.32804283,-0.97366273,0.20258242,-0.2375999,-0.8277187
-0.05109124,-6.3411565,0.9390458,-0.008349617771509247,0.013952004182645803,-0.7156677771877314,0.6982515722556798,-0.033959568,-0.033073973,-0.19778398,0.8067328,-0.39687523,0.0,0.035351187,0.028484523,-0.23490335,1.8641549,0.045750618,0.022081118,-0.10342395,0.2972967,-1.0658656,0.421092,-0.32209453,-0.6606501
-0.043737702,-6.480502,0.93713015,-0.00845729031308372,0.019361757230439394,-0.7207418344246737,0.6928815228505276,-0.044934466,-0.034566477,-0.041380953,0.78161263,-0.3256172,0.0,0.051081732,0.030696556,-0.4845754,1.8198613,-0.111072615,0.020892236,-0.33348748,0.22945336,-1.1813678,0.6299073,-0.37419474,-0.55199856
-0.03901618,-6.619809,0.93724173,-0.010122131937973592,0.023404799218004143,-0.7246033554463274,0.6886942246705126,-0.04554269,-0.041219324,0.095622726,0.76458937,-0.19578682,0.0,0.05329479,0.04340747,-0.68518394,1.6975777,-0.28296655,0.025408559,-0.5076051,0.13818951,-1.2923195,0.79993427,-0.40341592,-0.49507
-0.038251497,-6.7653503,0.9508379,-0.014167741220388212,0.021880705891060184,-0.7288103631494953,0.6842192370756042,-0.05854118,-0.05959821,0.19622795,0.80162585,-0.02978619,0.0,0.044021137,0.05994284,-0.8136395,1.4940572,-0.41400003,0.028204251,-0.6195077,0.067579456,-1.3682213,0.9159396,-0.41568622,-0.44950667
-0.043064777,-6.9173074,0.952574,-0.017213012303975317,0.01862287026717152,-0.7354886748117814,0.6770622645917028,-0.05742967,-0.08296614,0.2629281,0.90408933,0.13830768,0.0,0.039521664,0.08205862,-0.8717035,1.2426851,-0.48841324,0.022805214,-0.6674594,0.042770304,-1.3997506,0.97075766,-0.42302823,-0.42731112
-0.04940833,-7.070086,0.92957497,-0.012730695463812329,0.016563600660270263,-0.7381351813566583,0.6743293190791483,-0.038431056,-0.100373045,0.2930412,1.0669764,0.28713024,0.0,0.02577786,0.09995218,-0.8627549,1.0314101,-0.5200319,0.024955884,-0.6507841,0.03994551,-1.3856084,0.95921916,-0.42659673,-0.4514007
-0.053287975,-7.218163,0.9323453,-0.008391006043651351,0.013596546184128823,-0.7388597115321497,0.6736698387370974,-0.013215773,-0.10950396,0.278427,1.2700564,0.41008744,0.0,0.018618431,0.10206858,-0.79654646,0.89623255,-0.5198733,0.032107677,-0.56831586,0.05712651,-1.3226261,0.8829381,-0.41857302,-0.51662576
-0.055089112,-7.374232,0.9325118,-0.008508253188262581,0.007833508707675296,-0.7430296808186576,0.6691585306872618,-0.00013890117,-0.11404181,0.21433079,1.4635748,0.48854282,0.0,0.025360765,0.09014771,-0.6872046,0.8379507,-0.4896183,0.03135434,-0.42107671,0.11296645,-1.2128773,0.74632263,-0.4019343,-0.59235644
-0.058323745,-7.5177703,0.9184934,-0.009885882091621662,0.0019644526721960313,-0.7439795968699333,0.6681263126851246,-0.013415229,-0.09088153,0.09549201,1.6022849,0.5106523,0.0,0.041846756,0.07215303,-0.55593145,0.8477021,-0.46186742,0.026829869,-0.21502316,0.17898574,-1.0701027,0.5459981,-0.35759503,-0.66325456
-0.0660764,-7.655191,0.91722095,-0.0117940772926163,-0.007256584584349458,-0.7466170821523996,0.6651098964526261,-0.036600634,-0.060416687,-0.08594488,1.6692911,0.47814384,0.0,0.04822673,0.0554433,-0.41101253,0.889771,-0.47799784,0.018794894,0.033005744,0.2205627,-0.9251593,0.29432872,-0.28217566,-0.7206175
-0.071792625,-7.794892,0.9136215,-0.011496521488752565,-0.013098598109919764,-0.7467852691644089,0.664836835983277,-0.055131532,-0.03850392,-0.32081679,1.6613629,0.37936628,0.0,0.046550993,0.03860628,-0.24849318,0.9124219,-0.5045348,0.017241046,0.2939669,0.2193958,-0.80601645,0.03949351,-0.1745573,-0.78698206
-0.07408608,-7.9390407,0.9039674,-0.006694567346007858,-0.013475607021584624,-0.7422284224865334,0.6699780292193183,-0.06272454,-0.0147539135,-0.5608131,1.5766661,0.21305145,0.0,0.041730408,0.020907987,-0.076717384,0.8970112,-0.47974384,0.02018955,0.5373647,0.18665628,-0.7318693,-0.17781147,-0.042473987,-0.8789668
-0.07520896,-8.085642,0.89729893,-0.00013056992134945794,-0.011700077414863319,-0.7309782898279948,0.6823003964091784,-0.05589813,-0.010041942,-0.7467902,1.4113921,0.011563605,0.0,0.03167001,0.008732598,0.079052456,0.86529356,-0.38732484,0.016743347,0.73316354,0.15344231,-0.70573866,-0.35254583,0.071356386,-1.0008702
-0.07057241,-8.241702,0.90764785,0.002068319849345986,-0.0126658290507201,-0.7174676359208578,0.6964736105794634,-0.05192563,-0.032371093,-0.8617688,1.185917,-0.14978123,0.0,0.016428873,0.010274857,0.20675632,0.8729192,-0.24410121,0.02079659,0.8696911,0.13650677,-0.68592274,-0.48183775,0.12710111,-1.1316111
-0.0720005,-8.408712,0.91167814,0.0001807881785127671,-0.014731215023430588,-0.7078112393357316,0.7062479791755751,-0.031784687,-0.055059746,-0.9101542,0.9723413,-0.24354573,0.0,0.004206702,0.02114445,0.29891774,0.9411949,-0.09176714,0.022399481,0.9452716,0.12396764,-0.66992456,-0.5561293,0.13929155,-1.2312266
-0.07507014,-8.567271,0.90509534,-0.00216731021912025,-0.012787665999388723,-0.7062848403036779,0.707808945070568,-0.018527623,-0.07210743,-0.90153897,0.822127,-0.29355565,0.0,-0.007603444,0.029748663,0.35101,1.0684758,0.03148739,0.022848766,0.95473456,0.1251591,-0.6911923,-0.5684936,0.13980375,-1.2765335
-0.07550264,-8.720941,0.9132448,-0.0034218409307064826,-0.011030152862704787,-0.7029717475362669,0.7111240038827809,-0.01739477,-0.079628855,-0.8434455,0.7448921,-0.30646452,0.0,-0.022194356,0.033590928,0.3590668,1.2484906,0.12691264,0.016994853,0.89822865,0.15750389,-0.75345176,-0.51591337,0.13537577,-1.2616206
-0.07472933,-8.881357,0.9244182,-0.007531725652871345,-0.010849343204210535,-0.6964160244218836,0.7175167494833453,-0.023187943,-0.07745631,-0.74016416,0.7405141,-0.29166496,0.0,-0.03741166,0.03999897,0.31846145,1.453433,0.20115796,0.012146629,0.7782722,0.21048936,-0.8444087,-0.39872572,0.10318453,-1.1871204
-0.07299327,-9.039433,0.9206424,-0.014293128322797628,-0.013635220239419397,-0.6935428344112969,0.7201445161136165,-0.03037357,-0.0693103,-0.6061738,0.7957125,-0.31345376,0.0,-0.028180972,0.04585132,0.22300296,1.6275192,0.24076472,0.021140188,0.59641254,0.24772294,-0.9472642,-0.22484577,0.010121678,-1.0585465
-0.07107165,-9.19215,0.9257746,-0.01679829462822308,-0.015980962695660194,-0.6929418264017385,0.7206206015317119,-0.028724585,-0.05503886,-0.45901507,0.8657074,-0.3770048,0.0,-0.0024774745,0.04523267,0.06723643,1.7382666,0.23149134,0.024360593,0.35940322,0.2591189,-1.0426958,-0.016137293,-0.119290784,-0.89911723
-0.069659226,-9.34358,0.9276304,-0.01940287303295716,-0.012745478692022272,-0.7040671948173717,0.7097538069450386,-0.0367429,-0.041728158,-0.29596722,0.9102887,-0.41035154,0.0,0.031675495,0.038765356,-0.14871033,1.7777003,0.16761239,0.023683246,0.095866896,0.24744326,-1.1364706,0.20686874,-0.23781665,-0.7549028
-0.06417124,-9.494764,0.9253826,-0.0227843059891324,-0.007413015354661105,-0.7163653771585055,0.6973138239074982,-0.043350276,-0.0383501,-0.12189484,0.9114187,-0.3774973,0.0,0.059107922,0.031975597,-0.3994857,1.7431078,0.048816193,0.022200525,-0.1466629,0.20862943,-1.2432876,0.43519968,-0.32797635,-0.6502793
-0.05804785,-9.642295,0.9245862,-0.02279400195227108,-0.004344219302676672,-0.7240262306540041,0.6893820265706128,-0.04146364,-0.04436184,0.036268707,0.89045846,-0.2791504,0.0,0.06191708,0.035212502,-0.61892694,1.6306714,-0.10659368,0.023466464,-0.34083104,0.14307612,-1.3562149,0.6391567,-0.39137694,-0.58877933
-0.058659006,-9.794706,0.9408798,-0.027458860742469542,0.0005134296247270977,-0.7322347108666217,0.6804984023190803,-0.051793512,-0.061446775,0.1582889,0.9060971,-0.13200627,0.0,0.049107846,0.05643356,-0.7715001,1.4375861,-0.24793202,0.027542014,-0.47454262,0.08558617,-1.4444764,0.7950796,-0.43935814,-0.5438694
-0.064065285,-9.954225,0.9539661,-0.030889894168072522,0.0008922767821894507,-0.7412372923570466,0.670531352510547,-0.051286623,-0.082183115,0.24402207,0.9844848,0.039853014,0.0,0.04828862,0.086516,-0.8534522,1.1929026,-0.34104383,0.025098436,-0.54374206,0.06731522,-1.4908961,0.8922775,-0.4721347,-0.5095468
-0.071479514,-10.118183,0.939618,-0.028383216009706974,-0.002437925430607944,-0.7425753098873646,0.6691564530916708,-0.034571737,-0.0926226,0.29336548,1.1237996,0.20273003,0.0,0.032871142,0.10174311,-0.86854124,0.97759813,-0.3898404,0.02261021,-0.54732597,0.0638914,-1.4901657,0.9238366,-0.48889166,-0.5153795
-0.077363335,-10.274378,0.9416578,-0.023949202257143632,-0.005278873365955274,-0.7416071192642182,0.6703860453976204,-0.012934525,-0.08854535,0.29789993,1.3060751,0.334763,0.0,0.0218982,0.100935645,-0.82495403,0.8350056,-0.41814575,0.031059615,-0.48401478,0.08106154,-1.4386202,0.88973653,-0.488497,-0.57387507
-0.08450832,-10.443277,0.94406277,-0.022103779338800734,-0.01135025127684103,-0.7443970528718437,0.6672747727964903,-0.0050302297,-0.09093601,0.2517826,1.4874346,0.42508918,0.0,0.022538451,0.08832828,-0.73399365,0.76916,-0.41147235,0.03549594,-0.35408503,0.14119034,-1.337434,0.7942653,-0.47520086,-0.6678881
-0.09223596,-10.599125,0.9263268,-0.024192629147485226,-0.01715851721267758,-0.744645161868568,0.666801233417972,-0.02855685,-0.083616406,0.14834327,1.6184787,0.46584806,0.0,0.033239476,0.07134291,-0.6128857,0.7781806,-0.3819159,0.02713395,-0.16265148,0.20196655,-1.1997428,0.63527155,-0.4309998,-0.7736683
-0.10238854,-10.743584,0.9209878,-0.028804625691706623,-0.026828226657654563,-0.7426491299035451,0.6685228564878491,-0.050122533,-0.05260507,-0.017411603,1.680006,0.45044854,0.0,0.04701287,0.05835791,-0.475394,0.8401392,-0.3937654,0.01654739,0.07197437,0.23231009,-1.0577052,0.41137284,-0.3486532,-0.85550255
-0.11215394,-10.888682,0.92356646,-0.030784992961278335,-0.03226605690316397,-0.7397591890093574,0.6713922311559121,-0.06253524,-0.032888778,-0.24149902,1.6683854,0.37425292,0.0,0.043905295,0.04921569,-0.32164076,0.8955176,-0.4471929,0.01034499,0.31683958,0.22783303,-0.9395691,0.15131566,-0.24021067,-0.9251628
-0.11643849,-11.03599,0.9181077,-0.02761641336902018,-0.03259650997761029,-0.7321488207132252,0.6798035786741231,-0.06292256,-0.030249022,-0.48717403,1.5817407,0.23821643,0.0,0.035271365,0.04067608,-0.15028228,0.91145396,-0.466855,0.014156744,0.5434215,0.20235951,-0.860729,-0.082006425,-0.112114,-1.0056672
-0.12109749,-11.183923,0.91246986,-0.02183400997942409,-0.03145154613934206,-0.7210865305252585,0.6917863049733702,-0.05589636,-0.040591612,-0.6831635,1.4166615,0.06255358,0.0,0.019563448,0.031270683,0.016490594,0.8941553,-0.42005387,0.016290102,0.7305367,0.17818815,-0.8226589,-0.27093637,0.011902056,-1.1128864
-0.1193511,-11.340407,0.9139506,-0.017745378722815862,-0.028577206136320366,-0.7095621256682786,0.7038394949422346,-0.053378157,-0.067541614,-0.80788386,1.1877502,-0.09684409,0.0,0.008249655,0.029796317,0.16077754,0.89440244,-0.31049868,0.020075552,0.86836106,0.15124078,-0.7862219,-0.41657016,0.10212338,-1.2362415
-0.1219017,-11.506794,0.9273385,-0.020418301184665602,-0.031121482085568305,-0.7070833827689186,0.7061498680461485,-0.039823472,-0.08530238,-0.8653323,0.9592109,-0.19301748,0.0,0.0018526949,0.03392829,0.26795718,0.9495315,-0.16504811,0.02303173,0.9520312,0.13910839,-0.7406857,-0.5084542,0.13504338,-1.3352002
-0.12770973,-11.671364,0.9267385,-0.022896523126816802,-0.02881695769221844,-0.7097077172378559,0.7035341415106303,-0.024190988,-0.09456553,-0.86325496,0.78887844,-0.23410024,0.0,-0.008588437,0.033565246,0.33319408,1.0646478,-0.024647813,0.022597134,0.9738221,0.1332895,-0.7286432,-0.53744984,0.13962404,-1.3815519
-0.12927476,-11.828472,0.9358945,-0.024964067745431234,-0.026276161120275476,-0.7117251543900974,0.7015223897259266,-0.016188268,-0.09511898,-0.8088016,0.6907754,-0.24170274,0.0,-0.022618212,0.023319393,0.35531172,1.235039,0.094480135,0.017405596,0.9327618,0.1616488,-0.75733185,-0.5002167,0.1360037,-1.3667463
-0.13059466,-11.994106,0.94694084,-0.028824325232969357,-0.023516445987161183,-0.7088158664584494,0.7044119551084822,-0.015706066,-0.088214345,-0.7070908,0.6650925,-0.22821209,0.0,-0.03835103,0.016241,0.32991713,1.4351089,0.18899411,0.014933012,0.8324321,0.22399764,-0.81541574,-0.3965861,0.10612116,-1.2896266
-0.1327543,-12.159083,0.9406503,-0.03444748883934974,-0.026574110105311455,-0.7087166027687806,0.7041505266238549,-0.019352235,-0.08089158,-0.57416445,0.7063095,-0.24548918,0.0,-0.03567008,0.024975713,0.24965315,1.6093904,0.24306852,0.022567745,0.6765682,0.2828541,-0.8951764,-0.23232399,0.0174554,-1.1526296
-0.1323844,-12.313495,0.9389027,-0.039401066595530436,-0.030571252211376194,-0.7111979974564502,0.7012206235581624,-0.020033978,-0.07055495,-0.4305252,0.7839295,-0.3079011,0.0,-0.0060765706,0.03497412,0.10906017,1.7228085,0.24604248,0.026346877,0.4648967,0.31521115,-0.9872454,-0.029852074,-0.10794012,-0.9734123
-0.13300237,-12.465322,0.93954146,-0.04347937516432792,-0.030532933470991896,-0.7171827864083925,0.6948569167738561,-0.026115052,-0.060924847,-0.27325732,0.8494133,-0.36889046,0.0,0.02825892,0.038117833,-0.09308555,1.7655509,0.19265449,0.027282938,0.21116962,0.3202733,-1.074632,0.18099746,-0.22708906,-0.79041094
-0.12987037,-12.616746,0.93313825,-0.047097764854094025,-0.025856971021966425,-0.7298218257067239,0.6815227951561282,-0.03003665,-0.059194073,-0.101907395,0.873198,-0.37463585,0.0,0.057534695,0.037949577,-0.3382603,1.7346919,0.08124076,0.02483701,-0.039173115,0.298878,-1.1753721,0.39046645,-0.31640294,-0.6351635
-0.1222561,-12.765557,0.9324525,-0.050029334750802866,-0.019119260834195403,-0.7392003512890587,0.6713526347484445,-0.02669156,-0.062863134,0.05594428,0.8626601,-0.31086862,0.0,0.06092184,0.039447054,-0.56876755,1.6269538,-0.07055623,0.023523897,-0.2543458,0.24047686,-1.2936612,0.5818809,-0.3750103,-0.5201356
-0.12395391,-12.911547,0.9363764,-0.050386563992149115,-0.012339833943119957,-0.7427496357260023,0.6675566652324072,-0.031039786,-0.07504972,0.18352307,0.8675667,-0.18532169,0.0,0.045536786,0.050934687,-0.73630255,1.4398333,-0.2113692,0.027740177,-0.41534612,0.15361209,-1.4014355,0.7331712,-0.40884247,-0.43494356
-0.12906909,-13.068775,0.95749193,-0.05122824861790405,-0.010368306394066062,-0.7490212846135395,0.6604810973540001,-0.03157258,-0.092148386,0.27589753,0.92838836,-0.021129789,0.0,0.047757436,0.06801766,-0.8310951,1.1977259,-0.3058356,0.029375419,-0.51341105,0.08750914,-1.4729663,0.83797395,-0.41763905,-0.36665633
-0.13615827,-13.2395935,0.96234643,-0.0504314059772232,-0.01238563904012821,-0.749507203524451,0.6599562266557422,-0.020773165,-0.09956723,0.33337122,1.0513989,0.14664145,0.0,0.035514303,0.07742657,-0.85651845,0.9753951,-0.36379772,0.02652083,-0.54672253,0.058681,-1.5004538,0.88810486,-0.4111758,-0.33492056
-0.14231867,-13.39714,0.9615945,-0.04269636705666351,-0.012639094449130969,-0.7459610547956341,0.6644993440627716,-0.0022226647,-0.08876914,0.34893596,1.2265062,0.2870952,0.0,0.026145278,0.07354055,-0.8185626,0.8232616,-0.40304646,0.03998583,-0.5141378,0.047680166,-1.481509,0.87711406,-0.40133232,-0.3560434
-0.14850585,-13.5625105,0.9678437,-0.03832394696546143,-0.01666936336704042,-0.7442883145180291,0.6665495572617518,0.007668689,-0.0779551,0.3191813,1.4234477,0.3898525,0.0,0.03199169,0.058834873,-0.7269321,0.74765235,-0.3963718,0.057023577,-0.41512632,0.0663374,-1.415675,0.8069474,-0.39958775,-0.42368284
-0.15473235,-13.725305,0.9515589,-0.03816946848887547,-0.02042584353391952,-0.7437163438836192,0.6670921049087501,-0.010598104,-0.06843559,0.23741046,1.5858306,0.44234696,0.0,0.04482938,0.04479131,-0.5962915,0.74500334,-0.3552496,0.055115327,-0.2509942,0.12358698,-1.305978,0.6788824,-0.39479116,-0.5243393
-0.16196266,-13.873802,0.93696094,-0.0417330691395434,-0.02925051227330963,-0.7423586870996699,0.6680616275162027,-0.03781258,-0.042612337,0.09555449,1.6833726,0.4370752,0.0,0.052610926,0.03140071,-0.44827202,0.7933409,-0.3577607,0.03138747,-0.032820504,0.18627411,-1.1680773,0.48980215,-0.36496493,-0.63526964
-0.16882598,-14.020415,0.93566585,-0.04298997192317565,-0.03604119000195552,-0.7387017413342903,0.6716938530960178,-0.06051746,-0.027362304,-0.10905845,1.7086211,0.36996937,0.0,0.04904811,0.015827414,-0.28949592,0.843422,-0.40658098,0.01128155,0.20960546,0.22061108,-1.0388558,0.25619155,-0.3089033,-0.728897
-0.16943853,-14.16686,0.9304605,-0.03969306687793959,-0.037047587900017685,-0.7304556249695167,0.680798440526274,-0.06535457,-0.027089614,-0.35435987,1.6591147,0.2408644,0.0,0.04709637,0.0049535483,-0.12022875,0.86214846,-0.426994,0.011842124,0.45150268,0.22350743,-0.93861526,0.02624321,-0.22143878,-0.83515793
-0.16938524,-14.311773,0.9249194,-0.03559204638076668,-0.035515574134493015,-0.720491646275675,0.6916383721825259,-0.062938236,-0.03618622,-0.57566404,1.5317856,0.061394855,0.0,0.03657849,-0.0018783174,0.040622704,0.8493904,-0.3837425,0.013480384,0.6695252,0.20532279,-0.87504953,-0.16759296,-0.11353947,-0.97158825
-0.16864806,-14.46312,0.93008304,-0.027805354953431824,-0.032749845664870894,-0.7060172956579249,0.7068902942300954,-0.05839598,-0.06310777,-0.73395014,1.3267819,-0.12297411,0.0,0.026314782,-0.0018221997,0.17792863,0.8523082,-0.27731258,0.01349441,0.8430757,0.19260712,-0.8391204,-0.31923273,-0.00504106,-1.1345437
-0.16554213,-14.622649,0.9484721,-0.02585995373485394,-0.032501028599355615,-0.6984575419750934,0.7144452449214885,-0.04638556,-0.09270843,-0.8250378,1.0794145,-0.24667546,0.0,0.0151812695,0.010761727,0.28394443,0.9079702,-0.13098182,0.018485926,0.9694659,0.18494461,-0.7971961,-0.42471072,0.09014376,-1.300055
-0.16613878,-14.787231,0.9502704,-0.02744567465692077,-0.031029058083365847,-0.7011660790608043,0.7117935529854029,-0.026271924,-0.11341738,-0.8564211,0.86695796,-0.30494264,0.0,0.004768964,0.018069088,0.35996062,1.0240996,0.01847564,0.020651244,1.0448236,0.17315304,-0.76777995,-0.47280806,0.13219483,-1.4287691
-0.16425987,-14.94504,0.9561554,-0.029524110080430162,-0.029600178776065838,-0.7054807739035173,0.7074949003299444,-0.015834752,-0.12350369,-0.8359962,0.7248103,-0.3238965,0.0,-0.004689727,0.009229075,0.40211776,1.1979125,0.16151834,0.016698252,1.0628388,0.17914008,-0.7774498,-0.45658574,0.13878287,-1.4993036
-0.16060062,-15.107152,0.96501225,-0.03442630761942273,-0.028339861525709574,-0.7062098299180134,0.7065970264015885,-0.013943687,-0.12207613,-0.76942384,0.6548908,-0.30158648,0.0,-0.014650427,-0.0064885635,0.40426812,1.4112805,0.29912397,0.01226259,1.0239638,0.22714067,-0.8290854,-0.37606233,0.12532201,-1.5075792
-0.1579701,-15.272336,0.96376884,-0.04023147599683819,-0.02846671353524395,-0.7035755964418496,0.7089093416305879,-0.016532555,-0.119096346,-0.66803694,0.65724194,-0.26109034,0.0,-0.02299621,-0.004177399,0.35919645,1.6166635,0.40825918,0.020011913,0.93065625,0.30416745,-0.9186997,-0.23860036,0.0664165,-1.4547108
-0.15622091,-15.426751,0.9580556,-0.04675256633335281,-0.03151542591702617,-0.7048258915862254,0.7071360816845624,-0.015949588,-0.113158695,-0.55238616,0.726843,-0.26053146,0.0,-0.0074785016,0.0057435334,0.25988275,1.7722014,0.47281906,0.02338697,0.77991205,0.3606752,-1.0378052,-0.057637718,-0.053868003,-1.34501
-0.14766467,-15.569761,0.95797485,-0.054862967629123204,-0.03401983647513787,-0.7062486490376807,0.7050145751979754,-0.008225314,-0.10024376,-0.43237606,0.826196,-0.31402537,0.0,0.029750526,0.014719479,0.10152263,1.8616605,0.49292633,0.0233257,0.57005507,0.3825013,-1.1547936,0.15608977,-0.20675121,-1.1836469
-0.13657258,-15.710576,0.9638726,-0.059171126669984433,-0.028658256857325,-0.7140718904265329,0.6969783478596604,-0.009559609,-0.093530916,-0.30078748,0.8987189,-0.38105163,0.0,0.079018645,0.0075265877,-0.1139552,1.8806341,0.47898194,0.021007638,0.33190072,0.37486303,-1.2538676,0.37763593,-0.31863374,-0.99379075
-0.1251793,-15.851737,0.9682452,-0.060321999319598155,-0.02023775539655472,-0.7219820955381223,0.6889800747314665,-0.013496071,-0.09051376,-0.15428028,0.91927695,-0.3979489,0.0,0.10751362,-0.012002474,-0.3602846,1.8265358,0.44084314,0.017336097,0.12636776,0.32862842,-1.3734547,0.55875593,-0.37435794,-0.8411157
-0.12007153,-15.985008,0.97498256,-0.0557626681528667,-0.012122322563151508,-0.7249111359124891,0.6864746311162656,-0.009668209,-0.084156945,-0.023525488,0.90705615,-0.34883866,0.0,0.10991728,-0.030069042,-0.57210165,1.6963012,0.3672953,0.015957046,-0.012374406,0.26441413,-1.5087256,0.7052339,-0.40827736,-0.7581116
-0.1210015,-16.117292,0.9921281,-0.048289521850870876,2.9934722607276402e-05,-0.7307261009610267,0.6809607085270206,-0.0065157264,-0.08825168,0.06774799,0.9223023,-0.24951099,-0.00070908666,0.09323482,-0.034225922,-0.7159824,1.4875891,0.23757492,0.014809396,-0.07883168,0.22601499,-1.6253942,0.833185,-0.44449347,-0.72226363
-0.12743567,-16.236443,1.0120213,-0.03946729623388914,0.005349382957630153,-0.7414525439467161,0.6698222463496581,0.0029553846,-0.09952963,0.10960092,1.0003132,-0.12599339,-0.012673929,0.061221275,-0.018831193,-0.78959346,1.2235285,0.06541754,0.011523582,-0.073834814,0.20613436,-1.7045363,0.93077177,-0.49060482,-0.6934635
-0.14104366,-16.334345,1.0242437,-0.032773981404559255,0.005672403282042048,-0.7605854716676366,0.6483852483454712,0.021410368,-0.11911892,0.10776232,1.1463507,0.00454642,-0.065934256,0.024025723,0.019658383,-0.7968736,0.97851783,-0.07857346,0.0073937178,0.0008838751,0.15005244,-1.736904,0.9722371,-0.557669,-0.71319157
-0.16031562,-16.424166,1.0431143,-0.02654375182630742,0.00769763983794139,-0.7863465590714326,0.6171671285935655,0.034201875,-0.1448874,0.077018134,1.3354304,0.13661434,-0.18428925,0.002891656,0.067805074,-0.748515,0.7950753,-0.1684879,0.0046332926,0.118642956,0.07425419,-1.713275,0.947929,-0.6494666,-0.80522245
-0.16906938,-16.500805,1.0329248,-0.009295633718052277,0.01758739832027318,-0.7953386136646411,0.605838892964219,0.011562951,-0.1397578,0.02796933,1.496905,0.2427649,-0.262,-0.01600673,0.102990024,-0.671786,0.67320687,-0.21936019,0.003881678,0.20194878,0.0472139,-1.6499119,0.86194587,-0.7344103,-0.9608487
-0.17187142,-16.563353,0.9996313,0.017805607014417163,0.029059248441818866,-0.7788712696447165,0.6262571881909796,-0.023032736,-0.10219447,-0.051009968,1.5938452,0.28905037,-0.262,-0.03805902,0.11454161,-0.59706026,0.60307425,-0.25020885,0.0046468675,0.22720021,0.08112778,-1.5855758,0.737365,-0.77323955,-1.1355135
-0.17623343,-16.609694,0.9619101,0.04532655427116669,0.03613657498589854,-0.7421471967570614,0.6677253849988236,-0.045021668,-0.07792404,-0.17763938,1.6198225,0.26460105,-0.262,-0.049260564,0.13129225,-0.5415672,0.5724813,-0.25777754,0.0048771426,0.21230865,0.14462817,-1.542573,0.61329633,-0.7686559,-1.27543
-0.19407244,-16.64199,0.9401894,0.05566334336340505,0.028918108571778442,-0.6948448152390808,0.7164188844088396,-0.056342818,-0.0620039,-0.34664917,1.572377,0.171096,-0.262,-0.04366477,0.15071392,-0.51013565,0.56413263,-0.23708414,0.004504174,0.20150565,0.17542592,-1.5074581,0.4966638,-0.76919997,-1.3936399
-0.21948749,-16.666084,0.94075394,0.053645416177549615,0.010175630792318938,-0.6462025687358238,0.7612101326311537,-0.067628466,-0.016110234,-0.5030234,1.4508137,0.04099118,-0.262,-0.02926571,0.15569013,-0.50213623,0.5704866,-0.20238009,0.0039137676,0.22838056,0.14386708,-1.4894977,0.3696876,-0.8299232,-1.5214626
-0.24390179,-16.679493,0.95248264,0.05731921842796241,0.0006906153832090515,-0.5906494737767843,0.8048895758900148,-0.050217252,0.043975994,-0.60434836,1.2770355,-0.04723336,-0.262,-0.023414977,0.16701278,-0.5209416,0.580445,-0.18281485,0.0025305748,0.31336787,0.07733604,-1.4922748,0.2684808,-0.95856917,-1.6277204
-0.26393,-16.69222,0.9625315,0.06693716340963617,0.01714972659534048,-0.5597869199895709,0.8257505114990643,-0.03530622,0.081055745,-0.65119106,1.1160492,-0.0718146,-0.262,-0.028086953,0.18936205,-0.5487013,0.59421533,-0.1850433,0.0019714087,0.46193877,0.040021166,-1.5067452,0.2104741,-1.1179603,-1.6896436
-0.28531533,-16.704506,0.98833555,0.08145857645897406,0.04273640255894815,-0.5584097437328203,0.8244493060957981,-0.028816499,0.09225109,-0.6652982,1.0101117,-0.06145113,-0.23403928,-0.03336481,0.19966254,-0.5653116,0.5999656,-0.18607822,0.0018982738,0.6454899,0.053046264,-1.5293692,0.19338003,-1.2510089,-1.71419
-0.30034414,-16.713943,1.0111929,0.09141993892188456,0.061738246554370935,-0.561065041716225,0.8203882024041309,-0.026649714,0.0907995,-0.6653854,0.95299274,-0.04759592,-0.21377786,-0.036671497,0.19639608,-0.57185423,0.59746546,-0.18182375,0.0025081262,0.79843575,0.09848817,-1.5548589,0.19858749,-1.3353909,-1.7295046
-0.30661362,-16.720833,1.0225438,0.09720305667665032,0.07046938023845746,-0.5641550948733725,0.8168932985096277,-0.025747526,0.08902431,-0.6609898,0.9268626,-0.04052482,-0.20154554,-0.037670657,0.19346109,-0.5744979,0.5939213,-0.18052767,0.003426507,0.8916393,0.12725401,-1.5780437,0.20818664,-1.3810039,-1.7490073
-0.30814373,-16.723862,1.0285176,0.09904720069202083,0.07248429624756199,-0.5687258019613813,0.81331829010293,-0.025377855,0.08914717,-0.6560321,0.915953,-0.037869297,-0.19246605,-0.03778377,0.19330403,-0.5745074,0.59144956,-0.18073191,0.0038152486,0.93671787,0.13268062,-1.6002219,0.21544753,-1.4039855,-1.7640499
-0.3079787,-16.7248,1.0304315,0.099727892847128,0.07179381365732372,-0.5711351600035954,0.8116062005162827,-0.025399562,0.0897397,-0.6522438,0.91052765,-0.037558034,-0.18476641,-0.038040943,0.1939471,-0.5734496,0.589052,-0.1803407,0.0036729723,0.95926774,0.13338797,-1.6161351,0.21980858,-1.415867,-1.771777
-0.30834782,-16.724821,1.0293595,0.09968335363979412,0.0717480322479306,-0.5723084351144158,0.8107888158901566,-0.025681425,0.08990071,-0.6488648,0.90791285,-0.037776023,-0.17889175,-0.03814011,0.19410813,-0.5721865,0.5870356,-0.1795955,0.003322333,0.9726489,0.13397948,-1.6255322,0.22245991,-1.4223924,-1.7754991
-0.30842814,-16.724482,1.0278913,0.10001409622546002,0.07184640409532561,-0.5727469529267217,0.8104296408004407,-0.025564142,0.09044542,-0.64567834,0.9069067,-0.036145415,-0.17489848,-0.038182132,0.1934708,-0.5711672,0.5859198,-0.17874226,0.0029927418,0.9810045,0.13440444,-1.6314039,0.22434682,-1.4258988,-1.7772837
-0.30888703,-16.723934,1.0273348,0.10070498422030474,0.07192839675318265,-0.572612706078617,0.8104316755476851,-0.024842277,0.091072924,-0.64301836,0.90686995,-0.03368159,-0.17147446,-0.037151225,0.19234228,-0.5687445,0.58688504,-0.17746556,0.0029146,0.9864415,0.13344438,-1.6350437,0.22570617,-1.42799,-1.7784027
-0.309381,-16.723974,1.0271385,0.10014282455464445,0.07174250297669037,-0.5727917485668556,0.8103912886566473,-0.024674933,0.09117127,-0.6419503,0.90624326,-0.033008013,-0.1688467,-0.036141284,0.19196895,-0.5668347,0.5874887,-0.17652409,0.0030047,0.98954815,0.13198349,-1.6375021,0.22644389,-1.4292885,-1.7788866
-0.30956504,-16.724155,1.0273306,0.10049376072812734,0.07162489459467722,-0.573569072412796,0.8098082474885917,-0.024837904,0.090955995,-0.6414564,0.90577215,-0.03300327,-0.16707045,-0.035639234,0.19265181,-0.56625503,0.5868739,-0.17623068,0.0029822513,0.991243,0.13125023,-1.6390142,0.22678366,-1.4300959,-1.7789611
-0.30964777,-16.724617,1.0276399,0.10034578451874865,0.07162919257260927,-0.5733207497992588,0.8100020371272708,-0.025382519,0.0905759,-0.6413694,0.9051791,-0.034122385,-0.16610941,-0.036189422,0.19335452,-0.5667831,0.5852767,-0.17621686,0.0029579997,0.9922482,0.13114417,-1.6397629,0.22699913,-1.4307029,-1.7790847
-0.30912423,-16.725626,1.0281028,0.10008584792716149,0.07070164241551805,-0.5739863475677442,0.8096442265651562,-0.025606751,0.090647236,-0.6420527,0.90411896,-0.035830427,-0.16504824,-0.037787624,0.19372416,-0.5679876,0.5831248,-0.17647493,0.002968952,0.99259096,0.13166647,-1.6401343,0.22714888,-1.4311982,-1.7793076
-0.30872527,-16.7258,1.0283128,0.1000339421130599,0.07077169790724165,-0.5739272251309885,0.8096864315610647,-0.025460172,0.09082049,-0.6421686,0.90390897,-0.036217585,-0.16419068,-0.038669646,0.19380543,-0.56811416,0.58219206,-0.17690457,0.0029371083,0.9922245,0.13283272,-1.6404927,0.22723857,-1.4315348,-1.7794399
-0.3085516,-16.725922,1.0287292,0.09977369754642512,0.07034543340656998,-0.5737576230955376,0.8098758665477787,-0.025395334,0.091014646,-0.6424405,0.90366656,-0.03650885,-0.16382016,-0.039403297,0.19308177,-0.56783473,0.581928,-0.1771274,0.0030467287,0.99192053,0.1341192,-1.6406472,0.22729309,-1.4318007,-1.779622
-0.308256,-16.726238,1.0289855,0.09939835719281309,0.0710400115080057,-0.574708298728762,0.80918703321581,-0.026066951,0.090945005,-0.6426314,0.9034633,-0.03623986,-0.164957,-0.039705858,0.19259402,-0.56795037,0.58160305,-0.17693321,0.0032565743,0.9919955,0.13523838,-1.6407015,0.22732586,-1.4319867,-1.779895
-0.3074003,-16.72646,1.0288512,0.09948612703815873,0.07002700831125377,-0.5749387010071618,0.809100870545892,-0.026903402,0.09123458,-0.6430847,0.9026828,-0.036637485,-0.16675296,-0.03887578,0.19284728,-0.56786305,0.5816369,-0.17643565,0.003572911,0.99216855,0.13578026,-1.64107,0.22739834,-1.4319775,-1.7801147
-0.3076706,-16.72579,1.0269511,0.09958832147896374,0.07079739550860686,-0.5747874281999057,0.8091287335137337,-0.026643533,0.09136083,-0.6421223,0.90285635,-0.0358807,-0.16731718,-0.038248293,0.19234505,-0.56749624,0.58214337,-0.17585328,0.0040665343,0.9925654,0.13586758,-1.6414213,0.22752905,-1.4319072,-1.7803577
-0.30847958,-16.724928,1.0259725,0.09992644018038765,0.07148681422094595,-0.5738543287106098,0.809688552077594,-0.025628012,0.091539375,-0.6406561,0.90373224,-0.03520529,-0.16668937,-0.038579635,0.1913872,-0.5675775,0.5822672,-0.17550445,0.004512064,0.993031,0.13589458,-1.6415056,0.22763127,-1.4318854,-1.780578
