0.0049094413,0.018958354,0.9752023,-0.04500305441020633,-0.028204399821394773,-0.7241005386455296,0.6876464548426908,0.0,0.0,-0.006823098,0.42488536,-0.39625973,0.0,0.0,0.0,0.06540207,0.27659622,-0.2919514,0.0,0.043137677,0.31727666,-0.15885462,-0.004593363,-0.35198516,-0.0150116915
0.0050001782,0.018118182,0.98541844,-0.04434857954358587,-0.027888533073426043,-0.7244801330269108,0.6873019497024494,-0.00039907172,0.0001299628,-0.006601111,0.42456982,-0.3974771,0.0,-0.0003254935,-0.00019815378,0.06613393,0.27572888,-0.29177895,2.2552907e-05,0.042945806,0.31712884,-0.15839896,-0.003391033,-0.35306296,-0.0146943275
0.0051494264,0.017018238,0.9853693,-0.04367116310241412,-0.027315538970201392,-0.7244295480708638,0.6874216469721433,-0.0005582832,-3.531715e-05,-0.005982086,0.42413178,-0.39929074,0.0,-0.0007506553,-0.00068081357,0.06749757,0.27450776,-0.2916213,-0.00034285337,0.042559437,0.3167084,-0.15793245,-0.001206621,-0.35437834,-0.015899047
0.0054762,0.015898872,0.98504794,-0.04248352277080352,-0.026229404916805893,-0.7243751939281217,0.6875956275546616,-0.00081993267,-0.00045655435,-0.0051279254,0.4238028,-0.40032867,0.0,-0.0012102369,-0.001336135,0.06937225,0.27335355,-0.2926152,-0.0013808832,0.041857023,0.31599164,-0.15794608,0.0028067518,-0.35513592,-0.020552209
0.0056247045,0.014471961,0.9844299,-0.04153280129274271,-0.025092372328526295,-0.7244220891976386,0.6876467377587365,-0.002461683,-0.0008319244,-0.0044701975,0.4230378,-0.40178686,0.0,-0.0014407756,-0.001966551,0.07084857,0.27122957,-0.29461253,-0.0023864135,0.040040027,0.31501806,-0.1589275,0.009595836,-0.35554418,-0.030907871
0.005612287,0.0122971,0.9839372,-0.0403843383841998,-0.024011984906558665,-0.7235733999514468,0.6886465455346606,-0.005455915,-0.0011434588,-0.0039257454,0.4218698,-0.4031599,0.0,-0.0019378616,-0.00233946,0.07174141,0.2685135,-0.2964382,-0.0033345148,0.03639367,0.31332627,-0.16127731,0.0204834,-0.35619226,-0.04784567
0.0054562343,0.009627971,0.98352504,-0.038906453844446416,-0.022650411897030834,-0.7224406415824832,0.6899657716727945,-0.008715654,-0.0017477325,-0.0035419804,0.41993773,-0.40404478,0.0,-0.0030776523,-0.0025964268,0.072744355,0.26644439,-0.29743895,-0.0044619516,0.03030189,0.3094851,-0.16683371,0.037156478,-0.3573023,-0.06901004
0.005197988,0.006638111,0.98316044,-0.037193462287949994,-0.021077645359996316,-0.7206480336729865,0.6919817850148741,-0.012002856,-0.002492596,-0.0032450329,0.41753542,-0.4044621,-0.00012600422,-0.0050672246,-0.0024954583,0.07392715,0.266054,-0.29802394,-0.005536191,0.02134299,0.30129716,-0.18110119,0.06140173,-0.36010432,-0.08999134
0.0051756073,0.0033784057,0.9828274,-0.03531096773758102,-0.019148028165305676,-0.7192193366340333,0.6936209587278324,-0.016508559,-0.002842139,-0.0031904497,0.41537598,-0.4058314,-0.002156496,-0.0072393036,-0.0018278658,0.07450027,0.26741484,-0.29905358,-0.0063913986,0.009662144,0.2870116,-0.2107063,0.093484744,-0.36505353,-0.11114739
0.0051268544,-0.00021777903,0.9823679,-0.03334221583069891,-0.017320244487812084,-0.7171415979548617,0.6959139560729682,-0.019523405,-0.001932234,-0.0039249407,0.41334787,-0.4090206,-0.009920508,-0.009484253,-0.00055802055,0.07385205,0.27081162,-0.30190507,-0.0070627183,-0.0045118756,0.26655313,-0.2566977,0.13189851,-0.3716446,-0.13956642
0.0047883093,-0.0043748436,0.9818598,-0.03130984642599402,-0.015245083337915778,-0.7148422765722559,0.6984180700524545,-0.020909373,-0.00025329506,-0.0057855016,0.4114346,-0.41367704,-0.02266334,-0.011376712,0.0010112785,0.071308,0.27684706,-0.30740613,-0.0074870735,-0.02225925,0.24092449,-0.31351238,0.17548107,-0.3795668,-0.18237962
0.0038757583,-0.008814092,0.9810888,-0.028935583905667993,-0.012694647224161257,-0.7131444782115138,0.7003045988084898,-0.020917809,0.0014975155,-0.00858681,0.41041514,-0.4195538,-0.034712657,-0.012847441,0.0028984696,0.06671179,0.28642866,-0.3155043,-0.0076248646,-0.043775976,0.2115051,-0.3728757,0.22370316,-0.38767853,-0.24167052
0.0019552824,-0.013845097,0.9798998,-0.026158571552767036,-0.01023921467890775,-0.7124365471123161,0.7011740539664588,-0.019124633,0.0031434693,-0.012075666,0.41250452,-0.42587075,-0.040236786,-0.013162461,0.0048167603,0.059220746,0.29913282,-0.32600567,-0.007387854,-0.06706128,0.1803495,-0.42735898,0.27371976,-0.39312372,-0.3159218
-0.0007518722,-0.019480139,0.9784618,-0.024136416309637913,-0.00813030320262383,-0.7129486064678126,0.7007536058509906,-0.017330315,0.0051709926,-0.016027197,0.41920346,-0.43294305,-0.040338084,-0.012348193,0.0064758966,0.049196858,0.31560147,-0.33868527,-0.0073821098,-0.090203956,0.14917548,-0.47324264,0.32226688,-0.3958411,-0.40190932
-0.0035137252,-0.024851229,0.9762315,-0.02124794691643422,-0.005629993928800247,-0.7157708049245025,0.6979892425660497,-0.01640123,0.00813463,-0.020852864,0.43175414,-0.44190666,-0.035761088,-0.012549783,0.009235196,0.03948523,0.33871904,-0.3539696,-0.0075182095,-0.111525826,0.11981385,-0.50956476,0.3692725,-0.3984644,-0.4974343
-0.0065331105,-0.030958693,0.9725726,-0.01826905994680687,-0.0034238921599219273,-0.7183971316900213,0.6953848427961938,-0.0153546035,0.012278032,-0.027369017,0.4524725,-0.45231757,-0.026199162,-0.012962195,0.012680531,0.029576723,0.36711428,-0.37241125,-0.0070917904,-0.12956846,0.095985025,-0.5366078,0.414159,-0.40226337,-0.5994879
-0.010019407,-0.037964687,0.96795607,-0.015842557124584846,-0.0017190687402008139,-0.7214371352432314,0.692296553565349,-0.013610683,0.01743425,-0.036859803,0.4839571,-0.4663342,-0.01378265,-0.012803351,0.016198764,0.018904177,0.3983485,-0.39380914,-0.0062923655,-0.14308722,0.08112596,-0.55513734,0.45403907,-0.4073,-0.7022439
-0.014255505,-0.045528583,0.96300477,-0.013806071274425718,-0.00039936708434350557,-0.7238459151159073,0.6898234006409988,-0.010091899,0.022502702,-0.05208538,0.52963865,-0.4845474,-0.0034134984,-0.013332703,0.020448077,0.008560967,0.43082592,-0.4175739,-0.0055116266,-0.15083846,0.07421232,-0.56597066,0.48700684,-0.41040006,-0.80307156
-0.01908698,-0.053807452,0.9577402,-0.011678704679046999,0.0006842602816536213,-0.7260785386150107,0.6875122510963546,-0.00659585,0.027835956,-0.075887285,0.59491885,-0.50425315,-0.00020864606,-0.015652642,0.025446534,-0.00022001816,0.46130645,-0.4427343,-0.004538968,-0.15225783,0.07400638,-0.5705288,0.51024014,-0.41183305,-0.89866877
-0.0243932,-0.06243346,0.95270824,-0.009595401031838742,0.0015231815684929684,-0.7276290394594951,0.6859020258988889,-0.0032924376,0.033055,-0.112204075,0.68490756,-0.5184235,0.0,-0.018880341,0.029779106,-0.005068943,0.48698133,-0.46743098,-0.003660284,-0.14686865,0.077875555,-0.5703702,0.51946986,-0.40906554,-0.98272896
-0.029692434,-0.071725905,0.94884986,-0.007688230106978265,0.0013975144459937563,-0.7273549610460182,0.6862169472644499,-0.0005263984,0.036178578,-0.16439033,0.804178,-0.51252985,0.0,-0.021500733,0.032337505,-0.0040884907,0.50781405,-0.4899774,-0.0031172857,-0.13290833,0.083884224,-0.5662543,0.50838226,-0.39653483,-1.0503606
-0.034240697,-0.08270791,0.94571126,-0.005644679624901869,0.00044195196724006153,-0.7266109434916539,0.6870258212531458,-0.003939789,0.035158005,-0.23179951,0.9478211,-0.48286745,0.0,-0.0222121,0.033222713,0.0028295298,0.52492523,-0.5111548,-0.002268754,-0.10795654,0.09218086,-0.5589486,0.47131383,-0.3706814,-1.1007614
-0.03807196,-0.09483959,0.94260156,-0.004813207174996441,-0.0006842130541547666,-0.7260402365566605,0.6876350338587582,-0.0112587605,0.030463714,-0.30873775,1.0918634,-0.45082596,0.0,-0.023645703,0.03438995,0.015071416,0.5389269,-0.5313795,-0.0020933375,-0.07212123,0.10150509,-0.55179685,0.41024977,-0.33212385,-1.1346712
-0.041540116,-0.10799229,0.9391523,-0.004073459607448834,-0.0015575002415363732,-0.7239414964857908,0.6898475851851175,-0.01441008,0.02322292,-0.38581365,1.2086042,-0.43545625,0.0,-0.02718487,0.03727696,0.031702325,0.54708916,-0.5472018,-0.002669856,-0.025812719,0.112488866,-0.5497561,0.32966948,-0.28134465,-1.1579103
-0.044783793,-0.12229475,0.9350419,-0.003739655939673862,-0.002552678156990064,-0.7217622131247906,0.6921262937592272,-0.015772797,0.014564079,-0.4560804,1.2777045,-0.43668136,0.0,-0.03166814,0.041590907,0.053304117,0.54772365,-0.5559822,-0.0032482147,0.03312774,0.12615815,-0.55744874,0.2338095,-0.21655706,-1.1815771
-0.047894493,-0.13756916,0.9313374,-0.0024974483250541865,-0.003274599860700543,-0.7207031732937975,0.6932315455544896,-0.016315592,0.003866371,-0.51523465,1.2892083,-0.44120988,0.0,-0.035162758,0.04561104,0.08052527,0.5416385,-0.5567699,-0.004241489,0.10561547,0.14027604,-0.5805098,0.12903847,-0.13698372,-1.2171123
-0.051450532,-0.15583082,0.92827433,-0.0016535492967898688,-0.0036247993133820683,-0.7181881768419116,0.6958375307851337,-0.01449316,-0.00941002,-0.5589206,1.2432705,-0.43710026,-0.00041410327,-0.035612863,0.047929965,0.11062151,0.5330078,-0.5509406,-0.0057982802,0.19095057,0.1533821,-0.62383753,0.02388552,-0.046804715,-1.2709633
-0.054742172,-0.17811622,0.92558414,-0.0008569555279451716,-0.004124852149585096,-0.7164269111186526,0.6976494336319304,-0.014902145,-0.022363167,-0.5838861,1.1517895,-0.42438284,-0.007457614,-0.034658637,0.050075844,0.14011987,0.5329769,-0.5411774,-0.0071047843,0.29011014,0.17033882,-0.68746984,-0.07546986,0.042260446,-1.3401256
-0.056608558,-0.20352866,0.9236294,-7.286218451677997e-05,-0.004217667396158873,-0.7148040900484262,0.6993120325168724,-0.024676412,-0.031747084,-0.59157604,1.0393214,-0.41448167,-0.0383642,-0.033465322,0.051183425,0.16511683,0.5498505,-0.52677566,-0.007439129,0.4010576,0.19450857,-0.7648325,-0.17127353,0.11125489,-1.4130831
-0.05723686,-0.23207246,0.92230827,3.162063702707681e-05,-0.0038634616800212167,-0.7146718444042992,0.699449231524161,-0.036077887,-0.038842984,-0.5858406,0.9344222,-0.41077176,-0.09406239,-0.031173699,0.05108701,0.18368573,0.5882449,-0.5034773,-0.0071120784,0.51230556,0.22444382,-0.8433159,-0.25575697,0.13647139,-1.4794018
-0.05702539,-0.2631361,0.92151475,0.0007020408448608744,-0.003367474983051576,-0.7123521539729392,0.7018137758558212,-0.041882295,-0.046723157,-0.5685299,0.85956734,-0.40552387,-0.14004308,-0.028161172,0.05128165,0.1926473,0.6510861,-0.46473837,-0.007040575,0.60840744,0.25531,-0.91561794,-0.31581223,0.13985555,-1.5322425
-0.05500174,-0.2950507,0.9222782,-0.00020214615104049313,-0.003320874344106989,-0.7101193084603591,0.7040735037496479,-0.040203955,-0.05452179,-0.5402664,0.8249843,-0.40143016,-0.15048257,-0.027526278,0.051836807,0.18434443,0.74091977,-0.40455058,-0.007349208,0.67899036,0.2741978,-0.9846055,-0.34652162,0.14,-1.5677474
-0.05182918,-0.32776913,0.9234978,-0.0017036989062822903,-0.0033914581306979026,-0.7101958863612744,0.7039938908948772,-0.034616295,-0.060473587,-0.5030137,0.828567,-0.4122568,-0.1259923,-0.026839513,0.048824195,0.15127385,0.86607665,-0.32147884,-0.0072592124,0.7212869,0.2819569,-1.0378337,-0.34868485,0.14,-1.583991
-0.04753161,-0.3618187,0.92233187,-0.00561616720018988,-0.004889873562114245,-0.7132785714450222,0.7008410856391586,-0.030924337,-0.06423857,-0.4600917,0.8603251,-0.44897643,-0.082500815,-0.020343669,0.040236674,0.09092362,1.0314829,-0.22899953,-0.0061374903,0.7318525,0.28242904,-1.0710943,-0.32463112,0.14,-1.5801107
-0.04294312,-0.3974134,0.9168522,-0.010684038393188969,-0.0068823212880780305,-0.7175673475711289,0.6963731662528613,-0.030072417,-0.06668007,-0.41508025,0.9071372,-0.5101183,-0.037107214,-0.015925378,0.031637322,0.010604438,1.22756,-0.16252227,-0.0036875233,0.7076363,0.27941477,-1.0893556,-0.27678087,0.13973966,-1.5570335
-0.03991878,-0.43287444,0.9079481,-0.016016483273693836,-0.008722010584431018,-0.7216903705738215,0.6919757277650199,-0.03105693,-0.067969725,-0.3704834,0.95468825,-0.58181715,-0.008184195,-0.015369716,0.026964296,-0.08426376,1.4349974,-0.15495783,-0.002723053,0.6463612,0.27323842,-1.1016117,-0.20876797,0.13470706,-1.517995
-0.038080294,-0.4666659,0.8984677,-0.019365689189491598,-0.009386857572903657,-0.7241320790628579,0.6893254594596263,-0.029062867,-0.06746538,-0.32657465,0.99173635,-0.64671934,-0.00048026443,-0.018575173,0.02562752,-0.1912672,1.6249135,-0.21080408,-0.0031915084,0.54817647,0.25613686,-1.1167909,-0.12783062,0.10593632,-1.4731191
-0.037495885,-0.49811137,0.8902029,-0.02114766062726103,-0.008799887509162458,-0.7255113917805878,0.6878288732136904,-0.023076575,-0.06670782,-0.28141454,1.011633,-0.69764256,0.0,-0.024267327,0.027865121,-0.30775133,1.7683902,-0.3053841,-0.002481304,0.41337794,0.21817206,-1.1454941,-0.039967544,0.03919567,-1.4407842
-0.03825643,-0.5290952,0.8864303,-0.02121652580990767,-0.006332593175268772,-0.7254217868109271,0.6879483908813769,-0.01937988,-0.064884864,-0.2322555,1.0080769,-0.7323843,0.0,-0.02987758,0.03378497,-0.42848,1.8509667,-0.40182844,-0.0021250322,0.24777436,0.15576017,-1.1784557,0.06131199,-0.041708536,-1.4333539
-0.040679175,-0.5610623,0.8865385,-0.02077764500167499,-0.002178573254313718,-0.7255797534189857,0.6878208812730271,-0.015270831,-0.05948377,-0.17654002,0.97743237,-0.75027204,0.0,-0.031722423,0.041607715,-0.54546714,1.8669766,-0.47842157,-0.0018782467,0.07054877,0.07901961,-1.2153251,0.1880258,-0.13333817,-1.4529675
-0.04548331,-0.594264,0.88918555,-0.019991808760156,0.003305212900706674,-0.7275675437146135,0.685736737008644,-0.008453306,-0.05038945,-0.11380345,0.92083913,-0.7460189,0.0,-0.025840938,0.04974739,-0.6442286,1.8129137,-0.52759373,-0.0017770752,-0.09983679,0.007144166,-1.2571653,0.34069255,-0.23028526,-1.4899181
-0.052602343,-0.62974966,0.8942537,-0.017966383892240097,0.008462635112964603,-0.7272293746189005,0.6861071560246144,-0.0021556057,-0.03852603,-0.04712376,0.84707695,-0.7106039,0.0,-0.008374809,0.05463823,-0.7051008,1.6896206,-0.55189824,-0.0039237663,-0.24864739,-0.053508207,-1.3023218,0.5121717,-0.30915684,-1.5246797
-0.06048546,-0.6694542,0.9019497,-0.014749431983876021,0.011930834896319157,-0.725655369953871,0.6877967675788688,0.000119592994,-0.025999213,0.019807627,0.7781436,-0.6413128,0.0,-0.0027231174,0.05326141,-0.7191834,1.5081565,-0.5541207,-0.007708803,-0.36761394,-0.0812533,-1.3540224,0.673811,-0.35853344,-1.5488389
-0.06813835,-0.7153108,0.91020375,-0.012747219121361432,0.014269810210131247,-0.7311356770611172,0.6819637106544751,0.0029658116,-0.020576917,0.0830586,0.7402132,-0.54473823,0.0,-0.021455422,0.05632366,-0.69320506,1.293868,-0.54166573,-0.0052850097,-0.45351732,-0.081397526,-1.4110682,0.79548955,-0.39623648,-1.5755447
-0.07663765,-0.7639981,0.9142637,-0.010712770253470644,0.014222531174105083,-0.7376815200428363,0.674914017596159,0.0050307177,-0.020658486,0.13245696,0.741602,-0.43852437,0.0,-0.02873616,0.06281671,-0.64287657,1.0936636,-0.5297371,0.007619716,-0.50657904,-0.07417632,-1.4662615,0.88682646,-0.4512359,-1.6108664
-0.08434461,-0.8120197,0.91712844,-0.011454860267852153,0.011882290418571766,-0.742097016859155,0.6700892589195828,0.004464917,-0.020920405,0.16138428,0.77969915,-0.3257288,0.0,-0.027747225,0.0685263,-0.5819456,0.9434177,-0.51539004,0.021308623,-0.52711374,-0.0678894,-1.5102866,0.9500153,-0.5009994,-1.6410289
-0.09261633,-0.8587562,0.91851205,-0.012875083798748261,0.00924357222529712,-0.7441321157767221,0.6678444301327593,0.002111312,-0.019433904,0.16608384,0.85296494,-0.21524611,0.0,-0.03113541,0.07208609,-0.5142724,0.8554194,-0.4838734,0.023380503,-0.5148192,-0.06417564,-1.5356909,0.9653989,-0.52743864,-1.653134
-0.1018513,-0.9047645,0.92002594,-0.01373136235984638,0.006100624824436646,-0.7415332508840646,0.6707478437518863,0.00026740506,-0.014867062,0.1445664,0.96563935,-0.12820636,0.0,-0.03566007,0.073503986,-0.4424229,0.8244176,-0.4589506,0.015728377,-0.46961758,-0.06323432,-1.5389299,0.92636824,-0.52503544,-1.6476387
-0.11118897,-0.9523518,0.9217153,-0.015074018012633939,0.0009380095938674837,-0.7375689994375839,0.6751028552654759,0.0021845177,-0.007997002,0.09703153,1.1223946,-0.08856307,0.0,-0.032691464,0.07100511,-0.3677303,0.83220303,-0.4790762,0.0078123957,-0.39319977,-0.06544809,-1.5217168,0.8376445,-0.49168968,-1.6326338
-0.11980879,-1.0020645,0.92280453,-0.016946197915473492,-0.005502689681224931,-0.7352258031033233,0.6775880498013191,0.0088806525,-0.0032766978,0.02594034,1.3096012,-0.10749844,0.0,-0.025052872,0.06700154,-0.28758857,0.8496445,-0.53378135,0.0038869344,-0.2911621,-0.069545306,-1.492508,0.7044076,-0.43925697,-1.6243852
-0.12942703,-1.0503577,0.9233467,-0.018297287693888355,-0.010300533559133468,-0.7340430055214359,0.6787782954076399,0.018114626,-0.0037924205,-0.06683986,1.482969,-0.17064357,0.0,-0.02052715,0.0650613,-0.20185886,0.8497645,-0.58694744,0.0022750422,-0.1739617,-0.0700811,-1.4657475,0.52176946,-0.35873488,-1.6268348
-0.13737187,-1.094986,0.9193511,-0.019674913148902504,-0.0138533091154487,-0.7302786372968387,0.6827254906087858,0.027002044,-0.007931916,-0.18071836,1.6038831,-0.25673935,0.0,-0.019201662,0.06707844,-0.11510798,0.8247818,-0.6197389,9.290129e-05,-0.052540492,-0.05881051,-1.4560689,0.30872136,-0.23152162,-1.6227039
-0.14179534,-1.1371799,0.91410625,-0.01727216094159928,-0.015254015943579363,-0.7232714255994278,0.690179275525839,0.030569926,-0.014751915,-0.30900368,1.6578442,-0.3541667,0.0,-0.023195863,0.07364823,-0.027008787,0.7752044,-0.618669,-0.0028009862,0.07172468,-0.026354808,-1.4666995,0.10788978,-0.07583952,-1.6097616
-0.14651543,-1.1801761,0.9121671,-0.013739892046616761,-0.014578936208710121,-0.714548241256389,0.6992992784945304,0.025483549,-0.03152398,-0.43512824,1.6395259,-0.4440748,0.0,-0.030816369,0.07924415,0.0623735,0.7005027,-0.5722261,-0.004409209,0.2061401,0.028719995,-1.4860531,-0.062155213,0.051267553,-1.6025089
-0.15146372,-1.2275583,0.9180357,-0.010893317222280144,-0.013090321662052038,-0.7084860568963675,0.705519302572308,0.011319548,-0.054967176,-0.5353235,1.545668,-0.50415206,-0.00031331182,-0.033140402,0.080688134,0.147271,0.6146817,-0.47883838,-0.0045333654,0.3501577,0.09703538,-1.5078332,-0.20619287,0.12110962,-1.607813
-0.1562138,-1.282808,0.9269667,-0.007294996063251303,-0.012609820041460261,-0.7053050037036859,0.7087542784502275,-0.012211466,-0.072116196,-0.5931029,1.3804983,-0.5246512,-0.00641793,-0.03071756,0.08190295,0.22033139,0.5616553,-0.35525647,-0.0029054135,0.4958067,0.18811496,-1.5370135,-0.31986687,0.13890205,-1.6238027
-0.15922853,-1.3419777,0.929882,-0.004308132095462582,-0.011155792342062298,-0.6976826655962884,0.7163071173885727,-0.021412743,-0.084291354,-0.61259705,1.1752927,-0.52248204,-0.04113713,-0.035773966,0.08557506,0.27324086,0.5589136,-0.23115127,-9.68501e-05,0.62189615,0.2731552,-1.5764489,-0.3987746,0.14,-1.6440511
-0.16094881,-1.4008304,0.9280121,-0.0056446421445479214,-0.00992297926157446,-0.6968562110164248,0.7171199994878585,-0.039966263,-0.091338456,-0.60798943,0.9891402,-0.5309455,-0.112686425,-0.0371386,0.08360782,0.30156913,0.60594475,-0.12791568,0.002408173,0.723665,0.31337592,-1.6133096,-0.44261354,0.14,-1.6596489
-0.16225237,-1.4583808,0.92581606,-0.007312419421945915,-0.008498351675781312,-0.6965514989405885,0.717419205112751,-0.050577674,-0.09366036,-0.5880557,0.8609385,-0.5273128,-0.16017902,-0.033884812,0.07818056,0.30506018,0.69849557,-0.049415343,0.007529147,0.7830438,0.3140223,-1.6336707,-0.4515529,0.14,-1.6653384
-0.16321863,-1.5143863,0.9219529,-0.009982727915751085,-0.008745457149535991,-0.6990984068563832,0.7149022867871333,-0.044906728,-0.09337637,-0.55436414,0.8012596,-0.48974144,-0.15195215,-0.029359985,0.069336586,0.28320566,0.8337564,-0.0010927465,0.013696149,0.790954,0.30843726,-1.6341635,-0.42644233,0.14,-1.6589386
-0.16376705,-1.56968,0.9184506,-0.01335105526671868,-0.009784994108000572,-0.704665598394238,0.7093464581241398,-0.031042077,-0.090289086,-0.507374,0.80652547,-0.44587833,-0.098810494,-0.023155961,0.056418672,0.23318389,1.0096761,0.0044413097,0.016023226,0.7430797,0.31017,-1.611793,-0.36841223,0.1399109,-1.638766
-0.16439366,-1.6248641,0.9194978,-0.018844977250276666,-0.011558319177882598,-0.7144684105268807,0.6993183555787817,-0.019174818,-0.08272886,-0.44906497,0.8561612,-0.4531781,-0.03820558,-0.016507957,0.0449467,0.15281563,1.2156371,-0.041858505,0.012398947,0.64029974,0.30115342,-1.5618556,-0.28047678,0.13718556,-1.6066347
-0.16655841,-1.6803805,0.91991544,-0.024416444610387673,-0.012677597389244864,-0.7225050025284501,0.6908180926107743,-0.006761376,-0.07236735,-0.3823827,0.9082012,-0.5160135,-0.007054299,-0.017516952,0.039212916,0.04575781,1.4230297,-0.12910298,0.007834844,0.49154735,0.25362822,-1.508112,-0.17143942,0.112129614,-1.5742301
-0.17062736,-1.733149,0.91554177,-0.026979088794514203,-0.012412672825394568,-0.7277349669789123,0.6852152013472474,0.003094621,-0.062439445,-0.30933252,0.935628,-0.5919977,-0.0003825724,-0.021820806,0.03846082,-0.08564182,1.5914361,-0.22842257,0.0063743815,0.30766276,0.16395876,-1.4816158,-0.052956317,0.041573547,-1.5576651
-0.17565404,-1.7818248,0.9111778,-0.027922190847731364,-0.009538332252944464,-0.7337211822828295,0.6788096921417535,0.008615654,-0.05233643,-0.2326127,0.9295468,-0.6428774,0.0,-0.021866158,0.04227251,-0.23742029,1.6981914,-0.32449618,0.005369641,0.11234457,0.06459815,-1.4769067,0.07207415,-0.049802937,-1.5658422
-0.18226762,-1.8296033,0.9106827,-0.027098136343238034,-0.0036862152377504526,-0.7413187839544275,0.670595678020872,0.012679882,-0.04242572,-0.15237331,0.89068055,-0.6508512,0.0,-0.0155083565,0.04931393,-0.39542595,1.7355932,-0.415726,0.003649529,-0.07488954,-0.009986233,-1.4815172,0.21360172,-0.16269118,-1.5976672
-0.18978556,-1.8789285,0.9143991,-0.02554432701273511,0.001392982292579982,-0.7434577050627266,0.668293489225103,0.011757541,-0.031790286,-0.07007555,0.8265025,-0.61147237,0.0,-0.00592441,0.057747852,-0.5339953,1.6995381,-0.48920882,0.0017733052,-0.24411505,-0.05149939,-1.4961591,0.38157374,-0.27146643,-1.6379654
-0.19838065,-1.9298267,0.9214753,-0.024331692693390288,0.005675217815469413,-0.7406231026218076,0.6714560153102128,0.006510023,-0.02082049,0.010947413,0.75430804,-0.52794975,0.0,0.0051332675,0.057114705,-0.63024867,1.5878568,-0.5284736,-0.00079201907,-0.38804263,-0.06217737,-1.5260364,0.56098557,-0.34500122,-1.6699436
-0.21001025,-1.9864906,0.9285021,-0.022189579584938852,0.00859859011990796,-0.7475171997432486,0.6638160309105269,0.0029919632,-0.013358755,0.08840249,0.7054214,-0.41458052,0.0,0.00057653803,0.05307722,-0.67595816,1.4098488,-0.5353659,-0.00084463507,-0.49988398,-0.057648573,-1.5710404,0.71302205,-0.38622296,-1.6951296
-0.22291602,-2.0480657,0.930969,-0.019799896650793444,0.010428342827256746,-0.7549442613963341,0.6554070307398591,0.0037312657,-0.011158919,0.15327035,0.69696325,-0.29352412,0.0,-0.0071070073,0.053755764,-0.67463076,1.2042015,-0.5292568,0.008565761,-0.5764609,-0.04979957,-1.6214998,0.8260134,-0.43429655,-1.7238524
-0.2365264,-2.1101546,0.92851484,-0.01906494361639296,0.008856756923421602,-0.7592730376659808,0.6504325791772558,0.0045621246,-0.013287295,0.19735388,0.73232096,-0.17673868,0.0,-0.0033719307,0.05502622,-0.6451786,1.0217721,-0.5292723,0.031342573,-0.616431,-0.043381065,-1.6640851,0.91159225,-0.49381694,-1.7626538
-0.24904697,-2.1709545,0.92322767,-0.020148781599475262,0.0060092108795969995,-0.759484455694612,0.6501855716200723,0.0007313825,-0.01223089,0.21694748,0.8073118,-0.07551488,0.0,0.0018615006,0.05400208,-0.6025825,0.894355,-0.5184452,0.051065587,-0.61968094,-0.040286556,-1.6892984,0.9553328,-0.53414434,-1.790805
-0.2616143,-2.229249,0.91691554,-0.022081198344908654,0.003034373286347666,-0.7567511989611984,0.6533229187233528,-0.006083887,-0.005577736,0.21080278,0.9179064,-0.008073269,0.0,-0.001090276,0.052649092,-0.5510733,0.83360434,-0.47814116,0.052514315,-0.58718544,-0.04005772,-1.6930841,0.9439016,-0.55092597,-1.7986
-0.27344957,-2.2848575,0.9136317,-0.023037448286517204,-0.00036463552319160184,-0.7501530236825832,0.6608627573689253,-0.009966623,0.0024157902,0.17533049,1.0613945,0.010381099,0.0,-0.008470791,0.0509727,-0.4917256,0.834694,-0.4382238,0.03792301,-0.52021533,-0.041911088,-1.675609,0.87587875,-0.539318,-1.7843262
-0.28438845,-2.3398292,0.9144031,-0.025822398151143656,-0.004467938918438942,-0.7424161858916803,0.6694262081824962,-0.007332694,0.009791481,0.10981368,1.2333648,-0.019941607,0.0,-0.009113998,0.04806095,-0.42520732,0.87520415,-0.44958383,0.02009656,-0.42144847,-0.046174172,-1.641603,0.7542211,-0.49512595,-1.751532
-0.29775327,-2.396664,0.9165913,-0.025645139128231912,-0.009173304727479454,-0.7417071856461291,0.6701705962517075,0.001164075,0.014902644,0.018490205,1.411925,-0.082968876,0.0,-0.003716494,0.048477042,-0.348312,0.915886,-0.5079969,0.009746179,-0.29852715,-0.05089122,-1.6012062,0.57856154,-0.4269836,-1.7251685
-0.30975237,-2.451895,0.9157428,-0.025184068332880047,-0.01296997440752347,-0.739839964663497,0.672186260758719,0.0074766316,0.01430617,-0.0960093,1.5577502,-0.1649657,0.0,-0.004115007,0.049119283,-0.26148766,0.93063664,-0.57034665,0.0045191385,-0.1648448,-0.051977254,-1.567135,0.36404794,-0.3135088,-1.6951619
-0.3175918,-2.502489,0.9114707,-0.023415289518939182,-0.015050987445505013,-0.7342242033145745,0.6783362081304062,0.012124393,0.007908342,-0.23049478,1.6440191,-0.25829408,0.0,-0.004115266,0.05071579,-0.17071053,0.9144708,-0.60612625,-0.0008173138,-0.031902254,-0.044321775,-1.5492227,0.15338114,-0.15457463,-1.6524327
-0.32213765,-2.5522826,0.90764415,-0.020352052774837523,-0.015261755317233712,-0.724315454003067,0.688999271309352,0.011215925,-0.006972428,-0.37178263,1.6604156,-0.34620768,0.0,-0.0042591235,0.055239577,-0.077295125,0.86997175,-0.6002241,-0.0042944923,0.0996496,-0.019966427,-1.5473524,-0.024912613,0.0006961161,-1.6126266
-0.32558486,-2.6039636,0.9083607,-0.017599896584002742,-0.014774139353433512,-0.7118909202144998,0.7019140162176207,-0.0023066625,-0.031876046,-0.494343,1.6020164,-0.4061027,-0.0004644096,-0.00681029,0.059221566,0.018140838,0.80012786,-0.5440614,-0.005938396,0.23716214,0.026477648,-1.5494685,-0.17073488,0.09766341,-1.5929575
-0.32768247,-2.659257,0.91620713,-0.014703900597781493,-0.013798406447864618,-0.7070946430194205,0.7068313554872537,-0.019481335,-0.05787408,-0.57594836,1.4668356,-0.43488094,-0.008433104,-0.010553922,0.0628047,0.10747542,0.71792406,-0.44008332,-0.006540984,0.38193116,0.09702361,-1.550763,-0.29041472,0.13325223,-1.5961436
-0.3308899,-2.7207894,0.9241525,-0.011124771096581117,-0.013223680752559707,-0.7019177131331259,0.7120483815903004,-0.031667158,-0.07646131,-0.61260635,1.2714034,-0.44785005,-0.04420246,-0.014499352,0.06758072,0.18428393,0.6650444,-0.30807623,-0.0071901307,0.5258377,0.1949316,-1.5633591,-0.38107327,0.13965574,-1.6163789
-0.332906,-2.7855687,0.92565954,-0.009723730794091017,-0.01197984448193628,-0.6953704292670398,0.7184858373597948,-0.04245072,-0.09059046,-0.6159792,1.0696266,-0.46160105,-0.110650405,-0.02331584,0.07432087,0.2435655,0.6562824,-0.17365988,-0.0070809275,0.6520538,0.281965,-1.5906881,-0.44063455,0.14,-1.6441271
-0.3332525,-2.850546,0.92485696,-0.011377885814997558,-0.011850991419080277,-0.6936334666494323,0.7201407582276238,-0.05060387,-0.100332275,-0.60269356,0.9104002,-0.47043607,-0.16639768,-0.029049672,0.07550147,0.28269672,0.6889934,-0.05261275,-0.004710339,0.755319,0.32160324,-1.6175387,-0.46972665,0.14,-1.6685363
-0.33283567,-2.9134436,0.92280173,-0.01413668022565514,-0.012588493770593609,-0.6949830194836154,0.7187769380873472,-0.04931943,-0.10632987,-0.57964057,0.81491476,-0.46240878,-0.17464176,-0.028734814,0.07150751,0.2991949,0.76066464,0.04102396,-0.0011385381,0.81961495,0.32365867,-1.6301554,-0.4696023,0.14,-1.682943
-0.3327028,-2.9728918,0.9181577,-0.016874312859096203,-0.012732466981627357,-0.6965516159646009,0.7171952231765061,-0.03758427,-0.110328875,-0.54626024,0.7873408,-0.43601522,-0.13079101,-0.02512997,0.062717855,0.2901536,0.8704761,0.090628736,0.0009801388,0.837151,0.3208615,-1.6246455,-0.44084874,0.14,-1.6842867
-0.33185247,-3.030193,0.9139911,-0.017256663045354684,-0.013332175959214597,-0.6985596147803251,0.7152194944649477,-0.021403506,-0.11086529,-0.50254333,0.82327795,-0.4255127,-0.061873555,-0.019580837,0.051231287,0.25239652,1.0147606,0.08590151,0.0023866408,0.80356216,0.32397574,-1.5996609,-0.38304517,0.14,-1.6699295
-0.33195096,-3.0890286,0.9126865,-0.02058080400668367,-0.01309548001339831,-0.7050791124120908,0.7087089558837502,-0.008507112,-0.10756227,-0.45063046,0.89859265,-0.4694379,-0.013761997,-0.014410566,0.04189012,0.18717898,1.1834457,0.026890662,-0.0016536936,0.71514535,0.31923494,-1.5498523,-0.2978777,0.13883463,-1.6415569
-0.33381635,-3.1492634,0.90854293,-0.023763766005533853,-0.013262571219174967,-0.7104557654306579,0.7032154669773898,0.0029039346,-0.09962332,-0.38742337,0.96428615,-0.552673,-0.00080809,-0.015890617,0.034782544,0.09526768,1.3575962,-0.071813695,-0.007514715,0.5786756,0.28264126,-1.4981271,-0.19259463,0.12078976,-1.6100984
-0.3364151,-3.2074895,0.9028955,-0.026136663942131606,-0.010742987488006372,-0.7171494752567694,0.6963462451659727,0.013009824,-0.08940761,-0.31065598,0.9915042,-0.63035166,0.0,-0.021323036,0.03429982,-0.02346254,1.5053142,-0.18804514,-0.0065708235,0.40457687,0.19692443,-1.4760834,-0.076682076,0.060258288,-1.5902393
-0.3395435,-3.2601397,0.8997901,-0.026495120467890113,-0.0073229715997475036,-0.7239550859016788,0.6892992211481414,0.019370966,-0.07976301,-0.22624345,0.97580177,-0.66994584,0.0,-0.025670305,0.040106315,-0.16654116,1.6003565,-0.3053641,-0.003728263,0.21189712,0.08028378,-1.4790506,0.043845538,-0.023311418,-1.5919842
-0.3431655,-3.310363,0.90206957,-0.02428450987337892,-0.00036481134572856247,-0.7334849116459706,0.679271678991988,0.024802193,-0.07123391,-0.14017057,0.92217356,-0.65848833,0.0,-0.02560985,0.051093612,-0.32170093,1.6307304,-0.41244075,-0.0030513257,0.020821879,-0.008787315,-1.4891524,0.17062561,-0.12065123,-1.6175729
-0.3461434,-3.3620512,0.90943867,-0.02054553204370943,0.006683334504784956,-0.7387325299111259,0.6736523312540718,0.02763278,-0.0638884,-0.0555331,0.841482,-0.59389824,0.0,-0.018236123,0.066771865,-0.4624319,1.5908724,-0.49045324,-0.0037759095,-0.15545636,-0.05438266,-1.5017732,0.32196468,-0.22817986,-1.6575196
-0.3495321,-3.4155242,0.91966224,-0.01723780740852783,0.010798692058323105,-0.7356567890146054,0.677048990119841,0.02262102,-0.056436826,0.026001845,0.7546786,-0.48045522,0.0,-0.0062873876,0.076374926,-0.566252,1.4803638,-0.5275926,-0.0052782297,-0.31154963,-0.064895116,-1.5255692,0.490862,-0.31295303,-1.696408
-0.35633245,-3.475272,0.9293302,-0.014638774091211676,0.014284510460795,-0.740925617147485,0.6712755685324922,0.016301725,-0.052815888,0.102841616,0.69351375,-0.33433506,0.0,-0.009714766,0.08222015,-0.6231122,1.3150071,-0.5330393,-0.0014900267,-0.4415328,-0.059367266,-1.5662181,0.63917017,-0.36431277,-1.7303965
-0.36476943,-3.5404816,0.9346266,-0.012306918471866183,0.015130906157013515,-0.7450213574414786,0.6667554067217236,0.013572924,-0.054121293,0.16676177,0.6697524,-0.18621488,0.0,-0.0057466114,0.0903977,-0.6376045,1.1298807,-0.5282605,0.015679192,-0.5416255,-0.050898924,-1.6177464,0.7531852,-0.41788456,-1.7632532
-0.37433207,-3.605744,0.93533844,-0.012217482486415845,0.013702481136666776,-0.7473473347709665,0.6641798975752927,0.010499414,-0.055581957,0.21230853,0.68720835,-0.06048156,0.0,0.008500205,0.09554951,-0.6264122,0.9631712,-0.5294492,0.041885056,-0.6085687,-0.043898046,-1.6678597,0.8459808,-0.4854446,-1.8007418
-0.38226154,-3.669555,0.9321179,-0.013468837934096015,0.011073908296277354,-0.7481512454825346,0.6632990824979955,0.0061205104,-0.053988043,0.23853125,0.7454772,0.029922256,0.0,0.01609057,0.09670514,-0.60185605,0.8412684,-0.520421,0.058559045,-0.6392605,-0.03986482,-1.7052143,0.9049007,-0.53314924,-1.8299011
-0.38950878,-3.7313418,0.92579395,-0.015238134774049481,0.007409423569266969,-0.7463165817507396,0.6653754274805095,0.0013181716,-0.04794266,0.2452073,0.8422461,0.07468136,0.0,0.010039302,0.09619504,-0.56737703,0.7778533,-0.48002908,0.05546524,-0.6321484,-0.03918823,-1.7224591,0.9104425,-0.5534806,-1.8362011
-0.39624274,-3.7907887,0.92123646,-0.017055589939320784,0.003014354566777307,-0.7419138487815996,0.6702714834337213,-0.0038473792,-0.03639131,0.22700223,0.9730903,0.06503268,0.0,-0.0040573636,0.09345372,-0.52183837,0.77481264,-0.42316425,0.037286304,-0.58627665,-0.040843707,-1.7164322,0.856942,-0.5430686,-1.8165506
-0.40309325,-3.8489003,0.92066586,-0.018272030954497344,-0.002245659804523727,-0.7341133266766565,0.6787773666619805,-0.0066283233,-0.02268111,0.17781138,1.132157,0.008525172,0.0,-0.013123044,0.08708806,-0.46500152,0.8156088,-0.4113828,0.022092197,-0.5016028,-0.04382463,-1.6880987,0.7479814,-0.49656335,-1.7815514
-0.41200835,-3.9084723,0.9223091,-0.018765954903502354,-0.007970209603239823,-0.7305118323286364,0.682595617861189,-0.002621051,-0.013260771,0.09703481,1.3065451,-0.06523833,0.0,-0.016138542,0.08064331,-0.39319763,0.86228967,-0.4546962,0.014223188,-0.38288507,-0.04832729,-1.6436007,0.5897377,-0.42374265,-1.7550058
-0.42142397,-3.9677699,0.9250829,-0.018893368275385868,-0.012998112728453559,-0.7303268001319961,0.6827128640282593,0.004441548,-0.010219261,-0.010679401,1.4664198,-0.13954301,0.0,-0.017877787,0.07567558,-0.3036425,0.8825783,-0.5164473,0.010128681,-0.24223845,-0.052414574,-1.5957667,0.3832791,-0.31611606,-1.7289884
-0.4278386,-4.0222597,0.92391104,-0.01870020863394176,-0.015496586962719395,-0.7263710767169578,0.6868735086597834,0.01129416,-0.012347028,-0.14138004,1.5775133,-0.22029142,0.0,-0.016530942,0.0714561,-0.20618679,0.8688262,-0.5630028,0.00658381,-0.09605437,-0.052390695,-1.562079,0.16287579,-0.16365892,-1.6875274
-0.430835,-4.073464,0.92165995,-0.016433018193147804,-0.01584734158696378,-0.721563181605053,0.69197210393894,0.018582769,-0.018915994,-0.28713858,1.6226801,-0.305069,0.0,-0.011181434,0.0704343,-0.10762366,0.8231332,-0.57503724,0.0014303103,0.04608747,-0.0399358,-1.5555474,-0.031686503,-0.006655543,-1.6406906
-0.43179652,-4.1250467,0.92082524,-0.012878508604838646,-0.015269810341889506,-0.7111395282390626,0.7027670654521035,0.01260341,-0.035704143,-0.42874688,1.5954288,-0.37584162,-0.00023829937,-0.011632285,0.07211025,-0.0080119725,0.7492813,-0.54011613,-0.003625773,0.1882367,-0.00445639,-1.5743167,-0.19288781,0.094080865,-1.6086493
-0.43254754,-4.179789,0.9257653,-0.008958971386921777,-0.013932742077783939,-0.7045938627025217,0.7094174399969473,-0.006102875,-0.060665,-0.53830063,1.4921048,-0.41788906,-0.0052057207,-0.014657983,0.07404611,0.08814185,0.65794104,-0.4539661,-0.0046237633,0.34352377,0.06315305,-1.6030844,-0.32480168,0.13237688,-1.5987598
-0.43338138,-4.241809,0.9358198,-0.004250950060334419,-0.01341585386352576,-0.7013102340526508,0.712717265050955,-0.0309511,-0.08098776,-0.6017322,1.3174093,-0.4364053,-0.03684306,-0.016186204,0.075197384,0.1742838,0.5845464,-0.3282101,-0.0021194816,0.51039815,0.16578344,-1.6399126,-0.42544222,0.13960221,-1.6088909
-0.43198004,-4.3064756,0.938646,-0.0007450136922070135,-0.01105179599443136,-0.6954115361963178,0.7185263377809984,-0.04782169,-0.0923438,-0.6242065,1.1055005,-0.44834504,-0.11126897,-0.02479478,0.07483226,0.24229148,0.5563856,-0.19362666,-0.0011495426,0.6656043,0.25001052,-1.6881117,-0.4946521,0.14,-1.6344355
-0.430514,-4.372081,0.93761396,-0.0007560192961940053,-0.008440051586608741,-0.6931166552323058,0.7207756212606113,-0.05396296,-0.09530636,-0.62093145,0.9166737,-0.45891255,-0.17996252,-0.030925583,0.07254295,0.28574532,0.57826096,-0.076921016,9.3221664e-05,0.7957934,0.27766532,-1.7312566,-0.5341382,0.14,-1.6672616
-0.42953762,-4.4369745,0.93605685,-0.003180497699933985,-0.006385820149228798,-0.6965816892131743,0.7174420227365574,-0.0513745,-0.09315328,-0.6032654,0.78319836,-0.45943984,-0.20620331,-0.029570308,0.06627739,0.30693904,0.646597,0.0056796987,0.0013776198,0.88533735,0.26640752,-1.7530749,-0.5448245,0.14,-1.6992517
-0.42905998,-4.498785,0.9328862,-0.0067113168709571095,-0.006074474323732192,-0.7014261389154282,0.7126846642335882,-0.04226009,-0.08985325,-0.5738845,0.7137928,-0.43373773,-0.18426658,-0.025284003,0.05634541,0.30747133,0.76009953,0.041634228,0.0022411197,0.9191057,0.26293948,-1.7442845,-0.5264076,0.14,-1.7244754
-0.42921448,-4.5588293,0.9292662,-0.010308412370998991,-0.006914671234364549,-0.707244641432052,0.7068599161939785,-0.030094251,-0.08731391,-0.53198767,0.7082204,-0.3900202,-0.12436947,-0.021868154,0.042628333,0.28373763,0.92072505,0.022238534,0.0023117363,0.8945738,0.28143942,-1.7049656,-0.47762257,0.14,-1.7383302
-0.42861184,-4.6195583,0.9282489,-0.014054460458883497,-0.007937503958347823,-0.7157315544273839,0.6981889501911941,-0.017077826,-0.08405663,-0.4781199,0.7543918,-0.37961504,-0.05287303,-0.015971355,0.024955004,0.22816879,1.1280797,-0.049439643,-0.0014965013,0.80934983,0.30544692,-1.6423501,-0.39753866,0.13932237,-1.7376162
-0.42724073,-4.679799,0.93023944,-0.020334585801908858,-0.01002984128530067,-0.7217907010749781,0.6917399010796963,-0.005786281,-0.08061964,-0.41304716,0.81856954,-0.42730176,-0.010746896,-0.01366035,0.019090027,0.13607374,1.3665122,-0.15670003,-0.0056304336,0.66330224,0.29999256,-1.5675551,-0.2894062,0.12804174,-1.7251686
-0.42679608,-4.739442,0.9290862,-0.024103114483484622,-0.0091809427423678,-0.7270239485249489,0.6861274870122533,0.00458917,-0.07488711,-0.3406482,0.8620935,-0.5082403,-0.00060865283,-0.019931082,0.023767876,0.012692954,1.5940981,-0.28104794,-0.0008898601,0.4665926,0.23587072,-1.5054029,-0.16419698,0.08082653,-1.7129637
-0.42781365,-4.792654,0.92521113,-0.024587216537997662,-0.008183887527433363,-0.7307884858702771,0.682111927536295,0.008774467,-0.06826443,-0.2642491,0.8722318,-0.57444996,0.0,-0.0237272,0.03345503,-0.13650735,1.7714897,-0.40097815,0.0058353506,0.24195084,0.12156468,-1.4721553,-0.035834074,-0.0062341904,-1.7151446
-0.43021688,-4.842584,0.92325544,-0.02448769989479979,-0.0036353600240862298,-0.7372926436595144,0.6751197629435252,0.010519784,-0.06164697,-0.18509172,0.8485712,-0.5993668,0.0,-0.019394834,0.045518856,-0.3036541,1.8825831,-0.50777674,0.008200977,0.02728503,0.016444707,-1.4552668,0.09086049,-0.11524242,-1.7401643
-0.43242687,-4.893012,0.9248317,-0.023465978435463684,0.002164044079718799,-0.7426825583348462,0.6692288713993855,0.011062827,-0.056666818,-0.10368344,0.7969264,-0.57459486,0.0,-0.011221833,0.061284862,-0.46987808,1.9218485,-0.592848,0.008706946,-0.16198218,-0.04895361,-1.4451092,0.22980088,-0.24047402,-1.7828445
-0.4343181,-4.944304,0.9308996,-0.0215131311115677,0.00686681747627421,-0.7421048402535625,0.6699033050222685,0.006053731,-0.052848876,-0.021310754,0.7286891,-0.4984428,0.0,-0.004301562,0.077546075,-0.61269736,1.8857086,-0.6497209,0.009846285,-0.32288173,-0.07428694,-1.4493687,0.38332194,-0.3401471,-1.8243045
-0.44004697,-4.999003,0.9411499,-0.019614701640036113,0.009781021466061374,-0.7415842134990459,0.6705016401081016,0.0024299473,-0.050424896,0.05857376,0.6632907,-0.37777153,0.0,0.00793603,0.08716641,-0.71262896,1.7724774,-0.67729545,0.008952763,-0.45252952,-0.07653237,-1.4769685,0.52696717,-0.39317113,-1.8523531
-0.45043308,-5.0599017,0.949893,-0.019411510551268253,0.011392018050109741,-0.7496804444998414,0.6614171500024657,0.0033427961,-0.052526265,0.12853469,0.63018966,-0.23655385,0.0,0.010002199,0.09462887,-0.7563106,1.5879151,-0.6734902,0.010101631,-0.54853535,-0.06764228,-1.5289736,0.6303341,-0.4246128,-1.873397
-0.46119165,-5.1237125,0.9496031,-0.01701798987869019,0.012025229831761233,-0.7575257467812802,0.6524726238176174,0.0066464506,-0.0584826,0.176655,0.6445384,-0.10913828,0.0,0.010636949,0.10040185,-0.74535197,1.3602254,-0.65050584,0.020217348,-0.61125493,-0.05456244,-1.5983343,0.6992549,-0.47568262,-1.900377
-0.4729142,-5.1874127,0.9418159,-0.01638901271867312,0.009592963945849914,-0.7629680818113441,0.6461571646603936,0.007588934,-0.060423482,0.20052777,0.7085702,-0.009492033,0.0,0.016526379,0.10012691,-0.69948417,1.1403886,-0.6324972,0.04163041,-0.640809,-0.042791747,-1.671962,0.7516629,-0.53888357,-1.9378479
-0.4828521,-5.249187,0.9323345,-0.01702441009811381,0.006638344200169262,-0.7617266231583151,0.6476408367443498,0.008005187,-0.05722272,0.20278901,0.8172332,0.06016553,0.0,0.016567416,0.09554739,-0.63674664,0.97195077,-0.6028353,0.057527456,-0.6363282,-0.03407345,-1.7354476,0.77620554,-0.57641107,-1.9663794
-0.49116772,-5.3089724,0.9222693,-0.019230032620684075,0.0020408393033788993,-0.7556944990954308,0.6546387285039369,0.006722428,-0.046564035,0.1818883,0.96278757,0.0864375,0.0,0.00400244,0.08992782,-0.56429857,0.87172073,-0.5408378,0.053143647,-0.59789556,-0.02796683,-1.778193,0.7548816,-0.5801583,-1.9711
-0.4982703,-5.3670244,0.91796255,-0.021306608271012648,-0.0039301224781448174,-0.7452902966463201,0.6663879923183886,0.0040365793,-0.02925987,0.13287303,1.1386335,0.060083836,0.0,-0.015498095,0.08124888,-0.48471844,0.83712435,-0.47616774,0.03182249,-0.5247003,-0.024048192,-1.794843,0.6857577,-0.54689074,-1.9465476
-0.5043614,-5.423607,0.921481,-0.024236794829579612,-0.010197994081055595,-0.7357640158406967,0.676727339249038,0.0072791576,-0.013824968,0.052764423,1.3314434,-0.006779107,0.0,-0.02414719,0.07057525,-0.39937368,0.8471183,-0.46319246,0.011537045,-0.4166401,-0.023629913,-1.7858399,0.57546365,-0.48215196,-1.8994216
-0.51243085,-5.482554,0.9272508,-0.024209262426445274,-0.015669230199994503,-0.7308545485401775,0.6819237609262785,0.017186943,-0.0075632506,-0.055488024,1.5099338,-0.08914186,0.0,-0.020382214,0.06523423,-0.30857113,0.8589085,-0.501567,0.0010454655,-0.2811799,-0.026581809,-1.75901,0.411941,-0.40432894,-1.8561977
-0.519176,-5.5379796,0.9277293,-0.022919014624657036,-0.01811844571873333,-0.7273097266165077,0.685687248140428,0.022779476,-0.01003409,-0.18713352,1.6398523,-0.17990524,0.0,-0.01646392,0.06384719,-0.21313213,0.8472722,-0.54756004,-0.0028854162,-0.13497835,-0.028981097,-1.72883,0.210818,-0.27927473,-1.8090748
-0.522988,-5.58939,0.92553955,-0.02100283108953607,-0.01893473354610375,-0.7220787499611349,0.6912326929524726,0.0259353,-0.018865058,-0.33237365,1.704361,-0.28087583,0.0,-0.011994685,0.06423027,-0.114972994,0.8066718,-0.5622377,-0.004688993,0.0056280415,-0.026247831,-1.711884,0.017931603,-0.11410066,-1.7545097
-0.5260809,-5.6400876,0.9250063,-0.01831438191006417,-0.019282483368199155,-0.7116228401537269,0.7020581903389139,0.01715665,-0.037514877,-0.47274408,1.6969628,-0.37474933,0.0,-0.012077327,0.06461146,-0.014545922,0.7373982,-0.52821475,-0.0062565506,0.13668224,-0.010745618,-1.7170892,-0.14515331,0.02604762,-1.706493
-0.5289051,-5.693234,0.9325825,-0.015455638567903024,-0.019301016374834418,-0.7037204741160913,0.7100465395403182,-0.003535185,-0.06184889,-0.58427,1.6139292,-0.43307564,-0.0009390712,-0.013421337,0.06577808,0.08415909,0.64794606,-0.4407405,-0.0067862347,0.26885343,0.028002014,-1.737585,-0.2815626,0.10968294,-1.6756902
-0.5301011,-5.7538495,0.9467685,-0.012288075325100805,-0.020277202760628884,-0.6976346894303774,0.7160612252848144,-0.02923049,-0.08370259,-0.64979184,1.4557213,-0.44981784,-0.015811652,-0.014212052,0.067883775,0.17341577,0.5709617,-0.31028184,-0.0053673238,0.4100525,0.099881895,-1.7607774,-0.38945338,0.13641839,-1.6663078
-0.528393,-5.8196516,0.95424056,-0.008735200713802752,-0.018689226683692793,-0.6948477943132644,0.7188608709704866,-0.047849603,-0.09509735,-0.6680608,1.2435912,-0.45115945,-0.06890531,-0.01950311,0.06632787,0.2430469,0.53602403,-0.16786215,-0.0053726807,0.5486145,0.20255584,-1.7927068,-0.467637,0.13985538,-1.6777173
-0.52627176,-5.8861446,0.95434606,-0.00845868968486189,-0.01658795101910265,-0.6900077503885028,0.7235624332796725,-0.057690926,-0.100398876,-0.6534038,1.032816,-0.46679664,-0.13981873,-0.024899323,0.06593527,0.2887811,0.5512649,-0.036771283,-0.006142296,0.66928643,0.28394955,-1.8332475,-0.5166079,0.14,-1.7036533
-0.52553964,-5.9510627,0.9513569,-0.01063379520186638,-0.015265562433219328,-0.6867602264873213,0.7266459084852025,-0.056043044,-0.10171893,-0.62245405,0.86901903,-0.4811025,-0.18460447,-0.026212718,0.067090146,0.31291908,0.61265075,0.07693498,-0.0033815429,0.7659838,0.31454462,-1.8594309,-0.53672004,0.14,-1.7353398
-0.5241074,-6.013621,0.94560385,-0.015036186715967665,-0.015399863056489545,-0.6885388715979378,0.7248799759998358,-0.048107598,-0.09873619,-0.58327895,0.76863784,-0.4715812,-0.1886962,-0.022814043,0.06301534,0.31585488,0.71466804,0.16852188,-0.0006986931,0.8272018,0.31167543,-1.8619568,-0.52816373,0.14,-1.7653254
-0.52242607,-6.0734544,0.9367423,-0.019336592463610143,-0.01700370142589003,-0.6925125853873239,0.7209461071466299,-0.03888641,-0.094706036,-0.53819585,0.7354032,-0.42931113,-0.1529247,-0.017256565,0.05377876,0.29676798,0.8551952,0.23365134,0.0016622394,0.8375775,0.310915,-1.8377602,-0.49001658,0.13979512,-1.7880406
-0.52087706,-6.1319094,0.9277984,-0.02438359000799793,-0.020035409661734296,-0.6990863712511928,0.7143404429463921,-0.028811142,-0.09397735,-0.48930484,0.7651538,-0.3935698,-0.08996442,-0.012202772,0.044899337,0.25073218,1.0279497,0.26598784,0.005202785,0.78745717,0.32672837,-1.7857457,-0.42040262,0.13574956,-1.7989618
-0.5194927,-6.1911197,0.9228644,-0.03092857644987402,-0.021542837410329165,-0.704677870504161,0.7085255310409196,-0.019072356,-0.09413321,-0.4353466,0.83607435,-0.4148758,-0.030192956,-0.0072540706,0.0397602,0.17158017,1.2163955,0.25542793,0.0058354996,0.67665917,0.33878472,-1.707229,-0.31925225,0.11141396,-1.795826
-0.51913196,-6.2498865,0.918031,-0.03416781403452141,-0.02243195164871902,-0.707392417957728,0.7056382465862029,-0.008811964,-0.08880873,-0.37218064,0.9001776,-0.49025723,-0.0046114326,-0.0069459947,0.040179506,0.060704622,1.3963064,0.19241583,0.00432501,0.5153603,0.3103615,-1.6264995,-0.19235323,0.048620746,-1.7815151
-0.5206442,-6.3059,0.914152,-0.03663805786628238,-0.020244663720996293,-0.7075538553385916,0.7054185623458644,-0.0013980903,-0.0792165,-0.300218,0.9328959,-0.57378405,-0.00022441149,-0.008837939,0.04201813,-0.07569212,1.5407343,0.07797596,0.0020892248,0.32134423,0.22170699,-1.5756965,-0.052496977,-0.041152652,-1.7642558
-0.52305937,-6.357371,0.91064525,-0.03737050473246209,-0.01667679228590653,-0.7110697592930036,0.7019295743834161,0.005110584,-0.068863906,-0.2247685,0.93186474,-0.63093585,0.0,-0.0118550835,0.045197442,-0.22943479,1.6282694,-0.07080297,0.0012300536,0.121389896,0.098603174,-1.5524337,0.08972261,-0.14881597,-1.7541125
-0.5263451,-6.406873,0.9083922,-0.03635375820226028,-0.010562115952721393,-0.7191867634553268,0.6937847254313292,0.010543864,-0.058810923,-0.14602023,0.8996122,-0.6460043,0.0,-0.010357442,0.050640937,-0.38488448,1.6493543,-0.22094941,-0.0010867119,-0.06586716,0.0064748414,-1.5420214,0.24001995,-0.26110503,-1.7534306
-0.52949786,-6.4573402,0.9120355,-0.034508264874735545,-0.0050056019350413075,-0.7227253644363582,0.6902551493505399,0.01156896,-0.04971301,-0.06420374,0.84286124,-0.61323833,0.0,0.0004571611,0.057739384,-0.5163845,1.5996538,-0.33456638,-0.0036652982,-0.2329118,-0.043109536,-1.5413988,0.40429074,-0.34573966,-1.7522448
-0.5334522,-6.5097103,0.9224341,-0.033477121103139225,-0.0017704235365667838,-0.7232887517422784,0.6897314909196505,0.013047565,-0.04255503,0.019710483,0.7768884,-0.53325796,0.0,0.01153352,0.05849669,-0.60895836,1.4801385,-0.39541894,-0.0048439205,-0.37788016,-0.05609064,-1.5575262,0.56582195,-0.39009127,-1.7421664
-0.540155,-6.56717,0.9345737,-0.03203205051106198,0.0002882455966413633,-0.7349931869569865,0.6773174143496865,0.01591479,-0.039270412,0.10260729,0.72584367,-0.4180489,0.0,0.007849169,0.06342134,-0.6567723,1.3085821,-0.4145588,0.0059099793,-0.49981707,-0.05200649,-1.5957043,0.69446987,-0.41525093,-1.7315066
-0.5484463,-6.628549,0.9428578,-0.02896106469785341,0.0007544238370542856,-0.7396506459848278,0.6723671686440883,0.01574516,-0.036509257,0.17315274,0.7041287,-0.29473734,0.0,0.021706594,0.071367785,-0.6654159,1.1179613,-0.42039075,0.03684753,-0.5985924,-0.044546098,-1.6519651,0.8069806,-0.4583125,-1.7333965
-0.5572829,-6.692211,0.9453068,-0.03026644111339982,-0.0007132675892590091,-0.7438367120234918,0.6676753549725766,0.014092296,-0.03603385,0.22815454,0.7191557,-0.18083598,0.0,0.039909832,0.07680042,-0.6537525,0.9388102,-0.43470836,0.06924266,-0.6706565,-0.045795776,-1.7162172,0.9078312,-0.501095,-1.757922
-0.5647089,-6.7568746,0.94022447,-0.029931567144790824,-0.0037294948161403015,-0.749899712947619,0.660863535593962,0.016769435,-0.04281441,0.26715922,0.7717207,-0.087428175,0.0,0.044864614,0.083909884,-0.6340976,0.8024522,-0.43603596,0.08282169,-0.71445847,-0.0708575,-1.7771451,0.97128147,-0.5245399,-1.7871352
-0.57312125,-6.8187475,0.92976964,-0.03217967350865696,-0.00620143191099191,-0.751837900613941,0.658533053123039,0.018775709,-0.0467596,0.28891012,0.8603793,-0.027746048,0.0,0.039960686,0.0902282,-0.6088752,0.7271764,-0.39819556,0.08181597,-0.73797363,-0.097700216,-1.8256484,0.98764145,-0.5350811,-1.804979
-0.5819641,-6.876606,0.91936916,-0.035886815597893015,-0.010593480305183341,-0.7480611970008713,0.6625740412836065,0.015547838,-0.039767034,0.2883498,0.98326534,-0.012615887,0.0,0.030555982,0.092316225,-0.5746561,0.716676,-0.32835177,0.071889244,-0.73979115,-0.10333993,-1.8561451,0.9554499,-0.5368144,-1.8084753
-0.5898115,-6.93176,0.9143253,-0.03850891535530575,-0.015296422273207908,-0.7414569650382292,0.6697198308995305,0.012170557,-0.027103243,0.2595362,1.1375958,-0.035645448,0.0,0.01716591,0.091883406,-0.5306666,0.7601507,-0.28081632,0.053834204,-0.7069885,-0.08865528,-1.8654178,0.87598056,-0.5218349,-1.7990788
-0.5965143,-6.9852977,0.9152188,-0.040669784771090525,-0.020699746486789152,-0.7351233149385533,0.6763957428427594,0.010807492,-0.014487863,0.19769426,1.314023,-0.07747904,0.0,0.002656945,0.088189974,-0.4737523,0.82598007,-0.29478613,0.038096346,-0.6311859,-0.063310586,-1.8520993,0.7593489,-0.48940828,-1.7888476
-0.60215575,-7.0385704,0.9214062,-0.042185911288257244,-0.026032407458432015,-0.730168096829742,0.6814669566624121,0.0082119405,-0.004118513,0.10285993,1.4878194,-0.12708993,0.0,-0.010909143,0.0822691,-0.4011531,0.8714795,-0.35845187,0.0267612,-0.5140964,-0.03826001,-1.8188742,0.6127542,-0.45791987,-1.8016285
-0.6077617,-7.0871415,0.92565227,-0.04208454942106403,-0.030861310436531227,-0.7245707451543434,0.6872217294910326,0.002975721,0.00180622,-0.019401034,1.625043,-0.1823681,0.0,-0.021091465,0.07573217,-0.320245,0.88678706,-0.42283672,0.01815563,-0.3714653,-0.028357742,-1.7744853,0.43843463,-0.40108788,-1.8208421
-0.6115168,-7.129539,0.9272116,-0.04248033263214736,-0.03538116122019342,-0.7169361433566923,0.6949432790660006,-0.0028168745,0.003189179,-0.16231324,1.7048233,-0.24600035,0.0,-0.025178533,0.06862983,-0.2397467,0.8766227,-0.46577758,0.010353696,-0.22462884,-0.02877985,-1.7327955,0.25857884,-0.30484083,-1.8222516
-0.61189806,-7.1678514,0.9295479,-0.043123536176979324,-0.03893123031423234,-0.7116853594618303,0.7000919004398625,0.0025255643,-0.0006325026,-0.31065276,1.718557,-0.31224608,0.0,-0.018284418,0.06402669,-0.1612546,0.8455856,-0.48520446,0.0041437,-0.08478423,-0.02784567,-1.7059377,0.09545675,-0.1691936,-1.8047658
-0.6112017,-7.2057977,0.9347079,-0.04227547222099757,-0.04118921595281928,-0.7105250580337968,0.7011921097985583,0.010545224,-0.010615243,-0.44368747,1.661189,-0.36469182,0.0,-0.0062938863,0.064685225,-0.0821302,0.7978664,-0.48180184,-0.0014958829,0.04880123,-0.009628408,-1.695097,-0.039502773,-0.029062564,-1.7835989
-0.6104406,-7.245376,0.9401115,-0.04093740646991359,-0.04186985806749795,-0.7056959015058983,0.7060908853219267,-0.0040935837,-0.028160391,-0.54349184,1.5290133,-0.38931555,-0.0008586347,-0.0024365168,0.06602622,-0.0019568475,0.7353315,-0.45476624,-0.004616499,0.18291265,0.049024735,-1.6871805,-0.14934924,0.06923447,-1.7748896
-0.61066574,-7.2875476,0.9443353,-0.039522981536935016,-0.040667165109716526,-0.705041052049637,0.7068954877045909,-0.022937039,-0.042064693,-0.60177934,1.3263729,-0.381785,-0.014848113,-0.007813287,0.064419255,0.07475959,0.66869396,-0.41377017,-0.0049063936,0.3151785,0.16369651,-1.6769282,-0.24154216,0.111844994,-1.7862536
-0.60983753,-7.333046,0.9431185,-0.037497300983686734,-0.03867997478354387,-0.70331434429075,0.7088347798214727,-0.035801947,-0.05134135,-0.6235918,1.0862026,-0.36029732,-0.06891422,-0.016560197,0.06351709,0.14743476,0.62821716,-0.38423067,-0.005278468,0.4384158,0.30398867,-1.681066,-0.31863984,0.09422623,-1.8186982
-0.6090372,-7.3806763,0.93696123,-0.0394982963168894,-0.0365050692274254,-0.7051249554689898,0.7070403536458293,-0.053437077,-0.058054667,-0.6226507,0.86791325,-0.35511303,-0.14529625,-0.023269922,0.058816146,0.21388504,0.6187775,-0.3745671,-0.004289672,0.5654302,0.4000649,-1.7029574,-0.3827771,0.022416191,-1.8675041
-0.6073569,-7.426778,0.9296581,-0.041583488846891226,-0.0361377528538405,-0.7095167787517203,0.7025317195285758,-0.056968868,-0.06195515,-0.61208075,0.70932907,-0.3414152,-0.17777815,-0.028569933,0.051699277,0.27120304,0.6370439,-0.37704518,0.000731118,0.6831828,0.4309007,-1.7237481,-0.43649036,-0.079950586,-1.9247208
-0.6046797,-7.4700027,0.920056,-0.044811132597669466,-0.03606165555503058,-0.7140890012706755,0.6976879084936141,-0.044980057,-0.0647834,-0.5967183,0.6196976,-0.28622133,-0.14274585,-0.029845979,0.04414361,0.31419268,0.68308485,-0.38382757,0.004642248,0.760848,0.4192243,-1.7212272,-0.48105,-0.17609546,-1.9809241
-0.6014838,-7.511156,0.90927976,-0.047398031948861774,-0.03629499283278738,-0.7178043236861569,0.6936808004839845,-0.02896833,-0.069579445,-0.5782077,0.59724516,-0.19177432,-0.067505464,-0.02704855,0.037207607,0.33807126,0.7557724,-0.3791083,0.007428754,0.7784403,0.4094943,-1.6790088,-0.5123665,-0.23643248,-2.0262773
-0.598579,-7.550204,0.9022626,-0.05072015484807674,-0.037021847686859906,-0.7200828339351791,0.6910409256751145,-0.020695534,-0.07729604,-0.5603641,0.6275322,-0.111072205,-0.014613986,-0.021833565,0.030288318,0.33628887,0.8542684,-0.34394592,0.009687182,0.73224014,0.42522755,-1.5871193,-0.5206439,-0.259786,-2.0532565
-0.59565973,-7.5843906,0.9035921,-0.05520609726209009,-0.03911412100228662,-0.7196661438864743,0.6910159286925878,-0.016675182,-0.085112445,-0.54251623,0.68238217,-0.088559344,-0.0008472502,-0.019724887,0.025771532,0.30368888,0.98031396,-0.27000076,0.011904169,0.628305,0.46642467,-1.4482099,-0.49988216,-0.26879853,-2.0595703
-0.5928641,-7.615892,0.910723,-0.059732921758468706,-0.04103460059676483,-0.7195281754665335,0.6906716617336071,-0.0140317585,-0.08651926,-0.51332086,0.73901886,-0.12059823,0.0,-0.017768208,0.02199687,0.23944117,1.1280838,-0.18124859,0.015197139,0.49134392,0.5150341,-1.2793702,-0.45640898,-0.27253175,-2.0491376
-0.59156954,-7.645186,0.91708195,-0.06496986258316867,-0.042981829388603426,-0.723691978992292,0.6857123295089226,-0.009391256,-0.079404846,-0.471958,0.77518225,-0.16941217,0.0,-0.012163018,0.019327115,0.15128015,1.2809871,-0.13458242,0.017800469,0.36024562,0.54454017,-1.1088002,-0.40452355,-0.269831,-2.0277815
-0.591796,-7.670155,0.9230012,-0.06915583516183194,-0.04264307065616297,-0.733080075855196,0.6752722720297519,-0.0019849986,-0.066400126,-0.42480755,0.78141207,-0.20515995,0.0,-0.0042391596,0.01869544,0.048639532,1.417983,-0.15268078,0.013717335,0.25519475,0.54068327,-0.96306926,-0.3556878,-0.2571296,-1.9977812
-0.593595,-7.6894264,0.9304897,-0.07100679846835048,-0.041322160089467014,-0.7436222337904883,0.6635333353112411,0.0046904944,-0.05389245,-0.37842718,0.7602996,-0.22206932,0.0,0.0048383856,0.020263739,-0.05952993,1.5249583,-0.2187229,0.008788601,0.16697682,0.52042305,-0.8502584,-0.31361353,-0.22149687,-1.9568338
-0.5951541,-7.7044587,0.9395294,-0.07088153246054298,-0.03875501387424275,-0.7512894313539406,0.6550099599178053,0.0098381415,-0.044991117,-0.33641347,0.71997195,-0.22644885,0.0,0.012575144,0.022839898,-0.16406058,1.5945572,-0.2974461,0.003376726,0.07765945,0.50463474,-0.7561059,-0.27806777,-0.15424244,-1.9030282
-0.59581065,-7.7171307,0.94830054,-0.07028369407239093,-0.03499854851046416,-0.7556143824089642,0.6502939404964642,0.013463538,-0.038422793,-0.2999888,0.6717851,-0.22541013,0.0,0.015184082,0.024469694,-0.2554415,1.624155,-0.36820439,-0.0026877075,-0.01673208,0.49222293,-0.6706821,-0.24737331,-0.08096413,-1.8377098
-0.59704256,-7.7280746,0.9547239,-0.06955733115152918,-0.03288548872144263,-0.7553362157262162,0.6508052884903651,0.013632089,-0.034149483,-0.26950186,0.63131434,-0.22526863,0.0,0.013829975,0.022636786,-0.32457677,1.6159537,-0.42398128,-0.0053394362,-0.11533889,0.48892835,-0.58692354,-0.21885909,-0.040622357,-1.7613486
-0.5986568,-7.7381473,0.9584123,-0.06991900833703572,-0.031292020848833944,-0.7533924421876642,0.6530941507614877,0.013207484,-0.030402524,-0.24601413,0.6096666,-0.23251043,0.0,0.012763944,0.015668603,-0.367705,1.5718995,-0.46153456,-0.004791811,-0.20473647,0.48685148,-0.5043924,-0.19045292,-0.04722165,-1.6690392
-0.6009291,-7.7481265,0.9601289,-0.0706225404906303,-0.03036863285598599,-0.7501191484716717,0.6568192034412831,0.013877381,-0.027278299,-0.23122282,0.6081935,-0.24918424,0.0,0.0125298565,0.0047431905,-0.38540432,1.4928952,-0.48196864,-0.0025997013,-0.27651557,0.47957343,-0.42931744,-0.16344453,-0.08862745,-1.5552421
-0.6047962,-7.7576203,0.9603511,-0.07134829696922684,-0.02928636823749514,-0.7467731707684175,0.6605918259981218,0.015964665,-0.02472025,-0.2246342,0.62188053,-0.27295542,0.0,0.0112920655,-0.007829018,-0.37952006,1.3820257,-0.4891913,-0.00171455,-0.32872036,0.46959898,-0.36507508,-0.14155138,-0.14078744,-1.4202261
-0.61030334,-7.766173,0.95920694,-0.07118406353983646,-0.029432475510110592,-0.7443998192200499,0.6632763131821159,0.018870208,-0.021535346,-0.22295013,0.64341724,-0.2995691,0.0,0.007294579,-0.020219583,-0.3541002,1.2441761,-0.48690522,-0.0035490617,-0.3608578,0.46102786,-0.3099861,-0.12499558,-0.18818277,-1.2683806
-0.6164995,-7.774181,0.9570592,-0.07034725023515744,-0.029140052478611605,-0.7407331250486263,0.6674702683877326,0.021350976,-0.018599296,-0.22230437,0.6656703,-0.32769996,0.0,0.00046775956,-0.030761935,-0.3155454,1.0859007,-0.47459066,-0.006117776,-0.3736336,0.45250332,-0.2629151,-0.11161246,-0.22295532,-1.1062737
-0.6229666,-7.7820506,0.95395446,-0.0690186443406088,-0.030071440609304508,-0.7374155566378899,0.6712305356742172,0.021683164,-0.016055921,-0.22066115,0.68609786,-0.35619563,0.0,-0.0072367536,-0.038928434,-0.26833424,0.9234868,-0.4495076,-0.0071972013,-0.3687446,0.4398149,-0.22634865,-0.10161369,-0.24238326,-0.9424717
-0.62959355,-7.7898746,0.9519868,-0.06804709745238231,-0.03174105763586297,-0.7326737343098885,0.6764253815764647,0.019814793,-0.011336489,-0.21602364,0.7011378,-0.38028446,0.0,-0.012935844,-0.04254484,-0.21705125,0.7815348,-0.41513395,-0.006190501,-0.34568617,0.42308733,-0.20221487,-0.09338803,-0.2539233,-0.7807287
-0.63641167,-7.797312,0.95410395,-0.06678742074751803,-0.03297042896594224,-0.7276215338121576,0.6819232323191072,0.016570538,-0.0051232628,-0.205777,0.7017531,-0.3919865,0.0,-0.012279949,-0.040455423,-0.16533992,0.6746873,-0.3804205,-0.005790338,-0.30302858,0.40367904,-0.19111203,-0.08226147,-0.2641775,-0.6178939
-0.64275306,-7.8050275,0.9588921,-0.0655383955086768,-0.03348048147775822,-0.7242438321195389,0.6856053148211229,0.012129638,0.001284562,-0.18574977,0.6803942,-0.39048055,0.0,-0.0065481523,-0.03451507,-0.11852132,0.59717333,-0.35028547,-0.0066457987,-0.24161234,0.38136992,-0.19204147,-0.06784545,-0.27385876,-0.46073332
-0.6487225,-7.813155,0.96412265,-0.06376941139903132,-0.033656112055226166,-0.7242316156372791,0.6857764177941403,0.007952981,0.007313652,-0.15679725,0.6379955,-0.37899083,0.0,-0.0020033373,-0.02807374,-0.07906939,0.53247595,-0.32574856,-0.007192448,-0.1657689,0.35656443,-0.20084517,-0.05350127,-0.28123423,-0.32546246
-0.654755,-7.8202906,0.969111,-0.061176298744077894,-0.03297766365292943,-0.7255545487898132,0.6846462815953798,0.0076515526,0.013167242,-0.12599443,0.58508354,-0.36153162,0.0,-0.0026185317,-0.023703698,-0.044691257,0.47052374,-0.30450532,-0.0069336295,-0.084926404,0.32983482,-0.212222,-0.036296733,-0.28667516,-0.22149016
-0.65989196,-7.8267555,0.9739225,-0.05827553663668289,-0.03152501733296862,-0.7264626262094,0.6840045232546377,0.009678461,0.017452069,-0.0992823,0.5338542,-0.3449882,0.0,-0.0063201124,-0.02122455,-0.013690188,0.411652,-0.285384,-0.005977951,-0.00806102,0.30309474,-0.22015789,-0.011000659,-0.29219103,-0.15007736
-0.6639389,-7.8330975,0.97796386,-0.0548580770431789,-0.029908096112178317,-0.7268667055242292,0.6839304712983791,0.010168005,0.019538073,-0.078836076,0.49175286,-0.33508286,0.0,-0.010162379,-0.019990973,0.013779423,0.35907853,-0.26980278,-0.004771471,0.06122294,0.27807793,-0.2200819,0.02229343,-0.29867205,-0.106341004
-0.66738224,-7.8393927,0.98049504,-0.05133397908104243,-0.028371600502524155,-0.7267862289196715,0.6843549169322561,0.008659024,0.020486005,-0.064304926,0.46211419,-0.3337673,0.0,-0.01289595,-0.019617118,0.036637284,0.3139152,-0.25917807,-0.003799446,0.123196155,0.2547058,-0.21145526,0.05723926,-0.30565828,-0.08084209
-0.67054343,-7.8455324,0.98159844,-0.04780493861389807,-0.02708701530032996,-0.7265870448886076,0.6848738917832112,0.006510392,0.021203687,-0.055012714,0.44491443,-0.33837745,0.0,-0.014226255,-0.01964698,0.054357897,0.27863866,-0.25315952,-0.0035399944,0.17602673,0.23286624,-0.1989645,0.08890091,-0.31202987,-0.06388883
-0.6734885,-7.851337,0.98234844,-0.044908058198899654,-0.025990254593204167,-0.7261475229802571,0.6855782580016826,0.0024784468,0.021581005,-0.0501141,0.43765584,-0.34248117,0.0,-0.014064918,-0.019299552,0.06669698,0.25656545,-0.24967878,-0.004158497,0.21665105,0.21463272,-0.18750879,0.11479871,-0.31633618,-0.051823597
-0.67590916,-7.8564987,0.98359317,-0.0427057895456143,-0.025279029360644262,-0.7249460301951924,0.6870156035477654,-0.0036379322,0.021916581,-0.04843496,0.43633783,-0.34330758,0.0,-0.013600762,-0.017599154,0.07401934,0.246873,-0.2473141,-0.0053557754,0.24334851,0.20283853,-0.18124111,0.13356204,-0.31822246,-0.04556021
-0.67731684,-7.8606668,0.98493904,-0.04077571999144124,-0.024565651308875502,-0.7239312399068376,0.688227745242735,-0.010119095,0.02266451,-0.04804217,0.43675107,-0.34164947,0.0,-0.013662123,-0.014617074,0.0784921,0.24366279,-0.24548908,-0.0067885444,0.2561693,0.19873141,-0.18235284,0.14509563,-0.32012957,-0.045213133
-0.6778697,-7.8643527,0.9853794,-0.039102104682973496,-0.024341078122136123,-0.7224902011901544,0.6898452337368317,-0.01495048,0.023540365,-0.047653086,0.43631577,-0.3406072,0.0,-0.014022353,-0.011352016,0.08154641,0.24094346,-0.24506053,-0.007952176,0.25717384,0.20167422,-0.18837553,0.1490895,-0.32422554,-0.04927341
-0.6787325,-7.8674364,0.9846442,-0.03824649452019952,-0.024102892529351216,-0.7212923974326233,0.6911537698909944,-0.017810298,0.023913074,-0.04633748,0.43448123,-0.3430089,0.0,-0.013293372,-0.009655381,0.08422383,0.23703444,-0.24690671,-0.008339331,0.24865545,0.20973973,-0.19573972,0.1456695,-0.33079487,-0.055045336
-0.67965394,-7.869358,0.9837191,-0.037859804241253736,-0.023694172851895064,-0.7203040578291204,0.6922191023589147,-0.019539373,0.023787316,-0.0437484,0.43169406,-0.34779105,0.0,-0.012081574,-0.009154733,0.08722418,0.23330289,-0.25104603,-0.008049756,0.23226766,0.22106415,-0.20273755,0.13555981,-0.3385411,-0.060352847
-0.6803972,-7.8701715,0.9831731,-0.037625043829540634,-0.02327830542954461,-0.7198719395124694,0.6926953639773471,-0.021166762,0.023456952,-0.04009282,0.4293244,-0.35051712,-3.84748e-05,-0.010964,-0.009290293,0.090456605,0.23130095,-0.25578174,-0.007732138,0.20884864,0.2340928,-0.20876007,0.12083153,-0.34539765,-0.06408788
-0.6810591,-7.870381,0.98293096,-0.037417984633973084,-0.02254940308955135,-0.7186263237193603,0.694022784715195,-0.022921734,0.023075622,-0.035972826,0.42808777,-0.34987515,-0.0006534457,-0.009881883,-0.009753153,0.0934312,0.23184723,-0.25891796,-0.0075177476,0.17929369,0.24711025,-0.21296722,0.1038064,-0.34991518,-0.06644523
-0.6817901,-7.8706517,0.9828133,-0.037649342764125,-0.022284658085225045,-0.7177379813069933,0.6949374872553762,-0.02455397,0.022712685,-0.033136465,0.42701554,-0.3481363,-0.002886206,-0.009157765,-0.010128783,0.09541241,0.23370351,-0.25997022,-0.0072486773,0.14502864,0.25880495,-0.21390226,0.086213425,-0.3518432,-0.06796258
-0.68191755,-7.8715563,0.98269534,-0.03811819896227644,-0.022294707466479255,-0.7168214380300404,0.6958570075147634,-0.024369398,0.022559274,-0.031817492,0.42576218,-0.34752032,-0.0055952966,-0.009580907,-0.009921754,0.09611564,0.23526812,-0.2598581,-0.007124439,0.10863529,0.26860338,-0.21112436,0.06955068,-0.3519204,-0.068359874
-0.68054754,-7.8731966,0.98234683,-0.038277170405999136,-0.023407647115121572,-0.7168616524550485,0.6957703008333004,-0.02253325,0.023297964,-0.031199485,0.42407903,-0.34967586,-0.0063993335,-0.012028343,-0.008827353,0.0959381,0.23608793,-0.25925386,-0.007286936,0.07381062,0.27644688,-0.20636848,0.05505599,-0.350421,-0.06697942
-0.67855126,-7.874236,0.98200035,-0.03835387245349113,-0.02394896582034474,-0.717517090797482,0.6950716883296824,-0.020479547,0.024814012,-0.03000831,0.42294598,-0.35243812,-0.0063492656,-0.014527691,-0.0084079355,0.09669766,0.23771441,-0.2584079,-0.0074446425,0.04412877,0.282329,-0.20135951,0.04266631,-0.34766638,-0.06436659
-0.67767876,-7.874111,0.98178476,-0.03800838546131898,-0.023495900665366512,-0.7183482475187603,0.6942471466079445,-0.018334268,0.024813188,-0.027548889,0.42335096,-0.3533099,-0.0065998435,-0.014862358,-0.009763299,0.09830868,0.240895,-0.2583118,-0.0077360496,0.02117134,0.2860486,-0.1963888,0.031420805,-0.34465492,-0.06208406
-0.678184,-7.8745313,0.9816451,-0.03920445413779673,-0.022812071170543537,-0.7182521240894175,0.6943028924221095,-0.016741872,0.023513732,-0.025506392,0.42297283,-0.35492587,-0.005233705,-0.01253577,-0.0127476975,0.097629026,0.24253534,-0.25952587,-0.007802382,0.00486531,0.28777918,-0.19222721,0.021390388,-0.34075502,-0.060301628
-0.6779341,-7.8750105,0.98157936,-0.04007831242323042,-0.022719845145085214,-0.7190806419321418,0.6933978424456975,-0.0151116885,0.022400165,-0.02423119,0.42206416,-0.35570094,-0.0023245513,-0.011136119,-0.014206631,0.09619367,0.24368732,-0.2612399,-0.007431358,-0.0051210406,0.28772715,-0.18948323,0.013020714,-0.33551246,-0.058134407
-0.67721826,-7.8750196,0.98165655,-0.040430729626085196,-0.02254565882288104,-0.7200913721910129,0.692333348226278,-0.012299387,0.02167258,-0.023116214,0.4215351,-0.35561857,-0.0004646182,-0.010937233,-0.014453456,0.09508594,0.24518022,-0.2626802,-0.006910734,-0.009303118,0.28631783,-0.18731394,0.0065464275,-0.32968083,-0.054792114
-0.67638904,-7.8747272,0.98175216,-0.040401849875846975,-0.02241430596156174,-0.7214443974024362,0.6909292806586697,-0.009502012,0.021460386,-0.022281101,0.4214377,-0.35649666,-2.5987625e-05,-0.011009454,-0.01473809,0.09420082,0.24681522,-0.26402593,-0.006468646,-0.00876753,0.28421023,-0.1843907,0.0018036223,-0.32413527,-0.050878648
-0.67551106,-7.8745313,0.98160046,-0.040373561557502116,-0.022141311829021924,-0.7223723031569684,0.689969559813583,-0.0072611608,0.021504074,-0.021902936,0.4221227,-0.35739464,0.0,-0.010805785,-0.015454536,0.09348027,0.24810173,-0.26553154,-0.0059323832,-0.004685517,0.28191525,-0.18025813,-0.0009134984,-0.31920645,-0.04720329
-0.67464876,-7.874815,0.98134196,-0.0401307328143283,-0.02223122190483256,-0.7235220586574813,0.6887750922416135,-0.0065045245,0.021296436,-0.022351172,0.4229379,-0.35832012,0.0,-0.010488325,-0.016021661,0.09262419,0.24820748,-0.26692495,-0.0050284714,0.0019308304,0.27967063,-0.1757458,-0.001738546,-0.3151092,-0.044423282
-0.67408574,-7.87494,0.9810558,-0.03955520908059121,-0.021664318959738995,-0.7242478731207173,0.6880632681655946,-0.00638004,0.021105828,-0.022525879,0.42440546,-0.3583994,0.0,-0.010084891,-0.016771466,0.0923902,0.24787417,-0.2672535,-0.0047730356,0.010102812,0.2773838,-0.1720719,-0.0011753327,-0.31234565,-0.04262972
-0.67380893,-7.8750496,0.9809701,-0.03925187565588888,-0.02141298588969103,-0.7250495218375097,0.68724374509775,-0.006180752,0.020737661,-0.022857998,0.4253142,-0.3587856,0.0,-0.009669208,-0.017507404,0.09220058,0.2470714,-0.26659444,-0.005299665,0.018831164,0.2747911,-0.17001188,0.00075557333,-0.31150466,-0.04087381
-0.6736943,-7.8752527,0.98122525,-0.039278674777701944,-0.02124820594259856,-0.7251182348101289,0.6871748285536741,-0.0059542432,0.019711832,-0.023461718,0.42535952,-0.35946438,0.0,-0.009886951,-0.017590493,0.09189416,0.24611302,-0.26509753,-0.0060639977,0.026726006,0.27220252,-0.169355,0.003749938,-0.3125487,-0.038451523
-0.67322224,-7.875459,0.98132706,-0.03860144109319647,-0.021050637124831222,-0.7261783707980871,0.6860989529267648,-0.007384658,0.019872101,-0.023508716,0.42517647,-0.35999078,0.0,-0.010925115,-0.016903762,0.09205659,0.24585132,-0.2626091,-0.006362155,0.03282653,0.27049905,-0.16873921,0.006328041,-0.31512722,-0.036141742
-0.6725924,-7.876026,0.98102176,-0.038441148203732164,-0.021192796038676437,-0.7269083729053764,0.6853301109107203,-0.009551879,0.020533513,-0.024056163,0.42428616,-0.3614014,0.0,-0.011386915,-0.016227983,0.091284245,0.2445027,-0.26140767,-0.0062370747,0.03688136,0.2699696,-0.16780934,0.0075004534,-0.31904358,-0.034614954
-0.67245144,-7.8766303,0.98096955,-0.03833696516622025,-0.021079629132244156,-0.7274006222027782,0.6848169544896666,-0.010450251,0.020728206,-0.024736902,0.42351645,-0.36189133,0.0,-0.010917074,-0.016248409,0.0902917,0.24294002,-0.26183423,-0.0062404275,0.038958848,0.2703819,-0.16683842,0.007662606,-0.32392517,-0.033491533
-0.67235744,-7.876925,0.98132,-0.03827633179604079,-0.020934736528073497,-0.72743885577995,0.6847841779219906,-0.00971639,0.020943064,-0.025277061,0.42266232,-0.36270827,0.0,-0.010821926,-0.016072758,0.08990119,0.24210145,-0.26285467,-0.006547205,0.038553722,0.2715054,-0.16670632,0.00751776,-0.32895336,-0.0324028
-0.6722765,-7.8771124,0.9819965,-0.03803480871997236,-0.02089541648248094,-0.7273759589929845,0.6848656431554258,-0.008106351,0.021358686,-0.025512636,0.42190984,-0.36400792,0.0,-0.011253291,-0.015594583,0.089766406,0.24165182,-0.26397553,-0.0069222003,0.035971213,0.27311757,-0.16754994,0.006992309,-0.3332469,-0.031808764
-0.67250746,-7.8771906,0.98257065,-0.03779441883877631,-0.020632766702313052,-0.727440947299024,0.6848178874967751,-0.006479375,0.021600876,-0.024939531,0.421809,-0.364296,0.0,-0.011730471,-0.015250696,0.089605235,0.2412962,-0.2653454,-0.0069608986,0.032269157,0.2749007,-0.16898249,0.0056342995,-0.33648098,-0.03230022
-0.6731361,-7.8773155,0.9824867,-0.03789876459182291,-0.02023040965090728,-0.7264247524596972,0.6859019559540838,-0.0036136024,0.021485496,-0.024515474,0.4215059,-0.3648047,0.0,-0.011571757,-0.01566555,0.08948453,0.24103752,-0.26720038,-0.006998688,0.028038029,0.27653268,-0.17051184,0.0034410867,-0.3389658,-0.033884153
-0.6736247,-7.877483,0.98191357,-0.037948612044697384,-0.01993352124924335,-0.7261752659643789,0.6861720197414426,-0.0011106208,0.021059675,-0.024419297,0.42152715,-0.36467117,0.0,-0.011758407,-0.01578892,0.08993432,0.24108848,-0.26902202,-0.0069265887,0.023133282,0.27824697,-0.17158808,0.00095662,-0.34060353,-0.03596077
-0.6738506,-7.8777747,0.9816035,-0.03783492728878748,-0.019908647608853768,-0.7264327328512742,0.6859064430880263,-0.00037369877,0.021128599,-0.024221675,0.42164811,-0.36478627,0.0,-0.011967228,-0.015643634,0.09055533,0.24098787,-0.2698997,-0.006529771,0.017585011,0.280115,-0.17236374,-0.0013166826,-0.34133917,-0.037797067
-0.67378706,-7.8780828,0.9817718,-0.03773892756815334,-0.01987051480370748,-0.7264887496248168,0.6858535067024238,-0.00018465891,0.02155781,-0.023705311,0.42158005,-0.36464673,0.0,-0.011772326,-0.015579529,0.09107882,0.24093743,-0.27041325,-0.0060948953,0.012235426,0.2818275,-0.17323895,-0.0029971444,-0.34160322,-0.038867928
-0.67379415,-7.8783817,0.9803192,-0.03754789418787824,-0.0199113121940281,-0.7264332136494345,0.6859216291936878,0.0002187416,0.021794021,-0.02302219,0.42174304,-0.36434305,0.0,-0.011496334,-0.015575863,0.09128889,0.24110593,-0.27103582,-0.0057110414,0.008909848,0.28296167,-0.17385744,-0.0043006423,-0.34160742,-0.03965331
