0.004584442,0.022241225,0.98524725,-0.024697163508719828,-0.022926565086335664,-0.7203365653430627,0.6928056403911022,0.0,0.0,-0.008197401,0.376394,-0.33653778,0.0,0.0,0.0,0.10838624,0.21870567,-0.26667005,0.0,0.0951397,0.34776384,-0.14455163,0.17695381,-0.3387558,-0.20503853
0.004913944,0.022244994,0.98306286,-0.02429651905552951,-0.023030125812457617,-0.7202107244669171,0.6929471876194355,-0.000365559,-0.0003723763,-0.008019872,0.376756,-0.3374487,0.0,-0.0003650654,0.00019476563,0.10920342,0.21974921,-0.26757506,-0.00035002828,0.09618331,0.3483672,-0.14518994,0.17710207,-0.33986259,-0.20780788
0.0052581117,0.022074908,0.9827711,-0.024046000978544754,-0.02314268531458859,-0.7200221903837497,0.6931480731476911,-0.0007219799,-0.0008266121,-0.00775685,0.37727666,-0.33810094,0.0,-0.00019824691,1.0207295e-06,0.11024496,0.22062485,-0.2687471,-0.0006560832,0.09891753,0.34917548,-0.14549874,0.17660785,-0.34161583,-0.21137959
0.005352964,0.0215548,0.9826982,-0.023955577109411003,-0.023038235444423412,-0.7196223076219175,0.6935698266258912,-0.00096136704,-0.0012646988,-0.007435722,0.3775508,-0.3383388,0.0,0.00053464994,-0.0005597491,0.11076544,0.22065204,-0.27001175,-0.0007950589,0.1025962,0.34959766,-0.14487459,0.17496213,-0.3433044,-0.21385683
0.0053886026,0.020748256,0.9830049,-0.023874184072222242,-0.0233223619822375,-0.7195389170287914,0.6936496505062836,-0.0008913204,-0.0016860515,-0.0073427632,0.37733495,-0.33847123,0.0,0.0009322539,-0.00080573,0.110706165,0.22005177,-0.27165386,-0.0011187121,0.10644596,0.3496242,-0.14378218,0.17178093,-0.34451902,-0.21461786
0.0054370197,0.01997794,0.9834467,-0.02366738708340871,-0.023493959445337907,-0.7193865447971136,0.6938089706994968,-0.000672061,-0.0019657034,-0.007309044,0.37702698,-0.33780557,0.0,0.0008459501,-0.0008636527,0.1105677,0.21949624,-0.27323014,-0.0018410459,0.10991381,0.3497173,-0.14333194,0.16935058,-0.34509903,-0.21428692
0.0055540884,0.019358989,0.9835764,-0.023301361036723686,-0.023406569453997484,-0.7191416638203507,0.6940781270418548,-0.00029693544,-0.0022471715,-0.007130639,0.37695518,-0.3362843,0.0,0.0004692115,-0.0008155834,0.11051109,0.21916066,-0.2741127,-0.0022756904,0.11265627,0.3499511,-0.14368027,0.16846915,-0.34516242,-0.21421775
0.005715379,0.019045206,0.9833993,-0.02296423382828153,-0.022959791733723263,-0.7188881850515737,0.6943668117943702,0.00034352392,-0.0027968101,-0.006911301,0.3769319,-0.33525583,0.0,-2.8464943e-05,-0.0007708054,0.11048857,0.21880414,-0.27422833,-0.002199784,0.11453311,0.35013238,-0.14399758,0.16806872,-0.3453508,-0.21467642
0.00581011,0.018846348,0.9830983,-0.022637545426019874,-0.022393986838103657,-0.7182593666631876,0.6950464251337289,0.00097004697,-0.0036627501,-0.0070518707,0.37680036,-0.33614507,0.0,6.695837e-05,-0.0010188371,0.11015831,0.21841453,-0.274665,-0.0016671419,0.11516708,0.35007963,-0.14423908,0.16791154,-0.3462206,-0.21469311
0.005418314,0.018253652,0.98268175,-0.0226989699318073,-0.02178627656293483,-0.7177830382675442,0.6955556231481214,0.0006985478,-0.0046704616,-0.007961699,0.37677178,-0.3387733,0.0,0.00059483014,-0.0015366543,0.10949186,0.21930774,-0.27607396,-0.0008597374,0.114452735,0.34950253,-0.14478761,0.16930366,-0.34609887,-0.21316253
0.0049300576,0.01725494,0.9823799,-0.022569147580769194,-0.02123244165302054,-0.7175758523432344,0.6957907107261561,-0.00010378659,-0.005394919,-0.009775621,0.37723714,-0.34226188,0.0,0.00064818375,-0.0021051243,0.10846532,0.22225553,-0.27867776,-0.0007377416,0.11369683,0.34852058,-0.14504154,0.17154588,-0.34580782,-0.21213026
0.0044211783,0.016208995,0.98200506,-0.022109350106788828,-0.020659553016078826,-0.7170973422115973,0.6963158488072023,-0.0012133978,-0.0057927594,-0.012135568,0.37898102,-0.34539956,0.0,0.0005889721,-0.0027594306,0.106737964,0.22734872,-0.2835081,-0.0015642047,0.11312145,0.3472966,-0.14593726,0.17392837,-0.34599087,-0.21305309
0.0041928273,0.015158806,0.98115945,-0.02144287282566283,-0.01980512717999989,-0.7162359332921445,0.6972474797397961,-0.0030831583,-0.0063006207,-0.014672103,0.3830736,-0.34902722,0.0,0.00037589483,-0.0029536784,0.10412894,0.2360214,-0.29253417,-0.0025700852,0.112953775,0.34623116,-0.14877196,0.17739694,-0.346531,-0.21597043
0.004377382,0.013785707,0.9798944,-0.02081505025066201,-0.018853110560809083,-0.7160618899255831,0.6974716221477735,-0.0069488026,-0.0069826897,-0.01725121,0.3894431,-0.35416207,0.0,0.00020540133,-0.0028891638,0.10048531,0.24931543,-0.30667686,-0.003478691,0.113905855,0.34487265,-0.15346012,0.18203765,-0.34704998,-0.2207305
0.004874738,0.011580455,0.9785704,-0.0202978486307702,-0.01821312222076778,-0.7150216392402592,0.6985702075941302,-0.010831526,-0.0076559857,-0.019986225,0.39690676,-0.3598732,0.0,6.716512e-05,-0.0028268322,0.095777646,0.2664427,-0.32486132,-0.0042275786,0.11655753,0.34283075,-0.15938191,0.18668285,-0.3474661,-0.22913529
0.005622835,0.008310204,0.97745365,-0.019695635141430638,-0.017461596130161183,-0.713592128352339,0.7000667460825016,-0.014706599,-0.008445086,-0.022543931,0.40471148,-0.36476475,0.0,6.737001e-05,-0.003069967,0.09040162,0.28575066,-0.34483367,-0.0048680604,0.12122924,0.34015104,-0.16544114,0.19125721,-0.34785518,-0.24434088
0.006712244,0.003991736,0.9764065,-0.018809924606135103,-0.0167489704105233,-0.7123340712440841,0.7013885012397388,-0.019347949,-0.00967494,-0.024546115,0.41213307,-0.3699841,0.0,0.0004672557,-0.0037927553,0.08527555,0.3055883,-0.36498722,-0.0052355453,0.12848781,0.33780628,-0.17042609,0.19604002,-0.34780222,-0.26922336
0.008046319,-0.0009174411,0.97519684,-0.01746971375774273,-0.015595041349959182,-0.7106988342533189,0.7031065145321078,-0.023796126,-0.011738047,-0.02571363,0.4178054,-0.37573358,0.0,0.0011049435,-0.0050708205,0.08156074,0.3233744,-0.38375467,-0.0057006106,0.13860247,0.33651793,-0.1739489,0.20075093,-0.34762388,-0.30449113
0.009925493,-0.0060253576,0.9738638,-0.015537399378920395,-0.013718800258035325,-0.7092139501066002,0.7046885529893424,-0.027401228,-0.014527837,-0.025253782,0.42054695,-0.38199082,0.0,0.0020456947,-0.007027611,0.079498984,0.33629104,-0.39963278,-0.0061886683,0.1539135,0.33628622,-0.17472672,0.20318507,-0.34826088,-0.3496693
0.012724224,-0.011488141,0.9727723,-0.012855557482991642,-0.01137053359748913,-0.7085100537623223,0.7054919909717055,-0.0299626,-0.017696844,-0.022622826,0.41977924,-0.38798928,-3.746152e-05,0.00304465,-0.009805266,0.078603454,0.34476465,-0.41276836,-0.0065075457,0.17619795,0.33640605,-0.17360462,0.20136276,-0.349261,-0.401674
0.016172156,-0.017845191,0.97198296,-0.009762615846080971,-0.008851923991215876,-0.7082535628060135,0.7058351263192302,-0.0313579,-0.020905951,-0.0183141,0.4154989,-0.39386827,-0.0007068217,0.0035272762,-0.013359435,0.07748971,0.35230213,-0.42490697,-0.0066001415,0.20493463,0.33660126,-0.17574753,0.19433604,-0.34996402,-0.45815834
0.019823639,-0.025436014,0.9709849,-0.006425440604491716,-0.006211365152400616,-0.7080546916872187,0.7061010453438654,-0.03157688,-0.0238992,-0.013479375,0.40941814,-0.39963907,-0.0040796995,0.003012782,-0.017117895,0.0747849,0.36239815,-0.4376302,-0.006535262,0.24015582,0.3370818,-0.18875867,0.18306172,-0.34993958,-0.5192793
0.02310652,-0.034319386,0.9695538,-0.002915049850861497,-0.0026072871408814404,-0.7080709523292686,0.706130463162194,-0.030524641,-0.027579809,-0.009018632,0.404196,-0.40970474,-0.0121640265,0.0018354096,-0.021085206,0.06946007,0.3790424,-0.45203105,-0.006536342,0.28205404,0.33618093,-0.21977286,0.16824797,-0.34991452,-0.58437514
0.026424471,-0.044859085,0.9678676,0.0006910920366599605,0.0016335890221862112,-0.7065242855003243,0.7076865745349136,-0.029190011,-0.03167513,-0.0054239384,0.4020741,-0.42477864,-0.02529879,0.0006318018,-0.02540068,0.059760913,0.40759867,-0.46965608,-0.006690912,0.3264391,0.3314148,-0.26640528,0.15110053,-0.35094348,-0.64974314
0.029557347,-0.056544382,0.9656221,0.004027864263178612,0.005608621910002301,-0.704574313047639,0.7095966157354443,-0.029157419,-0.03616115,-0.0018471364,0.40334928,-0.44408736,-0.045017317,7.855706e-05,-0.029812615,0.043164767,0.45555487,-0.491916,-0.006930724,0.36603472,0.3278281,-0.31436995,0.13285755,-0.3497102,-0.7096155
0.03223768,-0.06899346,0.9624686,0.007008774384265002,0.009416083960303724,-0.7016338817207803,0.7124409522661601,-0.03093803,-0.04071535,0.0040526018,0.40652952,-0.46584114,-0.07053019,0.0015785936,-0.033540722,0.015514155,0.5318883,-0.51531476,-0.0072973296,0.39589024,0.33170804,-0.3565739,0.11483507,-0.3440973,-0.76170623
0.03466029,-0.08241024,0.9584437,0.009987653594935003,0.012887589411853377,-0.6988892098253099,0.7150440750083683,-0.03361728,-0.043869376,0.014358493,0.4074727,-0.49049273,-0.09412514,0.006559686,-0.034376655,-0.029037114,0.64552253,-0.5307413,-0.0076258853,0.41388106,0.34234917,-0.39923948,0.10206527,-0.33596358,-0.806622
0.037014913,-0.09703112,0.954109,0.012530197974336896,0.0167015772191566,-0.696901657408649,0.7168627004930543,-0.03557903,-0.04518138,0.030106023,0.40191695,-0.51701003,-0.10550457,0.014401207,-0.02898081,-0.09672391,0.8009879,-0.53047025,-0.0077407137,0.41507635,0.35419166,-0.4486223,0.100967504,-0.3280543,-0.84678614
0.039758995,-0.11289842,0.9501108,0.015082291238103765,0.021128527263259336,-0.6966596991902811,0.716931916816933,-0.0354354,-0.045951016,0.049923506,0.3899818,-0.54054654,-0.10001287,0.020836348,-0.01533876,-0.18771413,0.9855587,-0.5189288,-0.00768131,0.39370498,0.35694104,-0.50317276,0.116884805,-0.3227606,-0.8858432
0.04223674,-0.13007799,0.94505763,0.018764495414588273,0.026284299923645057,-0.6998465732261236,0.7135627535353929,-0.032824833,-0.046530195,0.070459716,0.37725294,-0.55777955,-0.07989173,0.02497804,0.0012697298,-0.29184476,1.1623867,-0.5160919,-0.007766776,0.3515277,0.3409002,-0.56247103,0.1541186,-0.3221381,-0.92551315
0.0440002,-0.14939861,0.93882,0.022314308319303883,0.03192837410426764,-0.7039627394127522,0.7091679011981453,-0.029528007,-0.04562957,0.09200569,0.36838302,-0.569755,-0.051822394,0.02758914,0.017183494,-0.4036026,1.303208,-0.53481823,-0.007880166,0.2831818,0.30573112,-0.6349852,0.21907361,-0.3278095,-0.96148336
0.043461885,-0.1713848,0.93071467,0.025368222110522073,0.03657195285805019,-0.706449644089924,0.7063624041073531,-0.027885124,-0.042069722,0.115516886,0.3625788,-0.5808353,-0.025698662,0.028919378,0.029688476,-0.5224856,1.396883,-0.5668356,-0.0077976063,0.18180746,0.25543216,-0.70997417,0.31268042,-0.33876896,-0.991911
0.04105402,-0.1968155,0.92010885,0.029234037565630394,0.04220368520046695,-0.7070780640887856,0.7052693324451067,-0.024252735,-0.035101112,0.14124177,0.35923958,-0.59561306,-0.0063208938,0.024968259,0.035747793,-0.6438953,1.438654,-0.6003102,-0.007596053,0.055428658,0.17912099,-0.77847475,0.4263479,-0.35056588,-1.0204474
0.036794707,-0.22468266,0.9071164,0.03304078557768505,0.04710047366136424,-0.7086219778603224,0.7032387534561853,-0.019287918,-0.027779883,0.17014238,0.36067444,-0.6167514,-0.00038653612,0.01327819,0.037227813,-0.7583895,1.4260894,-0.6254826,-0.0068138987,-0.078812055,0.08996394,-0.834049,0.5503193,-0.36599773,-1.0562263
0.031626053,-0.2554891,0.8924459,0.03710918987134773,0.05270234908616804,-0.7112476690950214,0.6999800880273601,-0.02118374,-0.024119228,0.20120285,0.3714741,-0.63308954,0.0,0.0010782313,0.040747315,-0.8505383,1.3639152,-0.6368073,-0.004791215,-0.2114305,0.016644036,-0.8870463,0.6807494,-0.4128093,-1.1054496
0.026329849,-0.2914345,0.8793826,0.040833364115145876,0.059301830426587605,-0.7149104964440438,0.6954990376393247,-0.026545076,-0.024886504,0.22844763,0.39502507,-0.6271106,0.0,-0.006311154,0.04955905,-0.907383,1.2757772,-0.63417006,-0.002237752,-0.32866523,-0.03879612,-0.9503829,0.8159792,-0.48670173,-1.1524739
0.02100737,-0.3320171,0.8693998,0.04641687852317209,0.06476801441058919,-0.7206521805360314,0.688702412066444,-0.027810663,-0.02663251,0.2468509,0.4378177,-0.58864784,0.0,-0.0073215626,0.06295391,-0.92925537,1.198944,-0.6255138,0.00015568733,-0.4189004,-0.07372431,-1.0232427,0.93402773,-0.5619857,-1.1805954
0.014338545,-0.3760729,0.86563855,0.05369506482849412,0.0705267118070825,-0.7258177322557282,0.6821520669747302,-0.02368418,-0.028641561,0.24960014,0.50631464,-0.5129796,0.0,-0.007885966,0.075125635,-0.9213055,1.1569384,-0.6108996,0.0007478073,-0.47532588,-0.088280514,-1.0984213,1.0156356,-0.620432,-1.1876471
0.0062352405,-0.42440268,0.8687383,0.06177322091601648,0.07501452968445732,-0.7292378534448172,0.6773249165777648,-0.017771207,-0.029212225,0.22957923,0.60808074,-0.40010267,0.0,-0.008451302,0.08341859,-0.8883138,1.1491092,-0.59759504,0.00055823475,-0.4936312,-0.09056294,-1.1679875,1.0518677,-0.65518546,-1.1857021
-0.0028195737,-0.4773233,0.8763696,0.06754174019279956,0.07653625392384746,-0.7317838564937698,0.6738491689852697,-0.01184153,-0.030174877,0.18315396,0.75238526,-0.26225603,0.0,-0.007436957,0.08803189,-0.8312626,1.1593754,-0.6083499,0.0003940314,-0.47152632,-0.08586104,-1.2248847,1.037491,-0.6709346,-1.1910874
-0.011607693,-0.53327674,0.88703156,0.06796000184320003,0.07362346206200988,-0.7353272820971447,0.6702647329131246,-0.0051982887,-0.033762302,0.11096827,0.940935,-0.13491179,0.0,-0.0050038937,0.088814914,-0.74557716,1.167418,-0.64822364,-0.0005681142,-0.4088353,-0.07564446,-1.2648826,0.96641123,-0.6750861,-1.2212896
-0.019455971,-0.59392214,0.8994678,0.06579461254681132,0.06736890586877914,-0.738258575690745,0.6679122508989718,0.0043533854,-0.038924262,0.015866714,1.1568378,-0.06385917,0.0,-0.0007604286,0.0828969,-0.6311007,1.1543587,-0.69831127,-0.0027020723,-0.30836874,-0.056727476,-1.2892591,0.83859086,-0.6613841,-1.2627445
-0.026644358,-0.6565413,0.9128489,0.0633498571782195,0.05983496234527152,-0.7403729881270189,0.6665241265914598,0.013738327,-0.04049363,-0.101578996,1.3604013,-0.06559395,0.0,0.0055593625,0.07147087,-0.49677384,1.1095916,-0.73724306,-0.00449457,-0.17844515,-0.024540411,-1.3055947,0.6603634,-0.6219207,-1.294082
-0.033501137,-0.71439165,0.9208933,0.059295524182290324,0.05306564890792572,-0.7361129700597869,0.6721649894391164,0.011075646,-0.03719285,-0.24576695,1.511015,-0.13208377,0.0,0.0028938856,0.06686643,-0.35343271,1.0346664,-0.7536244,-0.0051156506,-0.030492648,0.012635462,-1.3256052,0.44007215,-0.55808586,-1.3400174
-0.039921515,-0.7698851,0.9251481,0.05723308154633064,0.04869381457156232,-0.730283186551808,0.6789990826495412,0.0043704137,-0.039724387,-0.41160372,1.5921671,-0.24203579,0.0,-0.007898459,0.066052794,-0.20969057,0.9288981,-0.7341059,-0.005047627,0.12994798,0.0532845,-1.3593454,0.20647554,-0.46882406,-1.3960434
-0.046035804,-0.82639635,0.9277277,0.05609702070723774,0.045594481434099346,-0.7254911990067496,0.6844244207319579,0.0005044341,-0.052671548,-0.5774733,1.598476,-0.36443943,0.0,-0.0156987,0.063599534,-0.0718357,0.8050462,-0.6691781,-0.0031631365,0.3011015,0.103462905,-1.4083871,-0.0016417862,-0.35315457,-1.4478861
-0.051688626,-0.89018726,0.9314533,0.055114130128995006,0.042369884591346135,-0.7206774675985006,0.6897762051822696,-0.013323262,-0.07406215,-0.7090949,1.526394,-0.4605107,-0.00089386106,-0.011552164,0.06511562,0.055913344,0.70576715,-0.5592549,0.0019271821,0.47608358,0.17591794,-1.4655145,-0.16080157,-0.23352043,-1.492178
-0.055245638,-0.9615403,0.9382237,0.05351026227421998,0.037190515621014976,-0.7129381016061467,0.6981925097402655,-0.0318356,-0.100254074,-0.7863483,1.3812819,-0.5141803,-0.014263183,-0.008790558,0.07150395,0.16058327,0.656745,-0.41280752,0.0053969845,0.6307516,0.24218835,-1.5274028,-0.2653759,-0.14625622,-1.531837
-0.056793537,-1.0345492,0.93532836,0.05153072112782901,0.03396058930899423,-0.706175479720385,0.7053420836697014,-0.049821287,-0.1217085,-0.80981344,1.2001318,-0.54168445,-0.05227326,-0.009235967,0.07456461,0.22812878,0.66394174,-0.24851795,0.007146254,0.7446366,0.27523842,-1.5820619,-0.31863046,-0.10250179,-1.5705843
-0.05847657,-1.1082904,0.9261885,0.04957970053299161,0.034051892439552964,-0.698548611878805,0.7130302649667395,-0.056701817,-0.13785237,-0.79282403,1.0439705,-0.5550865,-0.074214384,-0.01097277,0.08076759,0.254101,0.7258251,-0.09634821,0.009387139,0.80191106,0.28246433,-1.6060523,-0.3220551,-0.0883803,-1.6042767
-0.06046958,-1.1833922,0.9174613,0.047717480203970764,0.03701310196626845,-0.6908193131250813,0.7205010402346477,-0.04736234,-0.14922291,-0.7441682,0.9462402,-0.53677315,-0.052920908,-0.018025534,0.088441506,0.23999701,0.84068066,0.012623939,0.013342019,0.7939321,0.28644058,-1.5982052,-0.2746803,-0.09606833,-1.6246327
-0.060836673,-1.256813,0.91210407,0.04570864064241327,0.04072739133117679,-0.6874746255487313,0.7236232714559501,-0.03051757,-0.14900109,-0.6684401,0.9057018,-0.5073152,-0.018839344,-0.026618732,0.08813754,0.1872034,1.0053183,0.060949225,0.016810022,0.7201118,0.2974568,-1.5641403,-0.17633589,-0.12932295,-1.624948
-0.06000636,-1.3315966,0.9142212,0.04390882692707294,0.04558263556383652,-0.6895360415245604,0.7214806204546194,-0.0156081375,-0.13598672,-0.5708142,0.8957688,-0.52493274,-0.00299111,-0.03202954,0.08672857,0.09755437,1.1980921,0.042704485,0.0135542005,0.58305335,0.30009755,-1.5194323,-0.030020334,-0.19757047,-1.606992
-0.060443006,-1.4055418,0.9172031,0.04155855751982699,0.048533604193204447,-0.6914243181757275,0.7196178067530841,-0.0062673017,-0.117196575,-0.4573356,0.8823126,-0.5790408,-0.0001487732,-0.026357384,0.08068292,-0.031020762,1.3705835,-0.029991949,0.016119119,0.39038318,0.26812327,-1.4873282,0.15268613,-0.2805538,-1.5803018
-0.06119199,-1.4764446,0.9181038,0.03979333365910764,0.05115959284705256,-0.7023011977285017,0.7089232781656494,-6.139651e-05,-0.098405495,-0.33510342,0.8491993,-0.61045593,0.0,-0.0031724814,0.062658116,-0.19737113,1.4856094,-0.12742259,0.015824374,0.16780397,0.18704845,-1.4861451,0.34975368,-0.3373211,-1.549725
-0.063633576,-1.5461597,0.92259866,0.03698081787263007,0.05411276177991912,-0.7145233615863423,0.6965347039949797,0.0068268776,-0.08186364,-0.2050532,0.794409,-0.5863552,0.0,0.012506106,0.049200393,-0.39118838,1.5303395,-0.24737757,0.013953406,-0.037265863,0.083257966,-1.5099019,0.5407859,-0.38621047,-1.5198143
-0.071198456,-1.6157203,0.9343773,0.032471948198374005,0.054127886368154535,-0.7248277371314011,0.6860324307075364,0.009562589,-0.06811184,-0.07881047,0.72700816,-0.4997197,0.0,0.0137205785,0.05377154,-0.57390636,1.499575,-0.3750672,0.013588533,-0.19751225,0.010676229,-1.5493479,0.7217593,-0.459048,-1.4953438
-0.080641374,-1.6919137,0.95693713,0.028137951867502575,0.053371709617708825,-0.7330662726346548,0.6774758713066608,7.224828e-05,-0.061504103,0.026671732,0.68404067,-0.36057723,0.0,0.013362634,0.06812266,-0.7016104,1.3894387,-0.47370327,0.014025763,-0.30628392,-0.02271432,-1.6028427,0.89009035,-0.53093696,-1.4615736
-0.089555115,-1.774089,0.9755323,0.02541303081499827,0.050415784086805575,-0.73952578909867,0.6707563147952453,-0.007104583,-0.07125831,0.097387694,0.69497305,-0.20367295,0.0,0.0127147045,0.08658635,-0.76143914,1.212047,-0.51786965,0.012292311,-0.36438525,-0.029216088,-1.6663569,1.0125967,-0.5722688,-1.4249223
-0.09754961,-1.8583474,0.9769703,0.02581409381675654,0.04752642945735467,-0.7437756594389568,0.6662376749250973,-0.005288407,-0.08425328,0.1284889,0.7681891,-0.079473466,0.0,0.007297124,0.10326733,-0.75873506,1.019772,-0.5183188,0.014446102,-0.3729037,-0.024314161,-1.7274249,1.0759258,-0.58432955,-1.4042532
-0.10639965,-1.9420205,0.9677501,0.026734790166212146,0.04268615867822519,-0.7402005903948281,0.6704970013588532,0.0029456317,-0.08889234,0.12166749,0.9004434,-0.0150191635,0.0,-0.00022810325,0.10938892,-0.7090161,0.8687047,-0.5019166,0.022904683,-0.33065194,-0.019571181,-1.7660669,1.078829,-0.58199203,-1.4018055
-0.11527013,-2.0247622,0.96306217,0.026274379304883983,0.037961530675265406,-0.7346231101472096,0.6769028476957197,0.0131775215,-0.08579275,0.076789476,1.0806009,-0.014943033,0.0,-0.009319525,0.10502517,-0.6242555,0.78291523,-0.4590752,0.020337917,-0.23647778,-0.019331597,-1.7670057,1.019324,-0.57570046,-1.4302354
-0.122839086,-2.108011,0.963868,0.02347730130907844,0.032354327770486364,-0.7261530492292206,0.6863699897962233,0.020324495,-0.07936633,-0.0068735136,1.2762324,-0.068398185,0.0,-0.010814274,0.093275726,-0.517679,0.75939405,-0.42641947,0.012160029,-0.09434172,-0.016440578,-1.7263051,0.8962344,-0.5623978,-1.470152
-0.12680556,-2.1885436,0.9652763,0.021628866054679168,0.029131521673553595,-0.7186967095698206,0.694376400989899,0.024327535,-0.06858981,-0.12874864,1.4367677,-0.14046697,0.0,-0.0030360818,0.08216114,-0.40192682,0.77320164,-0.44614583,0.0013470799,0.08238267,0.012585143,-1.6505315,0.71490544,-0.53169674,-1.4997398
-0.13138734,-2.2660127,0.9645453,0.022011450159210317,0.026043569641118303,-0.7038486089223805,0.7095310875925498,0.01281606,-0.062531196,-0.28704092,1.5349911,-0.21235767,0.0,-0.002669651,0.07634905,-0.27729458,0.7821717,-0.4968294,-0.0039235875,0.2730258,0.084352255,-1.5591199,0.49230143,-0.48541307,-1.5309885
-0.13683277,-2.3433294,0.9601426,0.023813962296724944,0.02278423660760353,-0.6876753374754281,0.7252698835536981,-0.0030850098,-0.06836131,-0.46575797,1.5619295,-0.28755388,0.0,-0.011126624,0.07953456,-0.14292547,0.76051706,-0.51182574,-0.0030457824,0.46345764,0.19340342,-1.4815922,0.24738777,-0.43284112,-1.5689591
-0.14114362,-2.421896,0.9577482,0.025020191880354925,0.020362561184723005,-0.6776127305251605,0.7347110612550386,-0.013620686,-0.088836364,-0.6277256,1.5120647,-0.3607158,-0.00039979815,-0.019621635,0.086329915,-0.010295802,0.70802724,-0.46479768,-0.0013373494,0.64560497,0.28413972,-1.4371127,0.026408257,-0.34761146,-1.6017433
-0.14161623,-2.504601,0.9621565,0.028138282638883867,0.01720726686021442,-0.6663572968174067,0.7449027453268877,-0.029893547,-0.123686165,-0.7391723,1.3825328,-0.4137097,-0.0073070526,-0.015536537,0.097504035,0.1064454,0.6546216,-0.3592243,0.004771799,0.80064684,0.32873854,-1.4322672,-0.14260782,-0.24132225,-1.6276147
-0.13958533,-2.59329,0.9668532,0.02924586240571437,0.01574420448091121,-0.6626109588123911,0.7482269153265827,-0.049001284,-0.1510435,-0.7884003,1.1889137,-0.44290608,-0.038207322,-0.018451424,0.10360645,0.19355269,0.6418767,-0.21577369,0.009587854,0.9203381,0.3310874,-1.4568079,-0.2546114,-0.1504709,-1.6529977
-0.13741887,-2.6818535,0.9564022,0.02836549374378122,0.016398400956632773,-0.6648297891806942,0.746275982883471,-0.06024246,-0.16210638,-0.7840287,0.98635924,-0.46446556,-0.08848216,-0.021282217,0.101325676,0.2426785,0.68496364,-0.06746783,0.009181827,0.99429184,0.30484658,-1.4882466,-0.30992955,-0.09556071,-1.6773134
-0.13590182,-2.7717834,0.94610965,0.027385939850782328,0.01953452094110055,-0.6637502056705852,0.7471974821038592,-0.05676157,-0.16383478,-0.7416839,0.8306469,-0.46896407,-0.1119283,-0.029601796,0.101913214,0.2541588,0.78232646,0.04844945,0.011432353,1.0098377,0.27622896,-1.5155634,-0.30901974,-0.057124034,-1.6896355
-0.13439186,-2.8603332,0.93895435,0.025853528877509562,0.022577324974590248,-0.6638952465813742,0.7470374562284195,-0.043477792,-0.15577732,-0.6729494,0.739577,-0.44660243,-0.10045506,-0.036514826,0.09830913,0.2299954,0.9308276,0.107710294,0.01522794,0.9622621,0.27139574,-1.5298908,-0.25079498,-0.035010777,-1.68114
-0.13194132,-2.9487255,0.9365807,0.02343882519892941,0.02396803570687474,-0.6708300421777535,0.7408530281030384,-0.029334141,-0.13811523,-0.58372355,0.71217984,-0.41716504,-0.06929009,-0.032436036,0.08839658,0.1688052,1.1156337,0.10296213,0.0139181875,0.8521299,0.28921437,-1.5090611,-0.13831306,-0.049323346,-1.6527076
-0.12904567,-3.0404644,0.9394595,0.021403778386836207,0.02829694928522749,-0.6815996514171944,0.7308646086108395,-0.016172918,-0.11755152,-0.48206067,0.7302168,-0.42728254,-0.031867653,-0.022074817,0.0749725,0.06581604,1.2931964,0.04313703,0.01491056,0.6823254,0.2949379,-1.4627742,0.015164102,-0.11621848,-1.6174551
-0.12890606,-3.1229346,0.93813765,0.02031968339304329,0.03240480161081966,-0.6944757587817937,0.7184987541839039,-0.0038684271,-0.10180573,-0.37604305,0.7528136,-0.47559336,-0.007035017,-0.0024027545,0.059844762,-0.07964023,1.4212632,-0.041841913,0.016486935,0.4608722,0.256199,-1.4389908,0.19398652,-0.21631111,-1.5861945
-0.12856548,-3.2047153,0.9370063,0.02073954496349413,0.037381984153671534,-0.7095141093341337,0.7033933374657687,-0.0014944747,-0.08986938,-0.25848338,0.7556713,-0.504029,-0.00041234493,0.016042663,0.045747124,-0.26328868,1.4829526,-0.14796296,0.014538854,0.21554142,0.17430776,-1.4519132,0.38779372,-0.29670197,-1.5566458
-0.1281949,-3.2887743,0.93412703,0.017953136105034687,0.04075574789981603,-0.7280728981112117,0.6840515396905865,0.003677737,-0.08278304,-0.1284196,0.7341219,-0.47355336,0.0,0.017645331,0.04867725,-0.46117294,1.4721633,-0.2725153,0.011935666,-0.0017623327,0.08223795,-1.487257,0.57180387,-0.36728796,-1.5319439
-0.13306224,-3.373246,0.9334031,0.015349511716080191,0.04055509680053396,-0.7427336068942492,0.6681814617328411,0.005208958,-0.08243346,-0.002270144,0.6969751,-0.37697226,0.0,0.011918471,0.07137181,-0.62137055,1.3838109,-0.38181797,0.011400733,-0.17234583,0.018771686,-1.5409647,0.74537957,-0.4565949,-1.5250416
-0.13958317,-3.4644756,0.9447798,0.013187329350922402,0.03924106987197465,-0.7561501016156292,0.6530874800565134,-0.0019181333,-0.094705105,0.1001541,0.68149453,-0.22568281,0.0,0.017671837,0.10469873,-0.71767855,1.224385,-0.43763226,0.017622106,-0.2959897,-0.015284478,-1.6143715,0.90427977,-0.5228272,-1.5348376
-0.14549413,-3.5618289,0.9495647,0.01015603414937985,0.03570318485272806,-0.7614530993483954,0.6471563296873879,-0.00736399,-0.10943113,0.16281545,0.7181149,-0.05775921,0.0,0.039548397,0.12534611,-0.75002635,1.0326946,-0.4491932,0.046238713,-0.3721755,-0.02576422,-1.6945254,1.0186301,-0.54553306,-1.5376765
-0.1531714,-3.6608999,0.94190264,0.011872173575569672,0.03270747049442173,-0.7553778675497638,0.6543649976002839,-0.009761341,-0.1090336,0.18526475,0.8116931,0.07258821,0.0,0.060097642,0.1281829,-0.7343177,0.862756,-0.46379367,0.08561749,-0.39822173,-0.024460401,-1.7607671,1.0753202,-0.5422535,-1.5192306
-0.15950175,-3.7565153,0.9369555,0.0138398090068157,0.030456281537295658,-0.7509661995840433,0.6594927154138056,-0.0040306635,-0.103515774,0.17267692,0.960928,0.14193705,0.0,0.06359788,0.12559284,-0.6840966,0.7503722,-0.4605278,0.09811507,-0.37086615,-0.020690607,-1.7966967,1.0700313,-0.54393274,-1.4922906
-0.16524354,-3.8503933,0.9378288,0.015831748049075584,0.02708524366466541,-0.7453680371561933,0.665914584999653,0.0048935153,-0.09557778,0.124782234,1.1584471,0.1468206,0.0,0.053007856,0.1203516,-0.6055066,0.7047378,-0.43204787,0.085893996,-0.29076573,-0.01990084,-1.7973411,1.0013593,-0.5578757,-1.47056
-0.17042884,-3.9474943,0.94133,0.015726768093058032,0.022340941162061416,-0.7426589993669217,0.6691122191177373,0.008804392,-0.08833798,0.038258858,1.3707645,0.10064628,0.0,0.034750585,0.11036281,-0.5060077,0.71826667,-0.40864605,0.058560323,-0.16536693,-0.01996481,-1.7684703,0.8687621,-0.5724391,-1.4601675
-0.17349496,-4.0382466,0.9393394,0.01674624805667098,0.019657987429550047,-0.7390809659170211,0.6731214248004643,0.0025939457,-0.072061405,-0.088306755,1.5424249,0.033207536,0.0,0.020924432,0.09522365,-0.39785266,0.75708,-0.43841282,0.034425583,-0.0119011,-0.0080965115,-1.7252252,0.67422646,-0.56470954,-1.468525
-0.17452718,-4.1272354,0.9338903,0.019687384294784123,0.01797126790645595,-0.7299203962850079,0.683012192802296,0.0030636266,-0.053837877,-0.2557665,1.6495388,-0.057570186,0.0,0.019047191,0.07924579,-0.27613318,0.7845088,-0.50236356,0.019681416,0.15294386,0.029446037,-1.686411,0.43619448,-0.52483535,-1.5068742
-0.175589,-4.216533,0.9235441,0.023806480971635947,0.015309671319329232,-0.7114130932957854,0.7022038707634439,-0.004899904,-0.04474023,-0.45503184,1.6854213,-0.17860606,0.0,0.012756253,0.07439978,-0.1324705,0.7821605,-0.52414435,0.014457028,0.32710788,0.08935788,-1.6627576,0.1914937,-0.4952592,-1.5723209
-0.1782935,-4.3082843,0.9181301,0.025320263901109648,0.012908402071390285,-0.693085376145703,0.7202950220325772,-0.013241503,-0.06207787,-0.64375734,1.6447995,-0.3081921,-0.0010342896,0.0011790562,0.07778698,0.0136696175,0.7431924,-0.47688732,0.011117864,0.5111591,0.16879882,-1.6599154,-0.030626416,-0.47273707,-1.6445504
-0.17602007,-4.4036193,0.9211667,0.029620679910357838,0.011314687942255843,-0.6805988583286992,0.7319697993770569,-0.030847635,-0.10085352,-0.7827242,1.5234187,-0.40434518,-0.017383605,-2.0861626e-06,0.08650104,0.14102009,0.69166476,-0.36581293,0.013965413,0.6870906,0.20588934,-1.6799117,-0.20507501,-0.42737535,-1.71025
-0.1732166,-4.507382,0.9333998,0.030490010972212968,0.01099864719849662,-0.6741055970617118,0.7379234601236029,-0.060250048,-0.13124062,-0.8571534,1.3293648,-0.4563218,-0.07490264,-0.0060538985,0.09254506,0.23770477,0.67847306,-0.21055946,0.017763108,0.82540417,0.18220375,-1.7084477,-0.3210616,-0.3811853,-1.7651551
-0.1696702,-4.611619,0.9254903,0.028474069428347022,0.01146967514250895,-0.6705991328758275,0.7411845093554663,-0.075118095,-0.14543685,-0.8730058,1.1092479,-0.4964609,-0.14391032,-0.01639595,0.100564465,0.29788673,0.7231651,-0.04665386,0.017110236,0.9089199,0.12974079,-1.7212646,-0.37563354,-0.3634902,-1.8047268
-0.16744784,-4.716033,0.91420114,0.027129076724942452,0.016834195350150245,-0.6656182440981174,0.7456091309705805,-0.067684636,-0.15629229,-0.8458044,0.93226534,-0.5217158,-0.1646921,-0.032538958,0.11261922,0.3208028,0.8219263,0.07676523,0.019920383,0.92821187,0.0953617,-1.7148224,-0.3662336,-0.3661916,-1.8189619
-0.1653952,-4.8160486,0.91323376,0.02735688046553079,0.02193964851508718,-0.6642673960384292,0.7466720026052629,-0.049063038,-0.15790065,-0.7852752,0.82608867,-0.50855327,-0.13585018,-0.04596877,0.11599699,0.30708304,0.97159046,0.13659039,0.02350171,0.8802796,0.1023369,-1.6871206,-0.29456645,-0.35661337,-1.7979977
-0.16190457,-4.91625,0.9179335,0.025845637315685812,0.023866283653825537,-0.6689447463121673,0.7424791781037711,-0.032815967,-0.14353691,-0.69388485,0.7916365,-0.46658352,-0.089834765,-0.04948599,0.10935384,0.25581536,1.1636524,0.13243169,0.023645353,0.7652825,0.14703836,-1.6521386,-0.1683511,-0.3405213,-1.7397017
-0.15927568,-5.023105,0.9246444,0.024625502204429824,0.026931628561868027,-0.6776987847393285,0.7344335430704555,-0.02272367,-0.12296316,-0.57864726,0.8115848,-0.46390277,-0.04501404,-0.03998366,0.09481409,0.16197404,1.3593062,0.083105445,0.022670016,0.5818295,0.18860519,-1.6102252,0.0016129682,-0.3319002,-1.6543139
-0.15910545,-5.1197844,0.92460567,0.022920478352648932,0.028870379156637784,-0.6888998066490939,0.7239186482459744,-0.012015494,-0.10564096,-0.45167953,0.8395264,-0.51002204,-0.011033058,-0.010554235,0.07584944,0.019888235,1.507369,0.019683339,0.020571377,0.34021732,0.17340286,-1.5851984,0.1885271,-0.32144663,-1.5646389
-0.15854082,-5.2163386,0.9249877,0.022303529862618014,0.03156280052653295,-0.70357139962257,0.7095728488405736,-0.009333892,-0.08943555,-0.30808878,0.8400802,-0.5366757,-0.00067326427,0.017785694,0.05327645,-0.16999277,1.5879687,-0.068701394,0.017994035,0.08546683,0.10289043,-1.5903661,0.37246123,-0.32143444,-1.4942145
-0.15808566,-5.31422,0.92500293,0.01948613640595651,0.0350470314346908,-0.7180412975947841,0.6948443646054725,-0.003977459,-0.07664114,-0.1539927,0.80380183,-0.5006002,0.0,0.022300245,0.042402793,-0.38597113,1.5966008,-0.19723548,0.014355626,-0.12930533,0.03452805,-1.6162248,0.5619049,-0.3493421,-1.4579542
-0.16262679,-5.4103603,0.92183775,0.01896787957270771,0.03553345169575189,-0.7317673316199118,0.6803632601257764,-0.0033250898,-0.075847566,-0.00923889,0.7552143,-0.39804605,0.0,0.01280693,0.055851437,-0.5772961,1.5285711,-0.34165433,0.012001991,-0.29254302,-0.010545057,-1.6604426,0.7421013,-0.4000741,-1.4606187
-0.17025848,-5.511253,0.9293935,0.015762696596443887,0.03396741291606127,-0.7439825647013806,0.6671489306565321,-0.0058982596,-0.09051047,0.104433835,0.7362239,-0.2446388,0.0,0.009691571,0.08750489,-0.70702124,1.38242,-0.44431728,0.010737047,-0.40511054,-0.026443036,-1.7149472,0.89988446,-0.46152303,-1.4894594
-0.17730851,-5.617644,0.941705,0.013851885671802755,0.03112710091694977,-0.7557784929198667,0.6539404395597631,-0.005693093,-0.11085969,0.17570987,0.774514,-0.07963525,0.0,0.016143683,0.12650138,-0.76854765,1.1795647,-0.48179498,0.014666174,-0.46699467,-0.025483932,-1.7651,1.0266645,-0.5119206,-1.5146279
-0.18141584,-5.728183,0.93071234,0.015402444689606698,0.027296839202603174,-0.7560507346885766,0.6537621385825232,-0.00023384765,-0.122535825,0.21298082,0.875273,0.039725143,-0.0005123615,0.03111892,0.14739849,-0.7730615,0.97942877,-0.47748056,0.040282622,-0.47766495,-0.024501463,-1.7963223,1.1016471,-0.52779543,-1.5152544
-0.18687306,-5.8359323,0.9214869,0.017607305471545865,0.024043246730317276,-0.7478653920282257,0.6631811671686442,0.003399387,-0.11949621,0.2186435,1.0326769,0.08957798,-0.00737378,0.043311562,0.1483126,-0.7385028,0.8289991,-0.46937042,0.07141609,-0.43460017,-0.02668722,-1.795573,1.1131244,-0.52443266,-1.4924122
-0.19244383,-5.9408174,0.928216,0.018248646290795232,0.018942860988870915,-0.743453347677126,0.6682703605231823,0.01029899,-0.11487535,0.18675676,1.2315216,0.078959554,-0.017936155,0.03939493,0.14209731,-0.6671,0.7497387,-0.4351083,0.06777184,-0.3377455,-0.029286962,-1.7604164,1.058696,-0.5224612,-1.4820229
-0.19589747,-6.0519,0.93229246,0.01787181429657283,0.013806205117538557,-0.7409752010381679,0.671152544806654,0.0143332,-0.09900962,0.11351373,1.4351926,0.046309784,-0.00737378,0.023720393,0.1304965,-0.5642282,0.7417471,-0.39505816,0.03957682,-0.1945982,-0.028385341,-1.7002009,0.93779594,-0.5140306,-1.4965085
-0.19929312,-6.152523,0.9320224,0.019541073533161146,0.010006807600358693,-0.7368601283145266,0.675688657258001,0.0058316477,-0.072524376,-0.003261565,1.5947255,0.007900077,-0.0005123615,0.008260653,0.113254204,-0.44485632,0.7767718,-0.40604562,0.017397568,-0.022295386,-0.004900143,-1.6318998,0.7524721,-0.49214885,-1.5458609
-0.20311736,-6.251175,0.93558544,0.019685854264295404,0.007683942712950434,-0.7265187384783238,0.686821626629603,-0.0016005076,-0.04582433,-0.16985269,1.6883692,-0.05949843,0.0,0.0059283646,0.10175721,-0.30736494,0.803292,-0.4531013,0.010316335,0.16391344,0.05221482,-1.5734025,0.5138811,-0.48299852,-1.6189547
-0.20576821,-6.349178,0.9319567,0.019457087849342306,0.003431788008337666,-0.7121006888253364,0.7017992971911344,-0.010041596,-0.03476955,-0.374695,1.7107188,-0.16292644,0.0,0.0051390966,0.09866881,-0.15182298,0.797117,-0.45912334,0.010815829,0.359717,0.12293849,-1.5383941,0.24955983,-0.46341044,-1.6925715
-0.20812385,-6.4471545,0.9285078,0.020049798198749105,0.00043298571382700476,-0.6970078563875118,0.7167829980193773,-0.012083385,-0.046887383,-0.5714352,1.6577971,-0.28427774,-0.0003759265,-0.0023472663,0.10141027,0.0011472391,0.7549262,-0.3970194,0.008467764,0.55244356,0.18064864,-1.5387666,0.014837119,-0.40097633,-1.7544063
-0.20885293,-6.547275,0.9334806,0.022378016209486037,-0.0020631223627720833,-0.683759176438418,0.7293616089107656,-0.020388506,-0.08113463,-0.71523297,1.5249139,-0.37783355,-0.0075553954,-0.008945113,0.11044316,0.13268873,0.7011175,-0.27251962,0.0111496225,0.7233354,0.19390523,-1.5699972,-0.16552511,-0.30982494,-1.803639
-0.20882432,-6.6544585,0.9464999,0.022120632270313925,-0.0038329251477636616,-0.6756160766724559,0.7369117336930464,-0.04015201,-0.11602594,-0.791762,1.3201264,-0.42132822,-0.047072843,-0.018872267,0.11697766,0.23051271,0.6872149,-0.11476451,0.014788657,0.85475636,0.17080341,-1.6116489,-0.28866336,-0.22473095,-1.8402411
-0.2087122,-6.763036,0.93914986,0.0190318108520745,-0.0036209198335593012,-0.6729216884306327,0.7394599923964219,-0.054622814,-0.13407506,-0.80803543,1.0901396,-0.44011813,-0.12751338,-0.029070964,0.12110521,0.29293543,0.7317211,0.023784298,0.016235303,0.9347322,0.13668688,-1.6380118,-0.3548401,-0.16957298,-1.8630993
-0.20899451,-6.870776,0.92574507,0.017634636111872184,-0.00023200229812187496,-0.6690068472370294,0.7430469730334048,-0.054503627,-0.1446317,-0.7816193,0.8990973,-0.46242303,-0.18767878,-0.044607326,0.12685515,0.32278535,0.8313485,0.10535662,0.020227384,0.95576155,0.11144932,-1.6485158,-0.36356336,-0.14588921,-1.866109
-0.20954011,-6.9736185,0.92329043,0.014981695017173032,0.0022386599882699807,-0.6663297512193701,0.7455033198154128,-0.047151677,-0.14698613,-0.72290695,0.77691954,-0.46424153,-0.20538113,-0.05914075,0.12460326,0.31803298,0.98206425,0.12202935,0.022272073,0.9125173,0.11581676,-1.6598498,-0.3152825,-0.13651738,-1.843537
-0.21077031,-7.0785313,0.92735875,0.012194807235397995,0.002894040403718944,-0.6700476690790604,0.7422122556037127,-0.04122285,-0.13446614,-0.6333754,0.72815084,-0.43090507,-0.18857157,-0.063155055,0.11395997,0.27478492,1.1718599,0.08442405,0.022608869,0.80099356,0.15662129,-1.6796929,-0.21309225,-0.14883251,-1.7996497
-0.21262577,-7.188862,0.93165815,0.009832882130883848,0.003306658240258023,-0.6766522262948608,0.7362296822938414,-0.03858407,-0.11428055,-0.5200548,0.7402795,-0.41786155,-0.14497966,-0.055964477,0.09733167,0.18901208,1.359909,0.016453406,0.019130189,0.6195278,0.2038234,-1.6955997,-0.064266786,-0.20262322,-1.7465491
-0.21266995,-7.291567,0.9329003,0.007946306566703308,0.006761567480146254,-0.6875698423349244,0.7260432833713749,-0.033786137,-0.096193045,-0.3962882,0.774231,-0.45383754,-0.07898462,-0.029651815,0.07912079,0.053603925,1.4993739,-0.059522837,0.016630474,0.37359458,0.20553492,-1.710908,0.118393384,-0.27980697,-1.6951629
-0.21613038,-7.389626,0.9328617,0.00889365737897254,0.010630666752810077,-0.7078269020674001,0.7062499334460027,-0.024352705,-0.07892105,-0.25859383,0.79008114,-0.48977664,-0.0197891,0.008098617,0.05571186,-0.13064437,1.5722601,-0.15291888,0.014711879,0.10209516,0.14374933,-1.7444985,0.3164995,-0.33100003,-1.6501397
-0.22107086,-7.489887,0.9311449,0.006182293764027771,0.01686533981836166,-0.7320592254214074,0.6810041336379945,-0.012653533,-0.06630568,-0.10587672,0.771787,-0.4689354,-0.0012129843,0.022679592,0.048418723,-0.3429952,1.5740103,-0.26796284,0.011747751,-0.13096848,0.057256963,-1.7877699,0.5061753,-0.3649402,-1.6150631
-0.22973949,-7.587933,0.9283349,0.0024259449953879983,0.01910397804715028,-0.7501219750141589,0.6610190431557256,-0.009670416,-0.06728351,0.040119357,0.7340487,-0.37935346,0.0,0.014883459,0.06295451,-0.5371894,1.5000015,-0.36788988,0.010977011,-0.30734527,0.0049615875,-1.8254763,0.67378634,-0.42708033,-1.5992014
-0.24252425,-7.690183,0.93650526,-0.002055297077653656,0.01912262852157597,-0.7676186342830181,0.6406182428980792,-0.010724805,-0.08391768,0.15631947,0.7194128,-0.23672111,0.0,0.022085264,0.09769191,-0.6725671,1.3508041,-0.41518697,0.020723514,-0.42666385,-0.011258058,-1.8464777,0.8188602,-0.49575734,-1.5987284
-0.25326,-7.798312,0.9425897,-0.003797692276095184,0.017772584825543312,-0.7746997453115241,0.63206804805832,-0.008234542,-0.10244973,0.22943047,0.75819457,-0.082668215,0.0,0.052941643,0.12536344,-0.7399515,1.14835,-0.4204797,0.05587825,-0.49016786,-0.019487772,-1.8481432,0.9372608,-0.52750325,-1.5919757
-0.26343307,-7.9095798,0.927576,-0.0030729668546624197,0.016109123498600157,-0.7728238580884415,0.634408651725458,-0.0006654039,-0.10871823,0.26524028,0.8564111,0.028091088,0.0,0.07503781,0.13004042,-0.7504596,0.94679123,-0.4312826,0.09111372,-0.4986029,-0.028179523,-1.8295764,1.0047568,-0.52439666,-1.5749092
-0.27466562,-8.017969,0.9208608,-0.0004990460039557159,0.014196273384052743,-0.7700662590668641,0.6378057489720962,0.014277082,-0.10795994,0.26659694,1.0099162,0.07628067,0.0,0.074306734,0.12498221,-0.7184064,0.8007407,-0.43014425,0.098683834,-0.4509486,-0.03376415,-1.7866569,1.0082852,-0.51629406,-1.5443234
-0.2856876,-8.123882,0.92838055,-0.0007557419895148576,0.01009754422346635,-0.7672264434270559,0.6412963846467334,0.027200554,-0.10218929,0.2295693,1.2033013,0.071825564,0.0,0.061982267,0.11534256,-0.6482225,0.72890806,-0.39687508,0.092573136,-0.34904712,-0.03847849,-1.7197678,0.9462455,-0.5140197,-1.5088856
-0.29418144,-8.235981,0.93239456,-0.0017894619851489886,0.004458105687528438,-0.7612929075862258,0.6483903392080983,0.025406796,-0.09069915,0.14897434,1.3934008,0.04373092,0.0,0.041710448,0.10126583,-0.54883677,0.7265507,-0.35607478,0.06678494,-0.20063142,-0.039648093,-1.637788,0.8193842,-0.5008085,-1.4875321
-0.3010269,-8.337796,0.9346938,0.0011032108748070702,0.002198516498701312,-0.7527563064363002,0.6582946852066707,0.006776441,-0.06752469,0.017601347,1.5339689,0.013063926,0.0,0.021176236,0.084698305,-0.4350927,0.76199925,-0.36821637,0.0316692,-0.01998835,-0.01241507,-1.553997,0.62764126,-0.47214013,-1.5111722
-0.30751267,-8.434938,0.93992823,0.0030192292188054646,0.0014268849458387474,-0.7382252872385533,0.6745459758502981,-0.0028689988,-0.041160792,-0.17063831,1.6065692,-0.03802929,0.0,0.020094082,0.071428746,-0.30123955,0.7853689,-0.4202699,0.012573075,0.18002464,0.05955899,-1.4827256,0.38304734,-0.45835957,-1.5805019
-0.31196833,-8.531341,0.93930644,0.005934643588794301,-0.0008112411829422403,-0.7205861565592685,0.6933395364959065,-0.018063435,-0.040241167,-0.39594573,1.6064475,-0.12612015,0.0,0.013217079,0.0656505,-0.14767542,0.7719819,-0.4327372,0.009029269,0.39230096,0.14964902,-1.4372054,0.13409464,-0.42599213,-1.6569127
-0.31632882,-8.62798,0.9380597,0.008356876176585558,-0.0010996588745044219,-0.7064157505777469,0.707746946801332,-0.027553394,-0.060312092,-0.5966286,1.5297778,-0.23762201,-0.000677675,0.0009306483,0.0665591,0.0017853068,0.7237194,-0.37739033,0.007183589,0.5962512,0.23108606,-1.4275851,-0.07317937,-0.35808203,-1.7276336
-0.31695652,-8.729721,0.941754,0.013282206032988627,-0.0016883230498201032,-0.692322266826256,0.7214642135440474,-0.038097065,-0.09994312,-0.73406225,1.3752087,-0.32380468,-0.011190861,0.00021757185,0.07535042,0.1283772,0.6766028,-0.26080647,0.010813452,0.7633374,0.27512616,-1.4492782,-0.22411273,-0.2801344,-1.7923183
-0.3169829,-8.837122,0.9538602,0.015776191750249226,0.00019842288978469635,-0.6895011883471583,0.7241126871351397,-0.06040381,-0.1311787,-0.8009344,1.1624616,-0.36861163,-0.045482352,-0.0030898694,0.08134798,0.22045012,0.6708477,-0.10929093,0.013076648,0.88653594,0.28491634,-1.4702129,-0.3173954,-0.22263119,-1.8458517
-0.31878552,-8.9432125,0.9450606,0.013714065892789158,0.00093094222963463,-0.6889472231730087,0.7246811584589831,-0.068875626,-0.14392301,-0.80719197,0.9441023,-0.40218395,-0.07568431,-0.013197718,0.08869383,0.279629,0.7220525,0.032589447,0.012700152,0.95513606,0.28336722,-1.4811517,-0.3527541,-0.20870453,-1.8827533
-0.320623,-9.049649,0.93610644,0.011929876062190124,0.00629057929634284,-0.6857840810087598,0.7276800814260537,-0.056096926,-0.15215984,-0.77142596,0.7722592,-0.43565696,-0.06278631,-0.031678513,0.097195074,0.3090595,0.8283967,0.12517937,0.01374295,0.9593841,0.2990828,-1.4868419,-0.32976487,-0.23068777,-1.8952705
-0.32141265,-9.1517105,0.9354764,0.00920664354728314,0.008047150302219183,-0.6863449942302873,0.7271733149543056,-0.035229012,-0.15212874,-0.70773435,0.666855,-0.45095494,-0.026961088,-0.04658214,0.09412067,0.3063964,0.9854137,0.15888114,0.013395295,0.8965606,0.3381718,-1.475396,-0.25113285,-0.25575855,-1.8769531
-0.32184634,-9.25552,0.9366091,0.006068475308845863,0.00886213548152951,-0.6908446277754837,0.7229234651302213,-0.01792056,-0.13820156,-0.62229323,0.63282144,-0.42581746,-0.005267054,-0.04768058,0.084394544,0.26831707,1.1782434,0.14149606,0.009929106,0.76721203,0.37037522,-1.4521431,-0.123864256,-0.28031093,-1.8279808
-0.3206831,-9.363918,0.9392013,0.002939716584002396,0.009449304433453367,-0.6994016178538387,0.7146603708444751,-0.007389307,-0.119395405,-0.52385426,0.6624895,-0.3970241,-0.00029212236,-0.039957292,0.0765519,0.1894244,1.3661951,0.08610329,0.007615879,0.5726196,0.3552206,-1.4372121,0.039223682,-0.32074273,-1.7529619
-0.32190806,-9.46558,0.94027257,0.0034724699748707147,0.012087955238949288,-0.7055813652131333,0.7085172971455149,-0.0018202066,-0.105305254,-0.42167994,0.7202797,-0.42101339,0.0,-0.022221541,0.07695147,0.062346816,1.5083532,0.010128573,0.01047907,0.3217236,0.27297735,-1.4505161,0.21823107,-0.3630841,-1.6601622
-0.32531536,-9.56233,0.94201565,0.006611483294441673,0.015346064282340716,-0.7146660729394164,0.6992661802125443,-0.0070199706,-0.092796616,-0.30612484,0.75793266,-0.47857606,0.0,0.00560872,0.06858625,-0.11386076,1.5863078,-0.089579955,0.0120801665,0.0546469,0.13869984,-1.4952449,0.39456737,-0.3798445,-1.5636559
-0.32872903,-9.660375,0.93833506,0.007146754847771151,0.02171321769796853,-0.7324533703759327,0.6804333327353116,-0.014107337,-0.08483877,-0.16864884,0.754773,-0.49149448,0.0,0.017666787,0.059992157,-0.32263386,1.5945907,-0.21576785,0.0103272125,-0.17565714,0.01956429,-1.5582646,0.5604714,-0.39027834,-1.486384
-0.3316971,-9.756539,0.93316567,0.005961165169230093,0.023778839139484788,-0.7486474068227087,0.6625149746055838,-0.007977102,-0.086251244,-0.022854343,0.71798813,-0.43404377,0.0,0.016318066,0.06773734,-0.5225517,1.52865,-0.3362066,0.00977163,-0.35720837,-0.03819249,-1.6316154,0.70732903,-0.42015684,-1.4489495
-0.3388866,-9.853557,0.9293812,0.004232403123654509,0.023964732704689427,-0.7615317418785054,0.6476705832919086,-0.002949208,-0.095146134,0.10764667,0.68285006,-0.31220683,0.0,0.018944077,0.09462392,-0.66790414,1.3867004,-0.4079171,0.014473502,-0.4895134,-0.04579948,-1.7053448,0.83102936,-0.4656581,-1.4570374
-0.3492057,-9.958266,0.9384111,0.0020024210978004187,0.023535439301581276,-0.769420987187093,0.6383051134705627,-0.003452707,-0.11155939,0.20261474,0.6895108,-0.15623304,0.0,0.03957691,0.13035022,-0.74506855,1.1852399,-0.43030107,0.039360642,-0.5696972,-0.04363886,-1.7662733,0.94050354,-0.49926093,-1.4939994
-0.35961306,-10.066785,0.93298554,0.001452202294069942,0.0235229919931897,-0.7688702446096449,0.6389703490069709,-0.0014723875,-0.119733155,0.2602866,0.75353295,-0.02505067,0.0,0.06626972,0.14332816,-0.7633195,0.9740934,-0.4431176,0.08044633,-0.5953809,-0.04403833,-1.803914,1.0245906,-0.4978297,-1.531942
-0.36892805,-10.175206,0.92509776,0.0053375224483321005,0.022698552819356937,-0.7664708951070176,0.6418556329174557,0.009680323,-0.12218675,0.28543544,0.8746064,0.047639526,0.0,0.075586654,0.14220047,-0.73973095,0.80640435,-0.44605827,0.09766917,-0.5638224,-0.040848017,-1.8101974,1.0541155,-0.48307738,-1.5616715
-0.3775553,-10.279485,0.92613864,0.007891405686086463,0.020273869805863053,-0.7631621489155967,0.6458407159524095,0.022559237,-0.11514741,0.27776384,1.0497066,0.05837888,0.0,0.07043196,0.13502575,-0.6804692,0.706281,-0.4209379,0.09663518,-0.47500312,-0.035826676,-1.7828094,1.0196245,-0.47348684,-1.580116
-0.38642782,-10.385289,0.9360616,0.008908386124348917,0.01598848404170418,-0.761155199596023,0.6483114769635397,0.032421146,-0.10373916,0.2340528,1.2618003,0.029449288,0.0,0.055712268,0.12173493,-0.58918524,0.67760664,-0.37158632,0.08542296,-0.33451688,-0.034396514,-1.7304109,0.9210296,-0.46432757,-1.5906311
-0.39316413,-10.494641,0.9400518,0.009773981718044241,0.010970174361143647,-0.7574806554397834,0.6526922561133827,0.027589817,-0.08548186,0.14554384,1.4597021,-0.0041401284,0.0,0.029066056,0.10495809,-0.47608012,0.70070225,-0.3468127,0.058149792,-0.15660691,-0.03238509,-1.6712433,0.75682825,-0.450367,-1.6152486
-0.3999522,-10.596769,0.94814277,0.012161766783862889,0.009813535849592344,-0.7489725352298914,0.6624167324382233,0.003673222,-0.05718533,0.005848954,1.6032254,-0.047466405,0.0,0.007772211,0.088094205,-0.3484139,0.72553754,-0.36941728,0.028140586,0.039961997,-0.0074070524,-1.6223643,0.52618444,-0.45568797,-1.6774883
-0.40584755,-10.6956005,0.9486874,0.013938879490721638,0.007367563485989064,-0.7342056339859842,0.678744070817611,-0.0015720502,-0.03774973,-0.18739301,1.6787874,-0.12090919,0.0,0.01160141,0.07611039,-0.20072381,0.72611654,-0.38901964,0.016132753,0.24277467,0.04975948,-1.591741,0.25418514,-0.46349823,-1.7498176
-0.40910262,-10.793929,0.9432934,0.014346340591169588,0.004141438365434204,-0.7161378114396595,0.6977991588031058,-0.0074076056,-0.037514627,-0.41058832,1.6820982,-0.22464016,-0.00054705143,0.009810562,0.07552999,-0.040942784,0.6922103,-0.35350102,0.010238223,0.44062206,0.12452573,-1.5811911,0.008653811,-0.4393976,-1.8120823
-0.4111197,-10.892816,0.9400241,0.015250548011784144,0.0022466668902720336,-0.6993351730060782,0.7146276576440231,-0.011427322,-0.06356679,-0.6030677,1.6088953,-0.33128327,-0.010207385,-0.0006441828,0.08284694,0.10372394,0.635473,-0.25025058,0.004852429,0.6310588,0.2076719,-1.5850301,-0.18404657,-0.39311662,-1.8659718
-0.40982884,-10.998852,0.949885,0.017157977719909765,-0.0009765848616847385,-0.6843084955470706,0.7289900774391073,-0.031919234,-0.10783404,-0.73038363,1.4563352,-0.3968675,-0.05658795,-0.008382106,0.09600671,0.21609384,0.6068348,-0.09215151,0.009575091,0.7949988,0.25162807,-1.6037681,-0.32201502,-0.35952792,-1.9115794
-0.41066644,-11.107012,0.96014774,0.015993503903449745,-0.003797771443687474,-0.6750455018607918,0.7375929468090537,-0.063088864,-0.14166422,-0.787965,1.2385154,-0.42207295,-0.14904949,-0.013240257,0.10696459,0.2889758,0.6322764,0.079795256,0.013787914,0.9113267,0.24310195,-1.6399895,-0.4059681,-0.35156026,-1.9466418
-0.41061682,-11.214378,0.94407845,0.015181801125386795,-0.0004920458954487351,-0.6700157386203024,0.742191471795868,-0.0737534,-0.1580413,-0.78802353,1.0067973,-0.4452217,-0.23251495,-0.02680829,0.12050058,0.33115807,0.7151887,0.21728562,0.018036008,0.9739447,0.20506148,-1.6739306,-0.43602148,-0.3669594,-1.968195
-0.40948302,-11.320314,0.9329468,0.012682732489597538,0.0038797413010670614,-0.6663752727904234,0.7454985524583685,-0.060886286,-0.16747773,-0.7501377,0.82044554,-0.4677361,-0.262,-0.049691528,0.13206597,0.34450382,0.8525879,0.29941288,0.02295348,0.97705954,0.1653169,-1.7009919,-0.41053665,-0.3935043,-1.9694088
-0.4074618,-11.423385,0.9344048,0.009480149961168279,0.006842764644055343,-0.6663998821853513,0.7455028506666421,-0.04261697,-0.16375072,-0.6824568,0.7041671,-0.46318626,-0.24562684,-0.06594659,0.1307762,0.32508364,1.0382199,0.33152512,0.025812015,0.91808534,0.14980592,-1.7108059,-0.33004284,-0.40890405,-1.9457499
-0.40725288,-11.532833,0.9405574,0.006114929902737168,0.007278878437040342,-0.6753424416284226,0.7374430229491251,-0.033140227,-0.14426126,-0.5897261,0.6613265,-0.42044377,-0.1966086,-0.06839122,0.12026511,0.2724209,1.2484033,0.3292917,0.02554623,0.7976652,0.16307878,-1.7035728,-0.19946063,-0.40622982,-1.8991172
-0.40891948,-11.642116,0.93901175,0.002143448798486586,0.00843050787087479,-0.6870587808566175,0.7265497669204126,-0.024832148,-0.12183681,-0.48182604,0.67779535,-0.38799113,-0.12277295,-0.055127896,0.10591455,0.17636788,1.435527,0.29469597,0.023241237,0.6120563,0.17732175,-1.6929922,-0.029126698,-0.3983045,-1.833576
-0.41192275,-11.741923,0.9420721,0.002957641309903014,0.012004365106228957,-0.7013391368743992,0.7127205361602478,-0.0118723735,-0.10555673,-0.36813486,0.71028006,-0.40400237,-0.045378953,-0.025227653,0.09449448,0.028333409,1.5660356,0.21869303,0.021820057,0.36643487,0.1437047,-1.6968853,0.16248548,-0.38500312,-1.7545491
-0.4143885,-11.8394,0.94458675,0.005605302910662378,0.016937383182802152,-0.7193195881979901,0.694450167877345,-0.014222909,-0.09481943,-0.23662181,0.7239356,-0.42907903,-0.007743567,0.007913413,0.07882331,-0.1689136,1.6294101,0.096621975,0.018939432,0.09704267,0.06841079,-1.7202622,0.35460904,-0.35846028,-1.6725128
-0.4170135,-11.937651,0.94070077,0.002619328731073528,0.021332148081015617,-0.7394084656574528,0.6729139614314298,-0.01607986,-0.090959415,-0.08708764,0.7020203,-0.40197712,-0.0004017949,0.018029986,0.075172976,-0.38793188,1.6216768,-0.065156415,0.0140648335,-0.1428084,0.0123559665,-1.7564906,0.54038787,-0.3620019,-1.6064547
-0.4231943,-12.03416,0.9345158,-0.00109575996020161,0.021266759460849733,-0.7555674873142187,0.6547245958155398,-0.00933427,-0.097113535,0.058959477,0.6504,-0.30555117,0.0,0.013314777,0.09581533,-0.57395124,1.5384841,-0.23076245,0.012451246,-0.34140998,-0.009896017,-1.8070499,0.71124315,-0.40676534,-1.5719845
-0.4335973,-12.133721,0.9370981,-0.004620261183946811,0.021116825660570514,-0.7694652492286568,0.6383227734384026,-0.005069047,-0.109606445,0.18522018,0.6028453,-0.15197839,0.0,0.018842496,0.1327642,-0.6952523,1.3810278,-0.3433052,0.018284883,-0.49746257,-0.011167594,-1.8672034,0.87205034,-0.45364305,-1.5661993
-0.44159362,-12.242008,0.94141966,-0.007666539248695679,0.01971689555790531,-0.7754026907041153,0.6311126170932768,-0.00027436763,-0.12583625,0.2789899,0.59615684,0.01423942,0.0,0.042933818,0.16373864,-0.74994797,1.1706201,-0.3988007,0.04599861,-0.60794955,-0.009285912,-1.9272139,1.0145619,-0.4606656,-1.569136
-0.4507858,-12.354285,0.925179,-0.005634077211761147,0.017407298008350603,-0.7674763337894036,0.6408161360508929,0.0025879964,-0.12732197,0.34475547,0.64346254,0.13828295,0.0,0.06688246,0.16763337,-0.7527795,0.9568134,-0.4359495,0.086209595,-0.66915375,-0.011927158,-1.9774492,1.1145616,-0.4343301,-1.5679756
-0.45865753,-12.464634,0.91452,-0.0036130350907880547,0.013974537358383604,-0.763621950012367,0.6455022662565655,0.013610717,-0.12697092,0.38701904,0.7397137,0.19890085,0.0,0.071079545,0.16082357,-0.72174174,0.7917716,-0.44645134,0.0989172,-0.6756466,-0.009207812,-2.0088892,1.1554551,-0.41475207,-1.5758188
-0.46488723,-12.569435,0.91596055,-0.004642014469077188,0.00834973340143755,-0.7624374503862845,0.6469913970851976,0.02409954,-0.12160896,0.39968765,0.87038386,0.1952347,0.0,0.06141088,0.15246437,-0.66275793,0.697456,-0.41563573,0.09384464,-0.62637585,0.00041626365,-2.0174148,1.134269,-0.4216295,-1.58993
-0.4699836,-12.672226,0.92320734,-0.008856193591509002,0.00312007235341273,-0.7616648258008292,0.6479031765019924,0.028002407,-0.10804255,0.37758237,1.01601,0.13480203,0.0,0.04466018,0.14395198,-0.57812893,0.6752433,-0.3550351,0.079524234,-0.5257864,0.007662585,-2.0042422,1.0520645,-0.44666573,-1.6034657
-0.47608146,-12.775473,0.93517846,-0.012352671250509116,-0.002681688805317641,-0.7621661370265155,0.6472580626212446,0.02685922,-0.09044251,0.31489092,1.1531696,0.029877216,0.0,0.018659785,0.13411967,-0.4685559,0.7062269,-0.31660813,0.0554288,-0.38303986,0.008490886,-1.9734547,0.9100753,-0.46201852,-1.6270207
-0.48329452,-12.88022,0.9486961,-0.012588639358120868,-0.007483682798914982,-0.7604486049149921,0.649232962759685,0.015958201,-0.0676917,0.20599326,1.2603014,-0.09891223,0.0,-0.0033831354,0.11493002,-0.33467245,0.73736286,-0.3341319,0.041326687,-0.21638814,0.005662084,-1.9331799,0.7178366,-0.44425297,-1.6678548
-0.48694164,-12.979398,0.95276517,-0.012481585293246335,-0.010016458591160644,-0.7504608207967315,0.6607211492263246,-0.0031125993,-0.043492183,0.053503618,1.3196847,-0.219304,0.0,-0.011380283,0.090341516,-0.1845386,0.7339583,-0.37269127,0.03140226,-0.051729098,0.0057714134,-1.8976151,0.4973478,-0.4122142,-1.744937
-0.48630103,-13.070323,0.9470179,-0.012521395924291339,-0.014904548540823888,-0.7321845629149125,0.6808280509100664,-0.013128731,-0.027405262,-0.12882444,1.3180896,-0.31078726,0.0,-0.008519778,0.07120053,-0.03176579,0.69973516,-0.36429197,0.015637673,0.09699376,0.018927826,-1.8822013,0.27210176,-0.40560442,-1.8509389
-0.48375383,-13.15831,0.94071865,-0.011542355199721405,-0.018101290015346747,-0.7149716232268799,0.6988237941831577,0.0006666742,-0.033200487,-0.30814868,1.2473203,-0.36350092,-0.0004772842,0.0031489711,0.067000136,0.10490261,0.6503136,-0.28953016,0.0065150037,0.2452061,0.0682015,-1.8885295,0.093574256,-0.4280924,-1.9669676
-0.48327893,-13.249516,0.9420559,-0.012878517853951272,-0.018623687379021803,-0.7070568353705579,0.7067941239159148,0.009394903,-0.059806507,-0.4440659,1.1033877,-0.3678641,-0.0077771842,0.0039646663,0.07322892,0.21532178,0.6123637,-0.16129611,0.0064781457,0.42218697,0.15519197,-1.9063889,-0.01912543,-0.45843932,-2.0745354
-0.4845229,-13.346619,0.94222796,-0.015160814675076757,-0.020117608138692924,-0.7039992889207717,0.7097537831813323,-0.0059224144,-0.08327579,-0.532346,0.908859,-0.34154785,-0.030248776,0.003132848,0.07397702,0.30267987,0.61740506,-0.019797351,0.009918448,0.62318826,0.21087004,-1.9447755,-0.08017599,-0.45213223,-2.1477742
-0.48383322,-13.443469,0.9305744,-0.022837329652457293,-0.021706879255445493,-0.7080479023531179,0.7054611511208,-0.023750367,-0.09200291,-0.58582723,0.7291071,-0.3405644,-0.045635685,0.0074157026,0.06633806,0.37535194,0.6744601,0.08339188,0.012629222,0.7923543,0.20575736,-2.000705,-0.12909393,-0.40163404,-2.1752024
-0.4809318,-13.538432,0.91954136,-0.0317279901853977,-0.023028978081739582,-0.7110192811014223,0.7020787581954909,-0.028411578,-0.09098038,-0.6176433,0.6023494,-0.35350916,-0.032734618,0.012654369,0.05328633,0.4336156,0.7766427,0.12711851,0.009846743,0.9017444,0.17203663,-2.0398037,-0.17604627,-0.35352594,-2.1797674
-0.47946584,-13.63546,0.91205925,-0.0382471813648352,-0.024434708015157434,-0.7130790293291922,0.6996130331067285,-0.023157792,-0.08747809,-0.6314804,0.54164493,-0.31910062,-0.014176056,0.015556086,0.036823016,0.4710279,0.91305363,0.11873633,0.0030275807,0.94711226,0.16111735,-2.0368054,-0.20829082,-0.32901567,-2.18
-0.4784222,-13.735159,0.90670836,-0.04453653210491468,-0.025003417816896058,-0.715217122329342,0.6970335675794076,-0.01074928,-0.08356862,-0.6250593,0.5497043,-0.23712695,-0.003133297,0.015379321,0.018500887,0.47571054,1.0741746,0.083361074,-0.00049800426,0.9280559,0.19422188,-1.9837971,-0.1996818,-0.31006917,-2.1791842
-0.4774897,-13.833987,0.9052656,-0.048929766761621564,-0.02657772833630492,-0.7196448622202241,0.6921060428584407,-0.012178153,-0.074251905,-0.5953851,0.6241531,-0.17204146,-0.00018489361,0.016394842,0.0012603439,0.43806323,1.2428757,0.035431642,-0.0018675029,0.8447545,0.25848964,-1.8877641,-0.1408184,-0.2842534,-2.1659214
-0.47805852,-13.924972,0.90975875,-0.05307559791529756,-0.02914738776872877,-0.7246843750664905,0.6864153022964182,-0.011761339,-0.06896362,-0.5455896,0.7402862,-0.17026767,0.0,0.010352996,-0.0028103665,0.3562167,1.3907824,-0.028130773,-0.0018318817,0.6982507,0.30974004,-1.7697866,-0.03507097,-0.27260363,-2.113352
-0.480316,-14.002279,0.91797507,-0.05619976608447908,-0.03103276582149025,-0.7292168906877521,0.6812644714596567,-0.004356619,-0.06703896,-0.4718517,0.8425462,-0.2330926,0.0,0.010888673,0.0048736166,0.22855051,1.4930575,-0.10944021,0.00063014776,0.4983846,0.30566585,-1.6617332,0.10778687,-0.27240407,-2.015789
-0.48301688,-14.070405,0.9228098,-0.05987766099662479,-0.03428861274827039,-0.7398250352831592,0.6692517268693781,-0.00032590702,-0.065130726,-0.3814735,0.90790427,-0.32771918,0.0,0.020615844,0.014125726,0.06314851,1.5358889,-0.201807,0.0028678775,0.27787995,0.2311489,-1.5973419,0.25141788,-0.2544682,-1.8870257
-0.48611242,-14.134128,0.9252944,-0.06375033921908663,-0.036565950169709614,-0.7503903990282055,0.6568965478550852,-0.001183439,-0.06404733,-0.27967173,0.9328465,-0.40293777,0.0,0.03075945,0.025100477,-0.117887385,1.5124054,-0.2835486,0.004825279,0.079411924,0.1107877,-1.5742388,0.34590667,-0.23169878,-1.7580286
-0.4896507,-14.19447,0.9293419,-0.06890649507567252,-0.03662066455414827,-0.7602743415494229,0.6448982458074998,-0.0010430515,-0.06742023,-0.17029086,0.9185153,-0.4365593,0.0,0.038082175,0.04700936,-0.28221995,1.4176391,-0.3274427,0.008516919,-0.08574422,0.015101136,-1.5750914,0.3973878,-0.2511304,-1.6590403
-0.4925136,-14.254296,0.9349582,-0.07114285150960853,-0.03850321885773547,-0.7639442798369863,0.6401916385903705,0.004406769,-0.07943103,-0.06424491,0.8798692,-0.43476593,0.0,0.0454837,0.07439278,-0.40012577,1.2513238,-0.3351575,0.030396044,-0.22132552,-0.030941831,-1.5935682,0.45823652,-0.29861835,-1.6035194
-0.4971636,-14.318207,0.9338974,-0.07034407473380945,-0.04200443944325798,-0.7660277315466464,0.6375647831541521,0.012856957,-0.09392755,0.031260937,0.8540275,-0.41769102,0.0,0.06189736,0.095924914,-0.46684644,1.0377209,-0.34133148,0.07892277,-0.33387625,-0.041759044,-1.6263676,0.5401271,-0.34944987,-1.5978563
-0.50126225,-14.383236,0.9259204,-0.06813267441518826,-0.0459175900519286,-0.7691948027060461,0.6337103984399055,0.024589162,-0.106535286,0.10877596,0.864886,-0.39039594,0.0,0.06611073,0.11312489,-0.5019765,0.8357898,-0.35563895,0.10160683,-0.42717928,-0.03952668,-1.6645285,0.62883466,-0.41420332,-1.6396745
-0.50432485,-14.446226,0.9197304,-0.06733752883780521,-0.04885774960982798,-0.7683960645835048,0.6345439822783472,0.03250267,-0.116176724,0.16347401,0.9098666,-0.3466398,0.0,0.062269516,0.12954827,-0.52095544,0.68609315,-0.36547,0.09789324,-0.5013765,-0.034887157,-1.6945884,0.7145438,-0.48118007,-1.7006838
-0.5085771,-14.506324,0.9136394,-0.06536529124462329,-0.05133066811935752,-0.7644603555160375,0.6392909400697145,0.032544013,-0.11760725,0.1976765,0.9831784,-0.28804234,-0.00036635995,0.056861326,0.13949512,-0.5297657,0.60242635,-0.34047922,0.0897559,-0.5536356,-0.03197922,-1.7037067,0.77723724,-0.5427388,-1.7351458
-0.512804,-14.56385,0.9044044,-0.06507452536632252,-0.05421081330838902,-0.7578212648059605,0.6469415927861534,0.02466442,-0.11127816,0.21279079,1.0776701,-0.22165728,-0.0072140396,0.052078553,0.14050566,-0.5299606,0.58759636,-0.26272234,0.085072406,-0.5776158,-0.033574283,-1.6808213,0.7974353,-0.60602504,-1.7205731
-0.5148247,-14.616513,0.8965555,-0.06566146420576711,-0.05634040485289562,-0.7503246181954679,0.6553833215982781,0.009516202,-0.101910636,0.20756257,1.1835403,-0.15961482,-0.04376039,0.044004582,0.14028998,-0.5234894,0.63715816,-0.15834649,0.07065355,-0.5658895,-0.041563652,-1.6175463,0.7584051,-0.6635323,-1.6494877
-0.51602733,-14.66359,0.89766806,-0.06865122540467804,-0.058415047665326694,-0.7452304005963853,0.6606862655479109,-0.008216351,-0.0944594,0.17546913,1.2897434,-0.13240781,-0.11936936,0.03192298,0.14116341,-0.51050276,0.7261408,-0.10163708,0.053008955,-0.5156203,-0.056644466,-1.5107163,0.6597906,-0.6867784,-1.5206214
-0.5188351,-14.708437,0.9045309,-0.06792315604106502,-0.05971460326791005,-0.7404091563586337,0.6660442119035894,-0.025997777,-0.08224282,0.11116184,1.3835286,-0.15754008,-0.17884257,0.014934096,0.13364846,-0.4830622,0.80725974,-0.11229479,0.035441134,-0.4333153,-0.072469,-1.3648176,0.5356646,-0.6594353,-1.3469347
-0.52221817,-14.749065,0.9139839,-0.06569371889512891,-0.06113299184330027,-0.7323342079315055,0.6750064447835659,-0.042573757,-0.061759155,0.020794535,1.4576923,-0.21536702,-0.18402484,0.0019159243,0.119745836,-0.43753934,0.85063404,-0.16268088,0.022399183,-0.33474293,-0.07311717,-1.1924802,0.41963205,-0.6042056,-1.1673577
-0.5226723,-14.782946,0.9240986,-0.06433672529237974,-0.06496057547334197,-0.7173444321023931,0.6906937636496513,-0.05619755,-0.036632366,-0.08430643,1.500956,-0.28167364,-0.14712317,-0.0038333312,0.10214554,-0.38237444,0.8550191,-0.20817962,0.013789296,-0.23726963,-0.04538954,-1.0113782,0.32198298,-0.549216,-1.0011423
-0.51982754,-14.809466,0.93394995,-0.06143245142721822,-0.06726166036664391,-0.6986764109392772,0.7096148221065953,-0.061088346,-0.015236393,-0.18642987,1.501175,-0.34151107,-0.10790305,-0.0017872248,0.083097056,-0.3241709,0.83096725,-0.23224553,0.0056058615,-0.14884128,0.011675749,-0.83783615,0.25176224,-0.50754076,-0.856559
-0.5156841,-14.831579,0.9454425,-0.059495910560329525,-0.06950988227712575,-0.6798841557186837,0.7275892712891732,-0.05175952,-0.0024797395,-0.26700193,1.4537861,-0.38371772,-0.084251866,0.009700055,0.06735335,-0.26464438,0.7887566,-0.23745891,-0.0003222376,-0.068416975,0.0936052,-0.6880954,0.20765461,-0.48215508,-0.73959774
-0.5127066,-14.85215,0.95893455,-0.05654437691812191,-0.07125013058029388,-0.6678530504659046,0.7387140551760325,-0.037358765,0.0053019226,-0.31469744,1.3632611,-0.40768135,-0.06983021,0.020316055,0.057083525,-0.20590876,0.7325456,-0.22637656,-0.002958998,0.012863664,0.1973288,-0.5708194,0.17586496,-0.47287562,-0.6497702
-0.5104754,-14.873056,0.973044,-0.052593045571041025,-0.07135829414749441,-0.6611358810346194,0.7450109477198973,-0.02620171,0.008143399,-0.33100778,1.2387896,-0.41886747,-0.05858612,0.022838308,0.04928738,-0.15005063,0.66564274,-0.1994766,-0.0036038086,0.10270859,0.2936836,-0.48863968,0.15288831,-0.4750155,-0.5871317
-0.5077915,-14.8933115,0.9845774,-0.04856153760238217,-0.06995035451453006,-0.6591515612978488,0.7471733026598263,-0.018277029,0.007131245,-0.3220905,1.0924861,-0.41715258,-0.04876332,0.021066474,0.040269632,-0.10022176,0.594523,-0.15680052,-0.0035814866,0.20101804,0.3746672,-0.4402617,0.13872765,-0.481519,-0.55038756
-0.50466996,-14.912285,0.989938,-0.04545282474799088,-0.06851995292123292,-0.6601739861899282,0.7465985298218856,-0.014102759,0.0056178607,-0.29363716,0.93720806,-0.3981684,-0.037343323,0.018013738,0.029013492,-0.060423795,0.5319322,-0.113678105,-0.0026345178,0.3040777,0.44578567,-0.420023,0.13092478,-0.48822713,-0.5320289
-0.50027466,-14.931367,0.9897905,-0.044094322339247184,-0.06605317918440459,-0.6631538352802545,0.7442577906949746,-0.012193071,0.004957311,-0.25264046,0.7864631,-0.35611317,-0.022191852,0.01606176,0.020126756,-0.028810691,0.49520516,-0.10851154,-0.00089254975,0.40877357,0.49247152,-0.4158969,0.12755808,-0.49381784,-0.5192726
-0.4946204,-14.950203,0.9881537,-0.041664304212331346,-0.06407338374881377,-0.6693525571559972,0.7390032756884146,-0.004391726,0.0026268736,-0.20598906,0.6539948,-0.29388615,-0.0067563355,0.01386573,0.019149113,0.001252136,0.49049944,-0.16286938,-0.0019856766,0.49946615,0.51993734,-0.408851,0.12575266,-0.49811837,-0.50518143
-0.48825055,-14.968595,0.9859372,-0.03909080700495826,-0.062153949938006894,-0.6774845174470259,0.7318630499857028,0.007251151,-0.0014453232,-0.15915537,0.5513743,-0.24380973,-0.000762254,0.010801788,0.023808818,0.030737065,0.5030958,-0.25519907,-0.0031064525,0.56933004,0.5295232,-0.39610842,0.12903337,-0.50086045,-0.48821086
-0.48261353,-14.985491,0.981805,-0.0381873181798022,-0.06011907956242232,-0.6823526999982632,0.7275453372868813,0.015719648,-0.005968014,-0.11442418,0.4860654,-0.2347763,-2.7865171e-05,0.010911915,0.023225026,0.05734344,0.5058656,-0.3218494,-0.00216607,0.60595834,0.52669084,-0.38307282,0.14250788,-0.50255,-0.46869794
-0.47783524,-15.000194,0.97614574,-0.039050379883109616,-0.057530308533092815,-0.6850936857094616,0.7251289355915245,0.019107811,-0.010526221,-0.07442675,0.45136216,-0.2508093,0.0,0.013939638,0.01583539,0.083395176,0.489493,-0.34063587,-0.0008056089,0.6066216,0.51563,-0.36771306,0.16636932,-0.5050101,-0.4492358
-0.47253448,-15.012199,0.97305316,-0.03923118663256705,-0.05546561465685895,-0.6846331140547973,0.7257148053648682,0.01921422,-0.014914688,-0.042071342,0.42792284,-0.26249167,0.0,0.0138781965,0.009263791,0.11030365,0.4642999,-0.3296101,0.00030006468,0.58022535,0.4934732,-0.34798715,0.19926558,-0.5075711,-0.43662953
-0.46687758,-15.023704,0.9746857,-0.03996755406376702,-0.05408559665316275,-0.6838812756810752,0.7264872632260365,0.017925978,-0.018928558,-0.017273169,0.40500417,-0.26187384,0.0,0.012751638,0.005018264,0.13420159,0.43907312,-0.31483576,0.00011588633,0.5373811,0.45941457,-0.3243844,0.2411193,-0.50466853,-0.43700156
-0.46059057,-15.034507,0.9782802,-0.04013219690219501,-0.053240472703804845,-0.683936766050721,0.7264883749119185,0.014007315,-0.022178011,0.0021352367,0.384242,-0.25387987,0.0,0.013172553,0.00178794,0.15314664,0.41827703,-0.30287117,-0.0014321357,0.4844648,0.42039555,-0.29578477,0.2872209,-0.4941067,-0.45233995
-0.45457888,-15.043171,0.98074615,-0.040116653822946345,-0.05237370826324123,-0.6839760239798607,0.7265152767764128,0.009306923,-0.025412718,0.017751422,0.36969763,-0.24621305,0.0,0.015447642,-0.0014848169,0.16802196,0.4036177,-0.2930742,-0.0030204728,0.42500672,0.38245815,-0.2649114,0.33282122,-0.4784769,-0.47672766
-0.449589,-15.049726,0.9813686,-0.04030084041771453,-0.05105059810961049,-0.6839451850492925,0.7266282836101043,0.0054306686,-0.02896897,0.030168617,0.3621699,-0.24317136,0.0,0.01881494,-0.0052424185,0.17953984,0.39444777,-0.2874589,-0.0037468672,0.36425906,0.34820044,-0.23926143,0.37594956,-0.45960355,-0.49887133
-0.4450461,-15.055133,0.98118883,-0.040304544497480665,-0.0501513721424175,-0.6849702337058325,0.7257245775788915,0.001814872,-0.031982623,0.03934005,0.35961634,-0.24521436,0.0,0.022278098,-0.009736132,0.18851228,0.38861766,-0.2870536,-0.003981523,0.30868977,0.31744722,-0.22600931,0.41026118,-0.43707165,-0.5130179
-0.440476,-15.059566,0.9812858,-0.03999665629821372,-0.04914996184560823,-0.6867426135887966,0.7241333657668085,-0.0007934272,-0.034772523,0.04585778,0.3596129,-0.2514695,0.0,0.024994737,-0.014535066,0.19551414,0.3830562,-0.28986335,-0.0041576847,0.2602759,0.2882398,-0.22497368,0.4296552,-0.410504,-0.519824
-0.43554914,-15.063059,0.9817844,-0.040164290934138126,-0.047358944085776004,-0.6890062417856878,0.7220902706235561,-0.0017268322,-0.03777782,0.050110407,0.36046356,-0.25941554,0.0,0.026223015,-0.018763788,0.20082797,0.3758263,-0.2927331,-0.0043300763,0.21471514,0.26369116,-0.22940516,0.43476722,-0.38314196,-0.52408874
-0.43133157,-15.065328,0.9821617,-0.04032772347667097,-0.04507370838718942,-0.6897077388502005,0.7215575309714114,-0.001482904,-0.040895153,0.052160446,0.3616321,-0.26661208,0.0,0.026807744,-0.022515185,0.20478985,0.36804053,-0.2941363,-0.0043278113,0.16510014,0.25474393,-0.23927437,0.43261394,-0.36122915,-0.5310467
-0.4281962,-15.066625,0.98145604,-0.04064645512825504,-0.042563107841970496,-0.6902880261690402,0.7211370802170626,-0.00016196072,-0.04275901,0.05205026,0.3630918,-0.27278742,0.0,0.027486224,-0.025642674,0.2066982,0.36148286,-0.29432562,-0.0038364232,0.11358784,0.2571506,-0.2523582,0.42827177,-0.34899592,-0.54305863
-0.4259134,-15.067969,0.98053724,-0.040453010930596195,-0.039606101321211465,-0.6918623808714419,0.7198064716155884,0.0008510873,-0.043076374,0.05020803,0.3646667,-0.27961433,0.0,0.027540775,-0.02741291,0.20573168,0.35697505,-0.29469022,-0.0030926764,0.065851904,0.26664507,-0.26377633,0.42386517,-0.3493878,-0.5617659
-0.4243299,-15.069261,0.97993433,-0.03957734500192125,-0.03686244054341564,-0.6933793559027814,0.7185400914685457,0.0021937191,-0.04250251,0.047312267,0.36576164,-0.28639668,0.0,0.02679283,-0.028121483,0.202274,0.35492742,-0.2965504,-0.0025130138,0.02443958,0.28185722,-0.2699765,0.4202346,-0.3630235,-0.587441
-0.42292216,-15.0698,0.97972393,-0.03859213321713092,-0.0347324080419749,-0.6945740767885487,0.7175452312841974,0.0049924143,-0.041784734,0.04396303,0.36536008,-0.29204234,0.0,0.025891043,-0.028662689,0.19719678,0.35491565,-0.29952368,-0.0022304729,-0.010728159,0.3008916,-0.26989684,0.4116841,-0.38333002,-0.61320096
-0.42110384,-15.0691595,0.9799731,-0.037849587727613224,-0.033018755860416964,-0.6953781632980521,0.7168865882958806,0.008527733,-0.041044008,0.040561836,0.36285734,-0.29656243,0.0,0.025232155,-0.029119242,0.1908695,0.35541135,-0.30221915,-0.0018901154,-0.040092893,0.32191747,-0.26550037,0.39276487,-0.4038721,-0.631227
-0.4193395,-15.06765,0.9803387,-0.0373436474525992,-0.03128518831680726,-0.696800584816435,0.7156085759592266,0.010579061,-0.040527456,0.037429098,0.35856748,-0.3008146,0.0,0.025178306,-0.029599145,0.18406974,0.35502937,-0.30405563,-0.0010836199,-0.06325466,0.34349468,-0.2614156,0.36343563,-0.42225376,-0.63815534
-0.41791812,-15.066262,0.98049,-0.03689585696757929,-0.02938801804709445,-0.6982743087772763,0.7142744779393344,0.011425372,-0.040179104,0.034681454,0.35349837,-0.30653784,0.0,0.025544109,-0.030455135,0.17824367,0.3533775,-0.3055723,-2.9727817e-06,-0.079068825,0.36394414,-0.26215643,0.32888204,-0.436952,-0.6351293
-0.41665515,-15.06545,0.98091805,-0.036377877740131515,-0.027754112988452435,-0.6992942912458996,0.7133679649761707,0.011733044,-0.03982313,0.03239515,0.34911048,-0.31331113,0.0,0.025588105,-0.031254742,0.17424285,0.35092494,-0.30740774,0.00082071126,-0.08761926,0.3810526,-0.26800296,0.2970015,-0.44712424,-0.62718296
-0.41580644,-15.065005,0.96688724,-0.03597041967407568,-0.026729514120084456,-0.6997608255084647,0.7129701600116845,0.011591122,-0.03959949,0.0309343,0.34649804,-0.3182119,0.0,0.025282444,-0.031584147,0.17220272,0.34895298,-0.30906525,0.0012430772,-0.09109211,0.39175466,-0.2741553,0.27649352,-0.45257452,-0.62092644
