0.0022472155,0.02044304,0.96982604,-0.030857718752758303,-0.024306291450071016,-0.7116036915531273,0.7014821391577134,0.0,0.0,-0.007975039,0.45086318,-0.48056307,0.0,0.0,0.0,-0.0057148486,0.44745564,-0.37622958,0.0,0.074585214,0.3512441,-0.08091469,0.08482317,-0.37882036,-0.021376485
0.0023710944,0.019983696,0.978788,-0.030995110365840104,-0.02440940987007733,-0.7116832797642598,0.7013917544049046,-6.383285e-05,2.1032989e-05,-0.008358901,0.45050088,-0.48149186,0.0,0.0004275944,-6.600469e-05,-0.005661791,0.44706184,-0.37638697,0.00074679777,0.073847726,0.35106173,-0.081737876,0.0839345,-0.37912259,-0.021367222
0.0027154968,0.019417722,0.97853255,-0.030942381321429298,-0.024741815543624656,-0.7117074588632418,0.7013579005045794,-0.000425037,0.00042054802,-0.0090599395,0.44966906,-0.48302594,0.0,0.0008994532,-0.00015902519,-0.0052429326,0.446795,-0.37693274,0.0017510355,0.07256842,0.35053644,-0.08325358,0.08315744,-0.3796859,-0.021550363
0.0029340512,0.018742189,0.97883,-0.03078266503182436,-0.024757154469077787,-0.711944125720686,0.7011241492688302,-0.0014518537,0.0014028102,-0.00950137,0.4490955,-0.4845861,0.0,0.0011543455,-0.0004448928,-0.0045229467,0.44683683,-0.37767574,0.0024489574,0.07177662,0.34970745,-0.084756754,0.08270087,-0.38039204,-0.022195539
0.002939739,0.017993348,0.9798926,-0.03076073800970694,-0.02461082549733105,-0.7121321384311805,0.7009392995679954,-0.0026672296,0.0025171675,-0.009180831,0.44926092,-0.48577225,0.0,0.0013013482,-0.0007726103,-0.0037085044,0.44721156,-0.37822714,0.0028748848,0.071753316,0.34873527,-0.08596717,0.083539926,-0.3809527,-0.02168872
0.002662844,0.017380415,0.98018193,-0.030630555365617557,-0.024376960541253566,-0.7120058906234884,0.7010814108149046,-0.0031532086,0.0028628334,-0.008364982,0.44950616,-0.4867435,0.0,0.0015335437,-0.0011313297,-0.0029809636,0.44761416,-0.37846214,0.002986893,0.071873054,0.34761342,-0.08694562,0.084650986,-0.38115755,-0.020722277
0.002302828,0.016797896,0.9796804,-0.030375962425860045,-0.023999041417655687,-0.7119431357417261,0.7011692508859573,-0.0031880662,0.0029180124,-0.0074983174,0.44938648,-0.4874714,0.0,0.0016116975,-0.0014047213,-0.0024958001,0.44798824,-0.37902856,0.0029326454,0.07196713,0.346469,-0.08716439,0.0854078,-0.38135245,-0.019947466
0.0020481835,0.016122732,0.9790733,-0.03003158480635886,-0.02365524937102372,-0.7119425793302467,0.7011963325829711,-0.0030346215,0.0028991662,-0.006857899,0.44902226,-0.488129,0.0,0.0014356803,-0.0014535747,-0.0022523734,0.44882977,-0.38006356,0.0030776598,0.0718804,0.3453532,-0.08695882,0.08600364,-0.38148898,-0.019348126
0.0019227719,0.015431837,0.97875094,-0.029670558807694446,-0.023227830253922083,-0.7119772021625288,0.7011908366789683,-0.002738934,0.0028188862,-0.006355798,0.44884485,-0.48903316,0.0,0.0009902748,-0.0013100281,-0.002486699,0.45077637,-0.3814505,0.0032882094,0.07188797,0.3444873,-0.0867558,0.086403325,-0.38152778,-0.019101616
0.0017566466,0.014764709,0.97864497,-0.029253930886569152,-0.022818693376073156,-0.7123068602962584,0.7008869035266525,-0.0023501515,0.0027046166,-0.00592632,0.44925433,-0.4906616,0.0,0.00047435705,-0.0011221804,-0.0036256176,0.4547856,-0.3836904,0.003324911,0.07182915,0.34410706,-0.08666389,0.086864635,-0.38178566,-0.01918622
0.0014486988,0.013955794,0.97841763,-0.028902147994497508,-0.02231621079267986,-0.7128645978137335,0.7003504249738305,-0.002130013,0.00268526,-0.0055786325,0.4502129,-0.49315792,0.0,0.00039631687,-0.000986129,-0.0064680683,0.4618908,-0.3877293,0.0033642463,0.07141986,0.3442573,-0.0862981,0.087717764,-0.38235515,-0.019729147
0.0010719557,0.012924048,0.9779293,-0.02853518975442325,-0.021814432296504455,-0.7137453392406355,0.6994837126063268,-0.0022601113,0.0028962195,-0.005237941,0.45136723,-0.49640664,0.0,0.0010259748,-0.00083811954,-0.011662798,0.4728853,-0.3943485,0.003579978,0.07016877,0.34487236,-0.08595795,0.08969113,-0.38327086,-0.020816982
0.000719153,0.011604098,0.97737586,-0.028146466636354353,-0.021139276867945936,-0.7149934922304364,0.6982443794671847,-0.0027230866,0.003450796,-0.0048386864,0.45237508,-0.5003114,0.0,0.0022239396,-0.0007434301,-0.01917417,0.4880277,-0.4034692,0.0035774931,0.06748626,0.3454661,-0.087624855,0.0937054,-0.38471052,-0.022352373
0.00022774056,0.009886247,0.9771491,-0.0276702963747938,-0.02035261827035437,-0.7162616181046911,0.6969859539891187,-0.0035623051,0.004424546,-0.0042675165,0.4532525,-0.5043083,0.0,0.0038646748,-0.000920102,-0.028280523,0.5066096,-0.41395447,0.0029563233,0.06312876,0.34472847,-0.095317654,0.100647,-0.3869065,-0.024317592
-0.00053863483,0.0076696915,0.977278,-0.027123062490716287,-0.0193742730372295,-0.7171204272312539,0.6961517577892534,-0.004697401,0.005762864,-0.0035429886,0.45407858,-0.5081528,0.0,0.005353843,-0.0013312101,-0.03789182,0.52675694,-0.424888,0.0011111386,0.057023015,0.34093183,-0.114730194,0.11147978,-0.38988277,-0.02733362
-0.0012384673,0.0051098964,0.9772224,-0.026069866739072,-0.018261073699270564,-0.717459691298203,0.6958724643193205,-0.0060434453,0.0074249804,-0.0028643573,0.4550709,-0.5128496,0.0,0.005214351,-0.0011428669,-0.046542473,0.54581463,-0.43654644,-0.0019797273,0.048250567,0.33292547,-0.15083784,0.1279446,-0.3933219,-0.033139512
-0.0016212248,0.002037771,0.97650886,-0.023940505160660482,-0.01691182670805537,-0.7180660318805783,0.6953574736704348,-0.007455513,0.009590268,-0.0027158859,0.4559832,-0.51865375,0.0,0.0027047107,0.0004363656,-0.053228125,0.56073636,-0.44913423,-0.004866928,0.035956573,0.32085392,-0.20442599,0.1509436,-0.3967789,-0.046758763
-0.0027398835,-0.0020853444,0.9753335,-0.021463047111019717,-0.015442697766360345,-0.7180140500752625,0.6955261925973208,-0.008355044,0.012389302,-0.0034880815,0.45656222,-0.52459496,0.0,-0.00037750741,0.0023472868,-0.057817582,0.5697273,-0.4617551,-0.0066215023,0.019886542,0.30621633,-0.27349105,0.18034846,-0.40064877,-0.07503255
-0.005173378,-0.0071014976,0.9738115,-0.018511438833934676,-0.013249576892840637,-0.7176036533787431,0.6960795730388436,-0.0077267997,0.015374746,-0.0053841867,0.45805973,-0.53062403,0.0,-0.0032159758,0.0040700845,-0.060426254,0.57385194,-0.47359306,-0.0076548196,0.000365549,0.29071322,-0.3555513,0.2148238,-0.40556768,-0.12271862
-0.008910813,-0.013080383,0.97133887,-0.014900798977006448,-0.010479321775103545,-0.7172132349631851,0.6966156225628477,-0.005554002,0.018291373,-0.009593927,0.46358472,-0.5384551,0.0,-0.0063411347,0.005762618,-0.06226832,0.5754233,-0.4844467,-0.008119173,-0.02279745,0.2749267,-0.44655016,0.25170195,-0.41081035,-0.18864913
-0.014009083,-0.020329239,0.96725386,-0.010908386777131898,-0.007163689472457997,-0.7165665978356803,0.6973965869698969,-0.0031092763,0.021643288,-0.018897519,0.47860503,-0.5505435,0.0,-0.010820966,0.007822407,-0.06469568,0.5769072,-0.49514353,-0.007750578,-0.04923283,0.25858748,-0.53919756,0.28650045,-0.41361663,-0.2638308
-0.01990541,-0.02865829,0.9613069,-0.006386402272901524,-0.003490743379890278,-0.7156827831622752,0.6983875589253894,-0.0016232766,0.026514098,-0.03703107,0.5111606,-0.5680953,0.0,-0.01647576,0.011570627,-0.06836892,0.5803597,-0.5071824,-0.0064201467,-0.0760065,0.24101435,-0.6248814,0.31306213,-0.41062778,-0.33423185
-0.026061,-0.037833236,0.95443076,-0.0012935115812834001,0.0008122980248983284,-0.7152303451408945,0.6988871299354029,-0.0020461641,0.03259741,-0.067807175,0.5696141,-0.5890812,0.0,-0.021038797,0.017137935,-0.07381291,0.58662677,-0.5215483,-0.0040396787,-0.098592654,0.22131558,-0.6974796,0.32582074,-0.40216568,-0.38667354
-0.03199718,-0.048092782,0.9474292,0.00448945153195906,0.005853019021827379,-0.7165107875797219,0.6975370085344281,-0.0048612654,0.039033595,-0.114159256,0.66061586,-0.60908425,0.0,-0.022202667,0.023788208,-0.08102735,0.59548146,-0.5380654,-7.895008e-05,-0.113562785,0.19928616,-0.75437945,0.3211204,-0.39390984,-0.41530308
-0.03714867,-0.0596726,0.9404272,0.010339305781700931,0.011308032736413898,-0.7180789681398154,0.6957929452551546,-0.010640774,0.04354463,-0.17775066,0.78767574,-0.6242468,0.0,-0.020675924,0.03064269,-0.088138245,0.60689443,-0.5569634,0.0018429458,-0.1196672,0.17467938,-0.7953088,0.297171,-0.38679522,-0.42397964
-0.041459013,-0.07236754,0.9337449,0.015169044003029337,0.016217998496007902,-0.7169568700281292,0.6967637498810381,-0.021345954,0.041751903,-0.25839457,0.94395375,-0.6328173,0.0,-0.019090015,0.036935102,-0.09135568,0.62031376,-0.57901245,-0.001608707,-0.114764325,0.14896753,-0.82092464,0.25305423,-0.37460786,-0.42068836
-0.045905866,-0.08618671,0.9281875,0.018743527982147113,0.02074410919874072,-0.7136145361458783,0.6999804682229613,-0.034271322,0.032489482,-0.3503061,1.0995026,-0.6364537,0.0,-0.019329026,0.04378413,-0.08682308,0.6325352,-0.60167044,-0.0058251806,-0.09290851,0.12920597,-0.83251125,0.1904245,-0.35567847,-0.4188881
-0.051007744,-0.10252233,0.923733,0.021719603492855958,0.02452129832008223,-0.70831909837368,0.7051319164751427,-0.037289836,0.015409123,-0.43931794,1.2193977,-0.6404788,0.0,-0.024242038,0.052109424,-0.070341095,0.6355926,-0.6203443,-0.009475205,-0.0468179,0.123915866,-0.83332187,0.11266189,-0.32495368,-0.4380714
-0.055985216,-0.12189319,0.91969377,0.023977292676770675,0.027850744814860325,-0.7012651983438952,0.7119526297731101,-0.03387604,-0.0070544314,-0.5192789,1.2899152,-0.64662856,0.0,-0.032770295,0.061990473,-0.03959476,0.6229352,-0.63120764,-0.012277503,0.026653886,0.1351787,-0.8308841,0.027235221,-0.2788099,-0.4880859
-0.06029812,-0.14531498,0.9137391,0.026021798045628985,0.030205983016541975,-0.694255398638162,0.7186236192042701,-0.028698467,-0.03155279,-0.58654547,1.3143061,-0.65425444,0.0,-0.042611465,0.07213788,0.0032455397,0.5987124,-0.63341916,-0.014859717,0.1250958,0.16078621,-0.8367338,-0.05558959,-0.21878347,-0.5685871
-0.06309114,-0.17402993,0.90514743,0.02751479560953788,0.031190908278086543,-0.688126968125808,0.7243972245952746,-0.027714685,-0.05642494,-0.63684094,1.3053257,-0.6582853,-0.00075626373,-0.048698038,0.0796514,0.05321752,0.5773609,-0.6257955,-0.016883906,0.24345951,0.19628163,-0.8603332,-0.13309647,-0.153311,-0.675867
-0.06423501,-0.20696507,0.89728945,0.02838520002809857,0.03126909545011898,-0.6856168833239825,0.726736550195602,-0.041052755,-0.0758439,-0.66692907,1.2760025,-0.6580583,-0.0118560195,-0.049807213,0.081622764,0.10135273,0.5691849,-0.6041931,-0.017896403,0.3713165,0.22927788,-0.8987337,-0.20978297,-0.088027254,-0.7994782
-0.06344332,-0.24304135,0.89142734,0.0302374870087323,0.030639046987495117,-0.6863836680124674,0.7259644643264889,-0.0641461,-0.08547347,-0.6744894,1.2337953,-0.66399604,-0.040985003,-0.046911508,0.07845119,0.1391008,0.5844908,-0.56958854,-0.018462013,0.48133022,0.24970675,-0.940535,-0.2726459,-0.025132911,-0.9216552
-0.06151543,-0.28128126,0.88701814,0.0323016673945806,0.030432140339103526,-0.6832797069458714,0.7288067845416062,-0.07242882,-0.08891993,-0.6569782,1.1862272,-0.6764396,-0.05244562,-0.04645042,0.07790111,0.16021402,0.6337276,-0.5224252,-0.018655565,0.5478188,0.25620627,-0.9850881,-0.30341673,0.023327889,-1.0307844
-0.058629163,-0.32143888,0.88300246,0.03499418793026043,0.03224241103633196,-0.6790444425347565,0.7325533965550414,-0.060322355,-0.0904969,-0.6142275,1.1371808,-0.6990265,-0.033086956,-0.049317934,0.0809045,0.15800183,0.723581,-0.45948592,-0.018781323,0.56403846,0.2524705,-1.030253,-0.29605612,0.051124517,-1.1221851
-0.05397885,-0.3632455,0.8805118,0.03723141383962603,0.03543456061602892,-0.6775423771667478,0.7336855872106824,-0.039613903,-0.090296775,-0.54968894,1.0895923,-0.7315332,-0.00851357,-0.053127706,0.081628054,0.12676243,0.85710627,-0.37983784,-0.018371005,0.53055906,0.23436093,-1.0842712,-0.25099137,0.05497969,-1.1861354
-0.048597697,-0.4072397,0.88167894,0.037388624292772156,0.03886749450734367,-0.6782365536458884,0.7328619146488399,-0.02682418,-0.086743996,-0.46814454,1.040206,-0.7633678,-0.00052401423,-0.058541335,0.0766713,0.06579905,1.0307987,-0.29950774,-0.017209161,0.44425815,0.20038152,-1.155924,-0.16950104,0.024313753,-1.2195342
-0.045150843,-0.45446232,0.8867842,0.035606648267115494,0.042371200181290564,-0.6768975402122026,0.7339935749371711,-0.023155965,-0.07774106,-0.3757701,0.97901565,-0.78649044,0.0,-0.06204977,0.07123806,-0.024025587,1.2196292,-0.25223,-0.012796391,0.30707705,0.14497833,-1.2449868,-0.059959296,-0.04505445,-1.243407
-0.042770065,-0.50194854,0.8880949,0.03485582335143887,0.04700305188964201,-0.684546042716436,0.7266171619861591,-0.022074975,-0.06468073,-0.27968612,0.9061576,-0.7954604,0.0,-0.05448138,0.062461592,-0.14445621,1.375542,-0.25739598,-0.004222002,0.13554825,0.07498281,-1.338724,0.06983946,-0.12995015,-1.2818418
-0.042177677,-0.54787165,0.887729,0.034587071431225226,0.05120712191754915,-0.7011119341472202,0.7103686514416839,-0.016821656,-0.055076152,-0.17997415,0.8275044,-0.7775386,0.0,-0.03354381,0.050331157,-0.2949296,1.4697765,-0.311044,-0.0043776818,-0.03576066,0.013350238,-1.4182651,0.22812779,-0.22524968,-1.3339872
-0.042786766,-0.59515643,0.89036375,0.032873179264424776,0.052687988630878056,-0.7142895967101054,0.6970894504802067,-0.00928352,-0.052936353,-0.079976305,0.7561151,-0.72370875,0.0,-0.015686445,0.049638726,-0.4586082,1.4925188,-0.39292088,-0.0066406652,-0.17908955,-0.032616306,-1.471639,0.4109851,-0.31654346,-1.3816268
-0.044524632,-0.6490899,0.89514315,0.029584946087656865,0.05224847529147268,-0.7265422865519808,0.6844933408343182,-0.010473628,-0.056289732,0.010787032,0.7252189,-0.63289666,0.0,-0.0043741697,0.061745785,-0.59415597,1.4390877,-0.47179362,-0.009720989,-0.27795857,-0.05717459,-1.4931877,0.5853608,-0.37629858,-1.4105749
-0.04892701,-0.70704687,0.90268123,0.025211752554273884,0.050233894476999816,-0.7377119579558187,0.6727718710438243,-0.012661051,-0.063142605,0.072227806,0.75464565,-0.51180154,0.0,-0.0031878774,0.07834614,-0.6741747,1.314193,-0.5129073,-0.00900007,-0.32665965,-0.07048813,-1.4799619,0.7117352,-0.41206723,-1.4251735
-0.054166313,-0.7682209,0.90995246,0.021369561486948584,0.04995950398586397,-0.7460370835350189,0.6636837046318865,-0.015117638,-0.07142834,0.09093495,0.8475187,-0.39163914,0.0,0.004517275,0.093447424,-0.69165295,1.1535248,-0.51056737,0.01430162,-0.32665497,-0.082152344,-1.4340211,0.7805087,-0.4438747,-1.4321045
-0.060664635,-0.8291639,0.9087367,0.020060450590208532,0.04792594944527298,-0.7452345483591815,0.6647752624938549,-0.017115284,-0.07180372,0.06516504,0.99954146,-0.3106087,0.0,0.027556943,0.096737966,-0.6541442,1.0174174,-0.48700887,0.057027187,-0.28324082,-0.095780216,-1.3641949,0.79621124,-0.4556188,-1.432637
-0.06635794,-0.8909128,0.91054225,0.018474743031703177,0.042193003934485475,-0.7432637914205827,0.6674109458586948,-0.014821548,-0.06899995,-0.0030806116,1.1870807,-0.28277358,0.0,0.03909158,0.09126318,-0.57744575,0.9405842,-0.46949276,0.07202425,-0.20474637,-0.10405539,-1.2899038,0.74956566,-0.43449843,-1.4301769
-0.071592376,-0.9547252,0.9146393,0.018666794186627783,0.03675988704803231,-0.7341578488682157,0.6777259877297049,-0.010863822,-0.059631646,-0.10659768,1.3595494,-0.3085989,0.0,0.03776157,0.08374339,-0.48256838,0.91343015,-0.49554828,0.0601008,-0.10432708,-0.09236444,-1.2381326,0.6381324,-0.3858079,-1.4125218
-0.07525489,-1.0159394,0.9153435,0.020312932377922092,0.03272848367506193,-0.7287600983131072,0.6836848325370481,-0.0059027225,-0.047548763,-0.23803121,1.481402,-0.369708,0.0,0.030049087,0.07891786,-0.38422665,0.89882284,-0.5524031,0.039027233,0.009638042,-0.056583233,-1.2254786,0.46562552,-0.32105762,-1.4105744
-0.07665391,-1.0737141,0.9085837,0.02141756523335312,0.029108466516050313,-0.720862747690577,0.6921350186694433,-0.0063111447,-0.044380367,-0.3940305,1.5366331,-0.44680735,0.0,0.01627902,0.07313414,-0.28071573,0.8749338,-0.60314125,0.014792014,0.13625266,-0.0025203784,-1.2481557,0.2596915,-0.22399577,-1.414846
-0.07711437,-1.1331272,0.9001189,0.022853752355109818,0.02531315449088474,-0.7029345013897617,0.7104365115680211,-0.017998368,-0.0511787,-0.54978436,1.5182753,-0.52428657,0.0,0.0019037994,0.070094824,-0.17080007,0.8461678,-0.6162035,-0.0009282492,0.26981044,0.042445876,-1.2886332,0.07305011,-0.10039131,-1.4157571
-0.07690623,-1.1959229,0.8951844,0.022068751347182305,0.021025874250402768,-0.6888861631128863,0.7242283735794867,-0.030259926,-0.07107543,-0.661967,1.4229044,-0.5752917,0.0,-0.013716845,0.0711413,-0.067115664,0.83222646,-0.58214724,-0.0059004016,0.39735782,0.07762033,-1.3405782,-0.069588766,0.017175194,-1.4260901
-0.07522867,-1.2645886,0.8957563,0.02309095383844814,0.017239596903915466,-0.6734811857486324,0.7386424687167923,-0.028007608,-0.09946513,-0.714395,1.262971,-0.5857777,0.0,-0.028743742,0.074955165,0.012255744,0.86170197,-0.5021365,-0.008174609,0.5015267,0.120940305,-1.4042915,-0.1644971,0.098401345,-1.4545207
-0.07277665,-1.3363807,0.900613,0.023233858549452258,0.014848929415174114,-0.662948900166168,0.7481567034255561,-0.023942724,-0.12299985,-0.7099046,1.0894288,-0.5634981,-0.00036868453,-0.0476161,0.07926834,0.051314376,0.94950837,-0.3926954,-0.008753493,0.57078165,0.16828659,-1.4704134,-0.21108916,0.13228478,-1.4904397
-0.06844571,-1.4075539,0.9038165,0.02091522416403928,0.012946112314356564,-0.6624549956236913,0.7486977563391835,-0.03194663,-0.12904136,-0.6593802,0.9557096,-0.5352739,-0.0053061545,-0.060998358,0.07519922,0.045408253,1.0954651,-0.29681122,-0.010459371,0.5921854,0.19537053,-1.5162553,-0.20761149,0.13107868,-1.5099671
-0.0628491,-1.4798838,0.9100938,0.01794612301947775,0.011477186146031482,-0.6697334550436126,0.7422959720098745,-0.044039316,-0.11986275,-0.5777662,0.88220096,-0.5227372,-0.01290682,-0.05987338,0.06737202,-0.0031302604,1.2766477,-0.24781463,-0.01588222,0.55255514,0.1869689,-1.522228,-0.15420705,0.092793144,-1.5077441
-0.058406457,-1.5529965,0.9174397,0.015092873573014086,0.012287206098183415,-0.6766507089872488,0.7360469059514232,-0.037103932,-0.106178135,-0.4824708,0.8590131,-0.54644245,-0.0053061545,-0.05766595,0.061062075,-0.09093065,1.4470446,-0.24726216,-0.01471154,0.44720715,0.14608888,-1.5118828,-0.061902754,0.009925211,-1.5040308
-0.054778565,-1.6230094,0.9197718,0.012336438334443924,0.015374894961734463,-0.6875560253057105,0.725863717897478,-0.01936718,-0.09316662,-0.38450044,0.8576692,-0.60031235,-0.00036868453,-0.051385283,0.05272236,-0.2166565,1.5704933,-0.2821978,-0.012918469,0.28866407,0.09131275,-1.5235943,0.057379555,-0.09305198,-1.5113248
-0.051199302,-1.6902989,0.9173555,0.01116246183306455,0.019262174966210258,-0.7063847320626542,0.7074778995630666,-0.0048794523,-0.08097447,-0.28184557,0.847584,-0.6468704,0.0,-0.03181556,0.044556964,-0.37255722,1.6312941,-0.34612516,-0.013130169,0.11299119,0.033696234,-1.5475186,0.20248497,-0.19850966,-1.5314292
-0.04846371,-1.7583748,0.91350967,0.00900222015932605,0.02178379449318769,-0.7200776045180769,0.6934930928287532,0.0035677887,-0.074477,-0.17129415,0.8229196,-0.6511516,0.0,-0.014482923,0.048842646,-0.5318592,1.6211298,-0.421919,-0.013464678,-0.04410415,-0.012663784,-1.5717173,0.37830415,-0.30271882,-1.5570474
-0.048750393,-1.8291036,0.9120981,0.005098632522172933,0.021508739855068505,-0.7303535799285141,0.6827115249809794,-0.007897809,-0.07478572,-0.06306552,0.81084895,-0.6030853,0.0,-0.006836347,0.062273875,-0.65207213,1.5353742,-0.48388514,-0.0143424235,-0.16006713,-0.03810913,-1.5955637,0.55927485,-0.37742814,-1.5697997
-0.05247933,-1.904131,0.9127594,0.002803084140291894,0.02017055816685051,-0.7411061117960875,0.6710789985992894,-0.009672545,-0.081693724,0.018176667,0.84718525,-0.5109349,0.0,-0.017593998,0.0804514,-0.7129082,1.3837751,-0.51090467,-0.014496166,-0.22692175,-0.045793016,-1.6108477,0.69330233,-0.41570735,-1.5640961
-0.056825314,-1.9831271,0.9129987,0.0018380920715711613,0.018143544119141205,-0.7472726476204585,0.6642672830590434,0.00012854114,-0.08786181,0.055664685,0.94574994,-0.40216523,0.0,-0.022341726,0.09467518,-0.7130607,1.2080212,-0.505041,-0.0055044964,-0.24455243,-0.048787598,-1.6044058,0.76388115,-0.43630752,-1.5562236
-0.06199828,-2.0614033,0.9121992,0.0008641739686262684,0.015045727688945338,-0.7435007395050995,0.6685652770201518,0.010355968,-0.08165905,0.046302654,1.102727,-0.3208854,0.0,-0.011585273,0.09350303,-0.66180986,1.0595926,-0.49074826,0.016820174,-0.21613555,-0.055458747,-1.5675328,0.77719754,-0.4456002,-1.5475448
-0.0658809,-2.1381228,0.9140585,-0.0010611562144937589,0.010591773899646046,-0.7337417816720703,0.67934504200873,0.009241808,-0.06906034,-0.009146983,1.2903897,-0.29150745,0.0,0.001572228,0.08046469,-0.57401615,0.96642,-0.47963947,0.03571522,-0.14947851,-0.0634686,-1.5043074,0.7320931,-0.43695372,-1.5237451
-0.06846979,-2.2134724,0.9161874,-0.0008322530045210017,0.006631483027951864,-0.7174931529827052,0.6965334925261835,0.003414955,-0.058975905,-0.105467655,1.4557267,-0.31201622,0.0,-0.0001856708,0.06730488,-0.46821892,0.92412055,-0.48603305,0.029435288,-0.057788037,-0.058735866,-1.4351367,0.6221514,-0.42122847,-1.4953928
-0.070337415,-2.2856326,0.91611403,0.0007744013416842579,0.004897943463535943,-0.7048336441725691,0.7093553020136003,0.005347047,-0.053520173,-0.23929517,1.5677781,-0.370147,0.0,-0.011761988,0.059496872,-0.35686064,0.9057691,-0.5256662,0.0037107058,0.04990278,-0.023479033,-1.3824703,0.44890812,-0.38570315,-1.4809054
-0.07133213,-2.3570492,0.90907234,0.002970439716803794,0.004235186187467266,-0.6882200145258487,0.7254835982238931,0.011260379,-0.050273187,-0.40387467,1.614699,-0.44995797,0.0,-0.010565633,0.060914576,-0.23826405,0.8859771,-0.5775268,-0.014048789,0.17162283,0.03406801,-1.3558514,0.23988415,-0.30627832,-1.4665275
-0.070904806,-2.430935,0.8984886,0.005402733385981496,0.0031313090929087056,-0.6677603456022331,0.7443501368418702,-0.0009544641,-0.06664832,-0.5671511,1.5893052,-0.5237456,0.0,-0.013359735,0.07007715,-0.1114279,0.85511833,-0.59481555,-0.01655073,0.30011755,0.08641846,-1.3610497,0.048149228,-0.19110888,-1.448625
-0.0709957,-2.509108,0.89385647,0.006848825211091511,0.0013085714960494993,-0.6566412466338025,0.7541708390365365,-0.023106582,-0.09486705,-0.6838234,1.4867971,-0.56497455,0.0,-0.025099168,0.07901816,0.008995871,0.8229804,-0.557393,-0.013341356,0.4360548,0.15047708,-1.3940291,-0.1008319,-0.07221222,-1.4424986
-0.06856949,-2.5919988,0.8908498,0.010384170529035815,-0.00028405287042811166,-0.6452768239102682,0.7638782028835929,-0.040698282,-0.12213531,-0.73988533,1.322292,-0.56700367,-0.0006888807,-0.038174383,0.08981418,0.1083958,0.83053786,-0.46857142,-0.008924875,0.5610191,0.20882533,-1.4422756,-0.20196633,0.019983768,-1.4524832
-0.06336493,-2.676467,0.8877662,0.011480346450751992,-0.00026432060241281306,-0.6379464569553631,0.7699950972818521,-0.058831822,-0.14007625,-0.7410329,1.152257,-0.5498996,-0.010446221,-0.05364,0.09694518,0.16869769,0.8966022,-0.3446856,-0.0057761334,0.64356667,0.250818,-1.4892248,-0.25126448,0.0718615,-1.4669447
-0.05641773,-2.760068,0.8847542,0.01115625239068291,-0.0011843894363688164,-0.6399094439472998,0.7683684264734699,-0.07238602,-0.14259228,-0.7001648,1.0245934,-0.54294705,-0.031795084,-0.06527123,0.09453405,0.1828299,1.0210822,-0.22035693,-0.0055116974,0.6638227,0.25829652,-1.5192366,-0.24339068,0.08809811,-1.4658948
-0.049730778,-2.843477,0.8887748,0.008277045364291758,-0.00017036364946001225,-0.6440690472843732,0.764922560672951,-0.06685106,-0.133951,-0.6233259,0.9593252,-0.5405882,-0.028894052,-0.07142909,0.08857169,0.15049131,1.1906152,-0.13263996,-0.008113224,0.6154881,0.24124138,-1.5349208,-0.17853825,0.06255229,-1.4476147
-0.044162106,-2.9299502,0.9004322,0.0036207698366658787,0.0014016583223463992,-0.6515070901609662,0.7586326099303456,-0.04740341,-0.11606495,-0.5196017,0.9467829,-0.56341827,-0.009223938,-0.072019294,0.07925607,0.07566335,1.3688513,-0.102052316,-0.01165466,0.49979872,0.19327344,-1.5398538,-0.071513,-0.005971755,-1.4406123
-0.03913662,-3.015573,0.9066286,-0.000381897656554471,0.004250344750367,-0.6632343669592822,0.7483996012878436,-0.026123289,-0.09554058,-0.40228415,0.94914603,-0.61980784,-0.0008940995,-0.063142516,0.068345085,-0.043552052,1.5110184,-0.12696365,-0.009267375,0.32777074,0.1197884,-1.5643725,0.05970966,-0.09225643,-1.4634991
-0.034169465,-3.097905,0.90574837,-0.0017962501867329174,0.008868614431827668,-0.6853080231896651,0.7281971124051506,-0.0095492415,-0.07673989,-0.27707663,0.9314273,-0.66605127,-2.515316e-05,-0.036312573,0.052758206,-0.20805606,1.5929623,-0.1976496,-0.009247854,0.13291374,0.04708964,-1.5987163,0.20968741,-0.1841798,-1.5153564
-0.028716825,-3.1789854,0.90133387,-0.0043000645773101235,0.014682750607387994,-0.708911250974539,0.7051317355792083,0.0007031858,-0.06626367,-0.14310665,0.89210975,-0.660282,0.0,-0.012968471,0.04484222,-0.40017658,1.6060964,-0.29768997,-0.010455094,-0.043614943,-0.0047293915,-1.6267323,0.38222498,-0.28719136,-1.5795717
-0.025317328,-3.2609458,0.89937294,-0.00802657752671238,0.016734787415880265,-0.7280711247136845,0.6852502888007443,-0.004765816,-0.069661126,-0.010810991,0.8540887,-0.59336305,0.0,-0.0050896676,0.057045586,-0.57579255,1.5449411,-0.39310697,-0.010621868,-0.18066952,-0.031322293,-1.6488366,0.5616443,-0.3695222,-1.6259437
-0.026830213,-3.3471758,0.90229577,-0.010579286522460239,0.017608913628182975,-0.743806206898809,0.6680795846576341,-0.0045408346,-0.08374066,0.09427001,0.85640997,-0.47799408,0.0,-0.004528703,0.08537732,-0.69446766,1.4117696,-0.45360285,-0.007962253,-0.27118903,-0.040906895,-1.6633371,0.70363426,-0.41129783,-1.6424972
-0.030676788,-3.4381769,0.9057895,-0.010275363495722197,0.016911708250096504,-0.7556813079588511,0.6546404905218546,0.0014369152,-0.10255051,0.1533894,0.91723704,-0.34926814,0.0,-0.0023411447,0.11527419,-0.7452995,1.2383035,-0.47562408,0.00417595,-0.31379703,-0.044886485,-1.6635344,0.7825504,-0.4310809,-1.6557189
-0.033195924,-3.530257,0.89963734,-0.008565351180111551,0.015372041195292849,-0.7564305870469482,0.6538372137531338,0.00944658,-0.109088525,0.16437759,1.0362133,-0.2573295,0.0,0.008853013,0.12535296,-0.73464,1.0855484,-0.48025915,0.028378852,-0.3095225,-0.05021703,-1.6435177,0.8013788,-0.4464447,-1.6762254
-0.033733793,-3.6195695,0.89594287,-0.00837040387026127,0.012337679049148403,-0.7514693509512086,0.6595995244053003,0.013866212,-0.101431936,0.12770224,1.1945587,-0.22327672,0.0,0.018632777,0.1188871,-0.672934,0.99161506,-0.46537903,0.04762545,-0.26061422,-0.056354426,-1.6047682,0.76373255,-0.45772737,-1.6956607
-0.03530188,-3.7103298,0.90120244,-0.007942189381210914,0.00883632690571097,-0.7433865775396721,0.6687564857917279,0.01387262,-0.087537974,0.04584552,1.3494184,-0.2464055,0.0,0.013529837,0.10547489,-0.5739114,0.95966905,-0.4499833,0.042159736,-0.17482471,-0.05893557,-1.562174,0.6616922,-0.46192867,-1.7057328
-0.038116682,-3.7976828,0.9085225,-0.005993153275678762,0.0071930245872131844,-0.7354536864338244,0.677510308129699,0.012384716,-0.07190752,-0.07709779,1.4659791,-0.30978966,0.0,-0.0003579734,0.09044906,-0.45782647,0.95709586,-0.48437256,0.020903146,-0.06678862,-0.050994154,-1.5366414,0.49284142,-0.4329344,-1.7075616
-0.03863168,-3.881291,0.908027,-0.0029902774668204364,0.006487827631795397,-0.7264640951199757,0.687167290282946,0.013179544,-0.057959683,-0.23839417,1.525823,-0.39563265,0.0,-0.0044715526,0.07561452,-0.33332175,0.94408566,-0.5479026,0.00092069805,0.050099563,-0.027317556,-1.5398496,0.28387317,-0.3458032,-1.683764
-0.0355154,-3.9647937,0.90068257,0.002300358627852337,0.005584733450978645,-0.7066703100222539,0.7075172026428167,0.0024827234,-0.05394215,-0.42227525,1.5185628,-0.48446882,0.0,-0.008153077,0.06725948,-0.19620399,0.9153303,-0.57547456,-0.011499759,0.1728261,0.007647695,-1.565649,0.09363555,-0.21232079,-1.635752
-0.032506403,-4.0502863,0.8958322,0.003028545989729871,0.0028946814988746665,-0.6834735094295131,0.7299632940335518,-0.015966918,-0.07364795,-0.5816821,1.4372866,-0.541301,0.0,-0.016939528,0.06907578,-0.05826259,0.8813393,-0.5426799,-0.015905578,0.30400473,0.049023774,-1.5971303,-0.05261312,-0.07559091,-1.5835661
-0.029060453,-4.1414247,0.89590734,0.0059488754239294716,0.00015699130563174513,-0.6682098076238681,0.7439490837619157,-0.037984397,-0.10652754,-0.68540436,1.286639,-0.5523271,-0.000656873,-0.023355627,0.07761502,0.061486166,0.8794131,-0.45309916,-0.013902526,0.43108785,0.088924766,-1.6266148,-0.15462507,0.03800752,-1.545258
-0.02374817,-4.2363524,0.89449525,0.00711339329985197,-0.0004672995592954098,-0.6551286743129503,0.7554836870243062,-0.05317321,-0.14068969,-0.73039526,1.1063207,-0.54026157,-0.010088712,-0.035811678,0.08928901,0.14470197,0.93000865,-0.32442293,-0.012115952,0.531613,0.13347687,-1.6587138,-0.21526419,0.10563653,-1.5266496
-0.016071396,-4.3300533,0.890467,0.006046900261340366,-0.0018488078325663547,-0.6485524147569467,0.761143732957029,-0.0651143,-0.16170771,-0.7245494,0.9609428,-0.53667426,-0.03229174,-0.048394598,0.095797926,0.18304671,1.0342579,-0.19326016,-0.0115834065,0.5865464,0.17154515,-1.6929915,-0.23292024,0.121563025,-1.5181688
-0.0073491316,-4.4238753,0.8924109,0.0037951766428283413,-0.0019566380219700943,-0.647064780580496,0.7624230701744376,-0.06288625,-0.1670484,-0.6753183,0.8844892,-0.51145923,-0.03392601,-0.05875677,0.094224185,0.17392337,1.1797475,-0.102832496,-0.0083337575,0.58281887,0.17374259,-1.6919554,-0.2009661,0.09633671,-1.5080978
-0.00012514454,-4.5200486,0.9003889,-0.00027337738655793095,-0.00014351137716427825,-0.6498384062392922,0.7600723323774297,-0.046089265,-0.15726443,-0.5909247,0.87477297,-0.49077788,-0.015239343,-0.064854816,0.088233955,0.12155254,1.3405712,-0.073140375,-0.007703591,0.5172901,0.14002609,-1.6596884,-0.12304906,0.032130096,-1.5050845
0.006643555,-4.614995,0.911993,-0.005573379300392119,0.0005060349740953867,-0.6577766938439464,0.753192208143118,-0.022811778,-0.13711996,-0.48164958,0.90193194,-0.5226689,-0.0028720796,-0.06463314,0.07808062,0.02563433,1.48224,-0.098032705,-0.008440059,0.39215568,0.09226304,-1.6514834,-0.011679084,-0.070104666,-1.5230439
0.013863318,-4.708524,0.9157569,-0.007412155281923214,0.004920921541910797,-0.6727287583061247,0.73983569948547,-0.0037605017,-0.114437625,-0.35829502,0.9167531,-0.58731455,-0.00015541911,-0.048947833,0.06361586,-0.11515451,1.5736839,-0.15941602,-0.009249091,0.22828093,0.03968559,-1.6657372,0.12729132,-0.18191437,-1.5662446
0.021014003,-4.798953,0.91280055,-0.010023392741194959,0.009745228287038972,-0.6957307159795488,0.7181666470716762,0.0049804114,-0.09709923,-0.22109061,0.9036378,-0.61595625,0.0,-0.025069444,0.050985027,-0.29188648,1.6002755,-0.24567343,-0.010407075,0.059117164,-0.0018057028,-1.6827766,0.2959188,-0.29094616,-1.6249095
0.029263595,-4.888191,0.9108053,-0.013820943383982875,0.011607765737626665,-0.7126379097790179,0.7012998294911739,0.01136956,-0.091613896,-0.07740044,0.86988807,-0.5805156,0.0,-0.013909843,0.054557506,-0.47048622,1.5551887,-0.3354434,-0.011132408,-0.08962904,-0.02451676,-1.7021246,0.4803335,-0.3820043,-1.6771129
0.035572756,-4.980824,0.91328746,-0.01766364078415019,0.013639409851682171,-0.73011351503801,0.6829613586814322,0.010263797,-0.100857556,0.05256067,0.8492543,-0.4826178,0.0,-0.0066818916,0.077546045,-0.6038429,1.434687,-0.399308,-0.00987098,-0.20341696,-0.030840576,-1.723732,0.64846927,-0.42748716,-1.7035712
0.035471838,-5.077627,0.92020446,-0.018579079609623607,0.012791388976484807,-0.7439669999609931,0.6678355344977916,0.0141665,-0.11912686,0.14134862,0.87548894,-0.35165206,0.0,0.00100428,0.11083831,-0.67329174,1.2533264,-0.42558008,0.008637395,-0.27626592,-0.032086235,-1.7376261,0.7642285,-0.43760467,-1.7106762
0.03470707,-5.177128,0.92200863,-0.01743718616344805,0.011377836994981474,-0.7459142825902022,0.6657164354227413,0.023587424,-0.12822987,0.18107964,0.9573687,-0.24677362,0.0,0.027156977,0.12940273,-0.68249595,1.0614583,-0.43288365,0.0517658,-0.3054308,-0.035656482,-1.7330747,0.8217092,-0.43557584,-1.7215414
0.036784336,-5.2736645,0.92115283,-0.015453974515668456,0.008026276154171641,-0.7437916209019629,0.6681846887192169,0.034722287,-0.1257767,0.17337167,1.0858581,-0.19930623,0.0,0.047299735,0.13320546,-0.6418742,0.91177386,-0.42483968,0.081495926,-0.2889325,-0.04044052,-1.7051914,0.82581794,-0.43801492,-1.7466217
0.04224417,-5.3711214,0.92401034,-0.015507351045680118,0.005009651539523501,-0.7350246216049643,0.6778445478791414,0.036254536,-0.1143906,0.12024032,1.2318835,-0.21261929,0.0,0.050712742,0.12396502,-0.5624853,0.82992417,-0.40054828,0.08668883,-0.22930762,-0.046402678,-1.6590006,0.77356654,-0.43679827,-1.7596656
0.046280783,-5.4677653,0.928235,-0.015539568031381018,0.0009491269238823851,-0.7210499193762708,0.6927081887425279,0.02477276,-0.091677554,0.023687968,1.3555734,-0.27634624,0.0,0.04350753,0.10941092,-0.45489827,0.81056124,-0.39387557,0.07838588,-0.13511728,-0.051405918,-1.610264,0.65984356,-0.4281456,-1.7709881
0.048079714,-5.560457,0.93081164,-0.011773720536735366,-0.0017753463415761507,-0.7068817780957826,0.7072314892920387,0.01609094,-0.07327975,-0.112596974,1.4348221,-0.3693257,0.0,0.026144763,0.097871974,-0.3325602,0.8156943,-0.4316836,0.05697574,-0.016599245,-0.04420816,-1.5772216,0.48033753,-0.38647407,-1.7770952
0.052475683,-5.6512804,0.9270361,-0.006524060793985606,-0.0024786857884638767,-0.6973886966633726,0.716659122954338,0.016424533,-0.06467362,-0.2787806,1.4588122,-0.46376455,0.0,0.012628147,0.088339575,-0.20200408,0.80547225,-0.48101476,0.028676253,0.11950024,-0.009394196,-1.5645347,0.26019704,-0.2858662,-1.7546464
0.059935227,-5.741389,0.91925776,-0.00303439204462598,-0.0038035026516548493,-0.6769380248692197,0.7360239373272163,-0.0035835505,-0.067155495,-0.44727302,1.4177414,-0.5300055,0.0,-0.0009801071,0.08478735,-0.06488269,0.78086096,-0.48186216,0.007994611,0.2688437,0.05793703,-1.5612377,0.05991291,-0.14261688,-1.7117723
0.06659646,-5.835008,0.9158401,0.0008403046205392314,-0.005579982521831649,-0.6632366478661388,0.7483884730609418,-0.034113776,-0.0848473,-0.57705796,1.305105,-0.5465353,-0.00064474344,-0.015143939,0.0858661,0.06364299,0.7636285,-0.4173462,-0.000593856,0.42389214,0.15569903,-1.5676035,-0.09411551,-0.0049819634,-1.6738517
0.07377892,-5.934145,0.9169017,0.005139025779784892,-0.007620038981589808,-0.6510451848096298,0.7589833283782647,-0.0491889,-0.10978603,-0.6525036,1.138293,-0.52552354,-0.0099565685,-0.031886064,0.09082514,0.16302243,0.78736436,-0.2997511,-0.0028626435,0.56977546,0.25653073,-1.5853155,-0.20358332,0.09080037,-1.6546463
0.08245982,-6.0327187,0.91404897,0.005903396055877111,-0.007096744981745734,-0.6426116611744228,0.7661364363142641,-0.06527251,-0.12966928,-0.67758274,0.9715603,-0.51441544,-0.032637417,-0.049864024,0.09497165,0.22113316,0.86628914,-0.16207325,-0.0039739683,0.67921716,0.32168052,-1.6077968,-0.26771253,0.13123679,-1.6510752
0.09179681,-6.129946,0.9088991,0.004848537543698746,-0.006451390546949866,-0.6386725681485287,0.7694363014169926,-0.06794525,-0.14009674,-0.662657,0.8514876,-0.5084061,-0.03754878,-0.066590846,0.09567785,0.23558974,0.9974894,-0.051322173,-0.0023076162,0.73053956,0.34054756,-1.6162305,-0.28029034,0.13473356,-1.6490906
0.10123326,-6.2276335,0.91042024,0.0030173442086180204,-0.00477453099400634,-0.6418180876356278,0.7668361245216996,-0.05471121,-0.13871895,-0.6102048,0.798527,-0.47799078,-0.021468937,-0.07180302,0.09106986,0.20658445,1.1656809,0.0038990707,-0.0029114336,0.715514,0.33046564,-1.5973792,-0.23815258,0.10479609,-1.6394161
0.11076557,-6.3277774,0.9189564,-0.0016433259555482828,-0.0024585493655112415,-0.6531325801253284,0.7572378013501786,-0.033756837,-0.12360448,-0.5251976,0.8074694,-0.4665578,-0.005230069,-0.06736081,0.079355076,0.13608387,1.3417742,-0.0006702282,-0.006250579,0.6333063,0.28753102,-1.5575813,-0.14717877,0.021049455,-1.6311301
0.11999207,-6.4276714,0.92635125,-0.005675855102443509,-0.0006292662547976559,-0.6657438337818545,0.7461585196687598,-0.011315469,-0.10205497,-0.41624272,0.8471968,-0.5074755,-0.00031632185,-0.057405874,0.06787576,0.020803908,1.4879713,-0.05202923,-0.006946102,0.48645765,0.20132576,-1.5223876,-0.019381143,-0.09546835,-1.6354585
0.12927222,-6.523046,0.92597,-0.007827776959429303,0.003019069300088555,-0.6845916360992561,0.728878524111788,0.0002325289,-0.082543164,-0.29128513,0.8688413,-0.5689243,0.0,-0.035070132,0.058090184,-0.1405888,1.5768055,-0.13513473,-0.0075398907,0.29081473,0.10107311,-1.5129623,0.13814689,-0.2159402,-1.6532489
0.13675529,-6.61616,0.9177134,-0.01028286511212184,0.007875649320800423,-0.7063217000067815,0.7077724867020418,0.0036752708,-0.07212329,-0.1531617,0.85850555,-0.5856875,0.0,-0.017001312,0.057541076,-0.33608046,1.5977933,-0.2412175,-0.008811649,0.0825506,0.023947997,-1.5201099,0.3269087,-0.33591607,-1.6754061
0.1447652,-6.70898,0.9116711,-0.013592283445388285,0.008966881478900547,-0.7215303679613018,0.6921912835170001,0.003988255,-0.07301006,-0.0118164,0.8288472,-0.5357395,0.0,-0.018709578,0.07668677,-0.52689266,1.5454657,-0.34520602,-0.009633996,-0.102308065,-0.027938994,-1.5352975,0.5341713,-0.42131597,-1.6829396
0.14870353,-6.805689,0.90849644,-0.01584599004132766,0.009968769701516807,-0.7361985914020663,0.6765065869951761,-0.0026385747,-0.090464815,0.111603074,0.8204431,-0.42466542,0.0,-0.022545673,0.108222865,-0.6649,1.4173162,-0.4156437,-0.0067547746,-0.24477465,-0.048152857,-1.5621641,0.7190848,-0.45794395,-1.6691552
0.14747672,-6.9079895,0.9121308,-0.017196811778841043,0.008668498075363797,-0.7480930450057836,0.6633143469123334,-0.00028101727,-0.112716794,0.19249281,0.86166817,-0.28317943,0.0,-0.008079965,0.14442386,-0.7345269,1.2335258,-0.44080743,0.0070632473,-0.3400047,-0.04960594,-1.5941136,0.8460367,-0.47622025,-1.655101
0.14721411,-7.0115843,0.90995425,-0.016389404303544863,0.007756502389346202,-0.7493084919120695,0.6619728151863332,0.0077423714,-0.118591264,0.22693479,0.95896804,-0.16811082,0.0,0.022071568,0.15666859,-0.7424082,1.05285,-0.44276053,0.040920615,-0.3862358,-0.04965286,-1.6170254,0.91325253,-0.49120298,-1.65098
0.1480379,-7.114301,0.9050106,-0.01579593527574114,0.005532592709777587,-0.7420267546186828,0.6701613046698067,0.014270131,-0.10873784,0.21819946,1.106613,-0.108176626,0.0,0.045785397,0.14687967,-0.701908,0.9232992,-0.43289497,0.072651684,-0.380715,-0.050139815,-1.6186241,0.92055047,-0.4895618,-1.6490626
0.15036035,-7.217762,0.90902674,-0.0155585807228702,0.0011163945138744158,-0.7328033986014941,0.6802616138128618,0.016349372,-0.09595446,0.16675259,1.2806284,-0.10408695,0.0,0.052222,0.13054174,-0.6215401,0.86467314,-0.40492818,0.08047056,-0.32343596,-0.05007614,-1.5955638,0.8636343,-0.4742554,-1.6396394
0.15256064,-7.3210564,0.91461986,-0.013378900047143262,-0.003026261609670984,-0.7185556317870734,0.6953342007993554,0.009884965,-0.081856474,0.07277409,1.4374835,-0.14267057,0.0,0.040592358,0.11493847,-0.51238704,0.86559063,-0.39489657,0.06800382,-0.22124916,-0.046341654,-1.5574915,0.73871964,-0.45173943,-1.6273624
0.15390655,-7.417726,0.92112815,-0.009146006439501062,-0.0051705727865229084,-0.709399396295459,0.7047283961065469,0.0026687346,-0.07038489,-0.06401238,1.5443411,-0.21374719,0.0,0.01838376,0.103558876,-0.38965726,0.8791646,-0.43214935,0.040201962,-0.08643315,-0.025143448,-1.5224009,0.54599714,-0.41721168,-1.6312401
0.15699066,-7.510012,0.9215837,-0.005625809673605376,-0.006430996348598559,-0.6968210579637013,0.717194119977171,0.0007512495,-0.05679936,-0.23954594,1.5878713,-0.31336412,0.0,0.003544529,0.09546283,-0.25641719,0.8751382,-0.47996292,0.014074776,0.06948332,0.01640301,-1.5020739,0.3134115,-0.3351403,-1.6271486
0.16298221,-7.60187,0.91590756,-0.0021051373584013455,-0.008019770827478585,-0.6744235357364552,0.7382981417539363,-0.006962251,-0.05864816,-0.42858368,1.5614071,-0.4220155,0.0,-0.00986501,0.094452865,-0.112307064,0.85545295,-0.48043755,-0.0006621443,0.23910078,0.06007349,-1.4967425,0.10195562,-0.2073942,-1.607471
0.16880381,-7.694975,0.91255516,-0.0002530653227077022,-0.010286193708210531,-0.6567204540194793,0.7540639067409264,-0.019597586,-0.08591091,-0.5791448,1.4591407,-0.4989602,-0.00047022104,-0.022236783,0.099972375,0.022441322,0.82986647,-0.41631147,-0.007649537,0.41290283,0.10507686,-1.50825,-0.06278266,-0.07084492,-1.591844
0.17449203,-7.7955008,0.91521657,0.004164341858026388,-0.011414693939961244,-0.6454702824217745,0.76368873078598,-0.03875836,-0.12247759,-0.6685344,1.2837043,-0.5222888,-0.008515954,-0.033811543,0.110308155,0.1291618,0.83642846,-0.29534632,-0.008296046,0.57318616,0.16252628,-1.5361872,-0.17904814,0.04793034,-1.5925809
0.1817035,-7.8987513,0.91608024,0.005513638230790776,-0.011399049451923271,-0.6336599794674719,0.7735080425479335,-0.058355846,-0.15486313,-0.6993341,1.0735066,-0.5120505,-0.04357563,-0.05468858,0.12305187,0.19484572,0.89638937,-0.1480184,-0.0062959865,0.68488413,0.20861582,-1.578078,-0.24754167,0.11803203,-1.6060078
0.19085038,-7.9978094,0.90990144,0.005979267446935956,-0.010911827440553972,-0.6296146026556947,0.7768079765974454,-0.07405798,-0.1687121,-0.68136525,0.900649,-0.5123601,-0.097259,-0.07305657,0.12717444,0.21562062,1.0099287,-0.030872662,-0.0023716278,0.731376,0.21473578,-1.6104618,-0.26637957,0.13628393,-1.6161757
0.2015168,-8.096763,0.91272724,0.004894257747300437,-0.010083221261458329,-0.630854718612819,0.7758200170748603,-0.07232429,-0.16622572,-0.621471,0.7986825,-0.49130598,-0.111524686,-0.08385892,0.12683296,0.19160418,1.1612577,0.02282508,0.006178692,0.7087009,0.20069677,-1.6315087,-0.23000093,0.11804839,-1.6071056
0.21013936,-8.200706,0.9223055,0.0011377525221509222,-0.007615748313201749,-0.6379079626959749,0.7700741113853257,-0.052346375,-0.14893499,-0.5275059,0.7683669,-0.46405843,-0.07361385,-0.08638201,0.120750345,0.1265717,1.3178345,0.012927281,0.011619039,0.61599135,0.16581926,-1.6414679,-0.14514686,0.047462888,-1.5936049
0.21526702,-8.3049965,0.92823267,-0.0034857980299276585,-0.0049687365387106955,-0.6490657559712563,0.7607080946688849,-0.025771052,-0.12217188,-0.41367605,0.7872766,-0.48623392,-0.022169337,-0.074684806,0.104566604,0.01897137,1.4440212,-0.035913367,0.006635461,0.45433694,0.10199899,-1.6570759,-0.028011085,-0.060847964,-1.5977478
0.22142306,-8.404607,0.93106323,-0.005481256258913612,-0.0004917072094233568,-0.6664733617765194,0.7455085325441614,-0.005944986,-0.094893724,-0.28858048,0.8052715,-0.537823,-0.0023138225,-0.042906918,0.08094132,-0.13519327,1.5132635,-0.116713665,-0.00055489317,0.24646816,0.047494642,-1.6833502,0.11657038,-0.1792228,-1.6260931
0.22859897,-8.500117,0.92778647,-0.008819151750246973,0.003978421256985266,-0.6912581468142173,0.7225431261798025,0.0017964803,-0.07498628,-0.15170318,0.8027031,-0.5489499,-7.599592e-05,-0.01167063,0.061261106,-0.32444885,1.5145828,-0.22763628,-0.0066782758,0.048549436,0.009437389,-1.705333,0.29270968,-0.29721826,-1.671413
0.23515975,-8.595065,0.9235504,-0.014011983246162265,0.005745148805378733,-0.7086722566129756,0.7053752833051256,-0.00024755672,-0.069062054,-0.014369543,0.7896142,-0.49510208,0.0,-0.006706253,0.066191755,-0.50637585,1.4426708,-0.33818126,-0.0096353665,-0.10937266,-0.013289358,-1.7249627,0.48706225,-0.38879803,-1.7127368
0.23701267,-8.695223,0.9237746,-0.016866772694346416,0.007386415382822238,-0.7255655109910017,0.6879067103227269,-0.0058394857,-0.081024766,0.099912114,0.80449253,-0.38435176,0.0,-0.013709177,0.0937289,-0.6331829,1.2995476,-0.40861267,-0.0071075745,-0.21983665,-0.021778863,-1.7441791,0.664874,-0.4329469,-1.7297727
0.23536664,-8.799577,0.92778814,-0.017113881553905554,0.005092419841021748,-0.7368778871204269,0.6757900278868111,-0.002831664,-0.10140742,0.16885489,0.8691202,-0.25434607,0.0,0.0009926683,0.12494082,-0.69183105,1.1135434,-0.43309838,0.017088082,-0.28214332,-0.02474497,-1.7531941,0.7859136,-0.45005137,-1.7318977
0.23405854,-8.90462,0.92439127,-0.01630422482610338,0.0029625631529041434,-0.7360671754220053,0.6767056293091226,0.0032497682,-0.10585229,0.19011459,0.9856685,-0.16393685,0.0,0.033283316,0.13575092,-0.69057,0.9391765,-0.43958622,0.061391503,-0.29738584,-0.029656017,-1.7432626,0.845352,-0.46616572,-1.7412343
0.23461454,-9.008372,0.9217301,-0.016294117947666456,-4.245701976809462e-05,-0.7341410679044189,0.6788014380758693,0.013204467,-0.10439435,0.16659573,1.1402063,-0.13472055,0.0,0.049318574,0.13345736,-0.64205354,0.8225907,-0.42607984,0.08099629,-0.2667291,-0.03433026,-1.71336,0.84643334,-0.47623095,-1.7566483
0.2374106,-9.112735,0.9239862,-0.016763048696324615,-0.004281135762366765,-0.7267771399543212,0.6866554164315649,0.015965562,-0.09686513,0.102336966,1.2994838,-0.16058642,0.0,0.047234073,0.12317843,-0.5584006,0.7785199,-0.39693475,0.08030573,-0.19602019,-0.038211204,-1.6702839,0.78479743,-0.47154838,-1.7544297
0.23872459,-9.214745,0.9281116,-0.01567135729892177,-0.009095103160636466,-0.7143880300013005,0.6995151393999761,0.011457447,-0.07976398,-0.0023422681,1.4252589,-0.22314207,0.0,0.033969104,0.11192866,-0.45137566,0.79142404,-0.3865738,0.062159956,-0.0955423,-0.033689734,-1.6266165,0.6541509,-0.46321616,-1.7577933
0.23968929,-9.310762,0.93187994,-0.012422471150932257,-0.01116465241162405,-0.7080855121051159,0.7059291326286709,0.01398829,-0.06751107,-0.14725366,1.4977062,-0.3120822,0.0,0.01192571,0.10475987,-0.33220747,0.811973,-0.4226255,0.031318817,0.025556477,-0.0041373936,-1.5917501,0.45933026,-0.41689792,-1.7641158
0.24275827,-9.40381,0.9286212,-0.008708341740342069,-0.010868959137253631,-0.6932156431460685,0.7205956581946555,0.0072210915,-0.060147077,-0.32334206,1.5070149,-0.41276705,0.0,-0.0054567507,0.10202207,-0.2018718,0.81398493,-0.4645179,0.009750329,0.16006066,0.046293613,-1.5672972,0.2370674,-0.30712038,-1.7486153
0.24845393,-9.496369,0.9204472,-0.007221383409091112,-0.011908348141821762,-0.6756143367259136,0.7371236740714517,-0.010434724,-0.07119194,-0.49509656,1.4456378,-0.49328965,0.0,-0.021655265,0.103217304,-0.06527874,0.79890853,-0.45662814,0.00024650246,0.3026314,0.09841845,-1.5607251,0.040582716,-0.15309565,-1.7220252
0.25259227,-9.592854,0.91695946,-0.004298635929723023,-0.012652951538534392,-0.6640274003203834,0.7475888149044636,-0.027692009,-0.09591502,-0.6204835,1.3090466,-0.5281831,-0.00052678585,-0.032181427,0.107068725,0.060102873,0.7831628,-0.38325602,-0.0054389313,0.45191103,0.16659983,-1.578548,-0.10889295,-0.008297027,-1.7063909
0.255856,-9.6955595,0.9167911,-0.0009647529224663317,-0.01271800342375926,-0.6533942365099277,0.7569103601724054,-0.038820013,-0.12660788,-0.68983895,1.1158752,-0.5185198,-0.009017885,-0.04844015,0.11598416,0.15841193,0.8060173,-0.25527143,-0.00598355,0.5920983,0.22573899,-1.6181861,-0.21282528,0.08957217,-1.707875
0.26175562,-9.7989235,0.91279584,-0.001162816311311356,-0.010678335717092088,-0.6476447931173576,0.7618666831884134,-0.055626445,-0.15093209,-0.7101843,0.92861146,-0.50817144,-0.040644333,-0.06783481,0.12265503,0.21714848,0.8832694,-0.107941546,-0.005061563,0.6948011,0.26200515,-1.6660436,-0.27142492,0.13110045,-1.7154465
0.26995233,-9.897927,0.9106318,-0.0017563099365915965,-0.01014301773008454,-0.6476068904068769,0.7619050794319915,-0.07013703,-0.15951869,-0.6924774,0.7961968,-0.5173016,-0.08070555,-0.0808733,0.118932195,0.23220783,1.009492,0.006367225,-0.003872238,0.7400279,0.2577154,-1.6930832,-0.2805236,0.13857049,-1.7112576
0.27745783,-9.998342,0.9140481,-0.00445055907878857,-0.009802664592802561,-0.6521061216326627,0.7580512558000112,-0.06855687,-0.1558095,-0.6401142,0.73505586,-0.4990979,-0.08686231,-0.08412264,0.110921204,0.20577702,1.1691086,0.061857488,-0.00185325,0.7195806,0.2341354,-1.6884313,-0.23886266,0.12333385,-1.6907642
0.28290975,-10.103359,0.9205422,-0.008407328870656608,-0.007908804357312497,-0.6593510065214275,0.7517466447108884,-0.050944164,-0.1429531,-0.558684,0.74411327,-0.4665732,-0.053054407,-0.07952662,0.099981196,0.14109385,1.3355895,0.05874647,-0.0015008077,0.6330787,0.19828841,-1.6526158,-0.15411507,0.05922204,-1.6676466
0.28793785,-10.207087,0.9278211,-0.013660978517705905,-0.0076222330299940124,-0.6697039935061432,0.7424633595750695,-0.02682669,-0.1243961,-0.46019214,0.79815596,-0.48259646,-0.013709933,-0.067808785,0.08694899,0.03383972,1.4748632,0.012694543,-0.0033824816,0.48255083,0.14343446,-1.608763,-0.04196414,-0.0551577,-1.6600903
0.29363534,-10.305805,0.92953384,-0.015368914030523222,-0.004241219185270092,-0.6814025717744364,0.7317351595492244,-0.0053276904,-0.10374348,-0.34942117,0.8460041,-0.54452,-0.00084647536,-0.04398442,0.0730052,-0.11987577,1.5600646,-0.063425325,-0.005880054,0.2849585,0.08771823,-1.5817968,0.09008094,-0.18686847,-1.678583
0.2984401,-10.399795,0.9222088,-0.018083085823572,-0.0009380501435994096,-0.7014754869534355,0.7124635171519073,0.0016271956,-0.08700564,-0.22296882,0.8644927,-0.5889182,0.0,-0.013032591,0.058016725,-0.31047603,1.5794181,-0.1628543,-0.008594621,0.08694017,0.032838825,-1.5687345,0.24724075,-0.32224846,-1.7218142
0.30280718,-10.493273,0.9119969,-0.022762272736917857,-0.00014715606665322787,-0.7170532080680511,0.6966466493741705,0.004748743,-0.07939254,-0.08461471,0.85930383,-0.57453865,0.0,-0.0019140812,0.059373565,-0.50011253,1.5266991,-0.26787528,-0.0097194575,-0.084144704,-0.017175756,-1.5691334,0.4228361,-0.44451374,-1.7749896
0.30641708,-10.589001,0.905678,-0.02614992647664955,0.0007708108891797172,-0.7298735173188288,0.6830814270000908,0.003574919,-0.08289668,0.044371065,0.85304207,-0.49559703,0.0,-0.001696392,0.0769307,-0.6398079,1.3978959,-0.34992602,-0.0082816,-0.21553597,-0.044500437,-1.5856317,0.5997405,-0.5256294,-1.8139148
0.30686343,-10.688834,0.9066158,-0.027540357124492657,-3.3738877057158e-05,-0.7400885007296624,0.6719453390558373,0.004799824,-0.09963073,0.13774006,0.88529253,-0.3750837,0.0,0.0027370863,0.10312148,-0.7139371,1.2119694,-0.39048782,0.007846292,-0.30148226,-0.05097346,-1.6054214,0.7425344,-0.5640256,-1.8259763
0.3080392,-10.791478,0.9063241,-0.027088437067620253,-0.0019174566172878626,-0.7381453924189193,0.6740948891573604,0.01001944,-0.10824178,0.18400578,0.97146195,-0.26561007,0.0,0.02405351,0.11197138,-0.7266165,1.0297517,-0.4061898,0.045322157,-0.34042475,-0.054086663,-1.6130457,0.8313066,-0.57630605,-1.8256922
0.30845588,-10.891722,0.9036876,-0.024866693192742508,-0.0034512087962596054,-0.7318625243615461,0.6809897078243164,0.019087952,-0.104976654,0.18192297,1.1044494,-0.20675588,0.0,0.04324063,0.10677417,-0.68555266,0.897925,-0.4050578,0.07726628,-0.33134317,-0.05717916,-1.6028521,0.86112064,-0.5785842,-1.8289952
0.30753478,-10.994852,0.908477,-0.02430075439801837,-0.005868917175386505,-0.7227575207319872,0.6906494011958794,0.026203562,-0.09529905,0.13255097,1.2597445,-0.2050888,0.0,0.049489737,0.09676285,-0.6013982,0.8348607,-0.3798624,0.08547533,-0.27633408,-0.057853512,-1.5801742,0.8285899,-0.58182794,-1.8290347
0.30684155,-11.0987,0.91899043,-0.02443755780920123,-0.010155877570784672,-0.7085970861133806,0.7051168934798793,0.023641173,-0.08118474,0.038852926,1.398465,-0.25150675,0.0,0.045980766,0.08742992,-0.4890605,0.8311196,-0.3699929,0.08083773,-0.18467379,-0.05449457,-1.5587256,0.7291402,-0.5782945,-1.828718
0.30615076,-11.196614,0.9292841,-0.02205576200115824,-0.013027482346455515,-0.6924400857111921,0.721020496079368,0.016941216,-0.070030324,-0.09867922,1.4915298,-0.333518,0.0,0.033799283,0.082359985,-0.36300558,0.846894,-0.40883985,0.06577905,-0.068607934,-0.0397904,-1.551701,0.5596775,-0.5451731,-1.8278248
0.30883744,-11.28898,0.9289542,-0.017980880551235565,-0.014879656931003975,-0.6780463924043825,0.7346484693318431,0.018220816,-0.06996271,-0.2748976,1.5250093,-0.42822504,0.0,0.015452921,0.08243384,-0.2288422,0.84531426,-0.46757725,0.032676935,0.065037556,-0.0024194543,-1.5622046,0.3386491,-0.45289028,-1.8125424
0.31366062,-11.3789835,0.9187306,-0.015401510130852785,-0.01719271383247936,-0.655557360076583,0.7547925223040997,0.0072050355,-0.08370817,-0.462098,1.4904779,-0.50611776,0.0,-0.0044462774,0.09067617,-0.08699952,0.82670987,-0.4806373,0.008485083,0.21427336,0.05778211,-1.5840158,0.12150732,-0.30003345,-1.7813826
0.31864163,-11.471386,0.90952396,-0.014100007758491184,-0.0204848820495482,-0.6362932254261213,0.7710463609053931,-0.019166302,-0.115540266,-0.6098008,1.3810158,-0.541913,-0.0013477802,-0.022626627,0.102589615,0.0479829,0.8036591,-0.4268508,4.8987567e-05,0.38024846,0.13931249,-1.6169221,-0.06030926,-0.12287204,-1.754989
0.32555717,-11.571647,0.90452623,-0.010699445037931226,-0.022289323381220128,-0.623543824090637,0.7813973428272664,-0.043178402,-0.15425098,-0.70160824,1.2036386,-0.53661186,-0.021993548,-0.038548112,0.1142586,0.16032903,0.81152886,-0.31385338,0.0003737472,0.556235,0.22858493,-1.6571741,-0.19805254,0.023425872,-1.7480712
0.33489397,-11.674571,0.89940643,-0.009108970080738944,-0.02239041031135889,-0.6146833690198107,0.788403483021614,-0.06591572,-0.18838754,-0.7414584,1.0049219,-0.5309716,-0.08807172,-0.05744689,0.12667373,0.2343014,0.8722376,-0.16314447,0.001524359,0.70657736,0.28699368,-1.6986026,-0.2934244,0.10897711,-1.7584251
0.3455476,-11.773395,0.8920447,-0.010270610279683469,-0.022709830020141028,-0.6073886944786511,0.7940136976176538,-0.08210628,-0.20854823,-0.73973125,0.8482921,-0.54545665,-0.16442469,-0.076052085,0.13617575,0.2662132,0.9872225,-0.01692686,0.009069789,0.80311,0.29522908,-1.7270834,-0.3426902,0.13619374,-1.7715178
0.35570338,-11.873547,0.8906197,-0.011445324757599294,-0.024178443210126317,-0.6071054800411521,0.7941708528579541,-0.092252254,-0.21030279,-0.7038403,0.7610653,-0.53843606,-0.21368879,-0.08598306,0.13841677,0.2595296,1.1425533,0.07395211,0.03304027,0.8364769,0.2758601,-1.7282882,-0.34062254,0.13865422,-1.7719898
0.3638918,-11.976272,0.8950907,-0.014987602468015032,-0.025750361036124145,-0.6128969655254741,0.7896009120615527,-0.09048732,-0.19539778,-0.63895833,0.74652034,-0.49359062,-0.20699963,-0.08689558,0.12768799,0.21854402,1.3085427,0.08990711,0.038775235,0.80613786,0.2611787,-1.6963905,-0.28875506,0.119765796,-1.7576927
0.3715511,-12.079677,0.90387464,-0.020949252055804352,-0.025775946113639533,-0.622632584288945,0.7818090524046898,-0.07116797,-0.17189175,-0.5545531,0.7961082,-0.45848525,-0.14538275,-0.080611795,0.10505696,0.14026448,1.4567189,0.04161026,0.017454714,0.7128416,0.24173158,-1.6453555,-0.19655497,0.04781102,-1.7370641
0.37690035,-12.178472,0.9128656,-0.027594724967823198,-0.02659358686413952,-0.6343926394671758,0.7720604194501357,-0.04886245,-0.14435092,-0.45974243,0.8729494,-0.481724,-0.06742692,-0.06586722,0.07993996,0.018977916,1.5645564,-0.04151448,0.002107039,0.55780846,0.19274344,-1.6189353,-0.0770705,-0.06716017,-1.7206863
0.38237068,-12.270342,0.9160129,-0.03024084506650449,-0.024403482758886118,-0.6463306286384123,0.7620673722203144,-0.027523018,-0.1163086,-0.35258248,0.92545617,-0.55363965,-0.015122637,-0.04404071,0.058468364,-0.14551315,1.6144423,-0.15233108,-0.0047109686,0.35678896,0.12925096,-1.6262254,0.061181337,-0.18484059,-1.71699
0.38743156,-12.357441,0.912826,-0.03378591433683271,-0.022245560358715586,-0.6676718951184802,0.7433558283256061,-0.009224553,-0.09266656,-0.23022453,0.94314706,-0.6071525,-0.00089266896,-0.019893575,0.043538462,-0.33753031,1.5974506,-0.27795058,-0.011493478,0.15900473,0.06020226,-1.6535549,0.21519774,-0.28929996,-1.7289262
0.3909162,-12.443893,0.90884674,-0.03674069494879345,-0.020922153089074202,-0.6885995079133556,0.7239082141724057,0.007351134,-0.07965697,-0.09922707,0.93706423,-0.59979284,0.0,-0.0072409343,0.049210325,-0.51047814,1.5085146,-0.3835332,-0.016577091,-0.011432025,0.008305014,-1.6960204,0.38672388,-0.3861929,-1.751026
0.39454684,-12.533879,0.9114428,-0.037921266744003146,-0.019132110910408586,-0.7041922131787346,0.7087377983140716,0.009751152,-0.07834469,0.020989694,0.9315299,-0.5270514,0.0,-0.007829594,0.067394294,-0.6280025,1.3476785,-0.4390912,-0.01791745,-0.1475957,-0.013479889,-1.7568187,0.56304914,-0.45071822,-1.7684538
0.39914083,-12.627655,0.91470224,-0.03779396644025489,-0.01972030239542621,-0.7189012107130894,0.6938038447640659,0.014293652,-0.09213935,0.1122816,0.96667415,-0.41439146,0.0,-0.0075979484,0.087765455,-0.68679076,1.1443167,-0.44532013,0.002016876,-0.24728915,-0.012216741,-1.8243085,0.70798874,-0.46823555,-1.7745632
0.402588,-12.723739,0.9103867,-0.036858517613557386,-0.022138475534472186,-0.7223755612252578,0.6901629417208914,0.021968212,-0.101695135,0.16736819,1.0515325,-0.3207401,0.0,0.016829044,0.10290964,-0.6971994,0.96272194,-0.43346527,0.048213784,-0.30809864,-0.0056566517,-1.8784648,0.8037726,-0.46454558,-1.7747856
0.40326267,-12.819105,0.90719247,-0.03714548532924101,-0.025879487811777232,-0.7259449587279259,0.6862611616052342,0.035119418,-0.10567972,0.18721436,1.1754699,-0.2743398,0.0,0.037109576,0.113347605,-0.67392224,0.83937037,-0.4199582,0.07602546,-0.32633772,-0.0010249185,-1.9042228,0.8451878,-0.47091407,-1.7776636
0.40438572,-12.914493,0.9065419,-0.039156326795284496,-0.030234803136081116,-0.7239749347677196,0.6880500945274985,0.043549698,-0.100463435,0.17378847,1.3224769,-0.27321336,0.0,0.039206162,0.11318992,-0.62499297,0.7873201,-0.38378707,0.07583848,-0.3032755,-0.0017387358,-1.8959575,0.8331417,-0.47758448,-1.7614104
0.4074185,-13.00979,0.9052885,-0.04147720366324672,-0.03522053261803068,-0.7166404967388431,0.6953168731537328,0.040042426,-0.08717323,0.12818766,1.4654884,-0.30067953,0.0,0.031214422,0.10447472,-0.5572081,0.8055677,-0.33152083,0.06287306,-0.24506618,-0.007925908,-1.8574616,0.7687632,-0.47682336,-1.731184
0.4092159,-13.099547,0.91020215,-0.042089000897863764,-0.04051603518037571,-0.7098572734360505,0.7019185267868475,0.032442156,-0.0728562,0.046340566,1.5738815,-0.34720623,0.0,0.01950223,0.09734893,-0.47651044,0.8684872,-0.3183442,0.043307997,-0.16096042,-0.015526427,-1.8011475,0.64611953,-0.47261512,-1.7185128
0.41061717,-13.183037,0.91646934,-0.041844433856601755,-0.04427452168374196,-0.7048707606567826,0.7067149502140344,0.027096462,-0.062392768,-0.07338506,1.6317468,-0.40841883,0.0,0.008611035,0.089924246,-0.38460156,0.9254153,-0.36703086,0.024994278,-0.06340607,-0.018413328,-1.7464706,0.47090596,-0.4415188,-1.7127186
0.41506785,-13.260034,0.91753733,-0.040988627012785564,-0.046710149162385625,-0.699829263444388,0.7116017822122988,0.024584908,-0.053096376,-0.22144595,1.6312312,-0.46935424,0.0,0.001323578,0.08243816,-0.27899092,0.9551774,-0.43877724,0.0065133795,0.038173124,-0.01121315,-1.71004,0.28092,-0.36348546,-1.7028028
0.42126346,-13.33421,0.9127956,-0.040937749113331146,-0.04963979997509638,-0.6873332969656848,0.7234866480027452,0.016045097,-0.051863916,-0.36906976,1.5656167,-0.5148531,0.0,-0.003632453,0.07913806,-0.16199054,0.96079564,-0.47838917,-0.005862061,0.1432852,0.010162663,-1.6940771,0.122320324,-0.26059765,-1.7042478
0.4274393,-13.409998,0.90945834,-0.04179139465858074,-0.05145006533713572,-0.6747249372128429,0.7350868174660872,-0.005246673,-0.06155505,-0.482412,1.4316757,-0.5333416,-0.00076699257,-0.014639177,0.08064537,-0.04758725,0.9528495,-0.46700898,-0.012390528,0.2531056,0.042803332,-1.6883835,0.0054943976,-0.18450743,-1.7335534
0.43299738,-13.488398,0.90836644,-0.042967414448229,-0.05398380762598603,-0.6615480643478818,0.7467219752808977,-0.022494964,-0.07372823,-0.55847824,1.2434297,-0.52405477,-0.013004988,-0.034871954,0.08341804,0.05552256,0.96441257,-0.41101637,-0.015616473,0.36124155,0.09019952,-1.6908003,-0.07912769,-0.17676167,-1.7920593
0.44084933,-13.571092,0.9030352,-0.04496464419697767,-0.053961446683067724,-0.6501946394494995,0.7565138953616417,-0.03505108,-0.09017543,-0.5979393,1.0440078,-0.5207036,-0.058574826,-0.05603002,0.085617475,0.13709421,1.0108867,-0.3305489,-0.01468258,0.4647035,0.17389108,-1.7079116,-0.14586812,-0.24601337,-1.8700486
0.45051602,-13.655379,0.8978776,-0.0479002696543185,-0.05540276095887657,-0.6446851243535036,0.7609317897699405,-0.04858621,-0.10697433,-0.6159282,0.8800253,-0.52975804,-0.13299866,-0.0714239,0.083762705,0.19692583,1.0873474,-0.2506491,-0.008788705,0.5615983,0.28256524,-1.7309904,-0.19841677,-0.3596633,-1.9500932
0.46103495,-13.736173,0.8952883,-0.051352648511477125,-0.05796517575982643,-0.6428121196138086,0.7620994179026721,-0.065357275,-0.117422104,-0.61891043,0.78016865,-0.5095503,-0.20745839,-0.078447506,0.073739365,0.23569757,1.1824006,-0.19618215,-0.0037104934,0.64035475,0.3705797,-1.725262,-0.23235579,-0.4452611,-2.0140126
0.4708979,-13.813525,0.8915411,-0.05484630581794431,-0.06199608364094945,-0.6444339484569316,0.7601665964954774,-0.076561764,-0.11895624,-0.6024058,0.7523282,-0.44079807,-0.23298135,-0.0807117,0.06055355,0.2526019,1.2894021,-0.17674612,-0.0034617633,0.67479634,0.41170728,-1.6814862,-0.23984984,-0.47958848,-2.0506794
0.4777794,-13.890617,0.88954616,-0.05973445269673028,-0.06415631219331111,-0.6452690142765405,0.7589095216040963,-0.06926194,-0.115558386,-0.5680804,0.7941703,-0.3659473,-0.19644085,-0.07754783,0.046202026,0.24202679,1.3972096,-0.17953548,-0.0077323504,0.65846676,0.42334095,-1.5996029,-0.214489,-0.4821368,-2.0548291
0.48099884,-13.963685,0.8925476,-0.06623834770799643,-0.06936391912042146,-0.649299944553105,0.7544605423880728,-0.06432277,-0.1087203,-0.52288204,0.88920903,-0.34626395,-0.12727627,-0.06706132,0.03202517,0.19639403,1.4892944,-0.20023066,-0.014802095,0.5944515,0.4216202,-1.4917387,-0.15779166,-0.45975852,-2.0249043
0.48280278,-14.026924,0.8946265,-0.07300179515302996,-0.07484516048930186,-0.6538822757883266,0.7493376470361305,-0.06391025,-0.09806661,-0.46516216,0.99275887,-0.3927933,-0.060455367,-0.052124448,0.02386333,0.114599526,1.5506408,-0.24766353,-0.019553553,0.5018459,0.40366668,-1.399688,-0.08576695,-0.41621113,-1.9694462
0.4848027,-14.081304,0.8844686,-0.08002138588300277,-0.07839216533724466,-0.6670464013556405,0.7365462270988776,-0.058814064,-0.08381865,-0.40195405,1.0692471,-0.46882802,-0.014306724,-0.034067594,0.02010957,0.019138549,1.5718503,-0.31470338,-0.021473918,0.41071346,0.37911493,-1.3535812,-0.021643018,-0.39508718,-1.9104084
0.48589957,-14.117754,0.87539303,-0.08529521143840058,-0.08195618123070536,-0.6755166511834858,0.727794727404374,-0.055526383,-0.07425619,-0.35437512,1.1127402,-0.52008086,-0.00086322427,-0.022287622,0.019987639,-0.044716377,1.5618243,-0.36646572,-0.021017354,0.34497744,0.363064,-1.3475884,0.017145164,-0.39561144,-1.8721951
